timestamp_sec,id_1,id_2,id_3,id_4,id_5,id_6
0.0001,8,1749,3102,1644,1906,1980
0.0203,8,1749,3102,1644,1906,1980
0.0404,8,1749,3102,1644,1906,1980
0.0605,8,1749,3102,1644,1906,1980
0.0809,8,1749,3102,1644,1906,1980
0.1014,8,1749,3102,1644,1906,1980
0.1216,8,1749,3102,1644,1906,1980
0.1416,8,1749,3102,1644,1906,1980
0.1623,8,1749,3102,1644,1906,1980
0.1829,8,1749,3102,1644,1906,1980
0.2032,8,1749,3102,1644,1906,1980
0.2235,8,1749,3102,1644,1906,1980
0.2437,8,1749,3102,1644,1906,1980
0.2642,8,1749,3102,1644,1906,1980
0.2847,8,1749,3102,1644,1906,1980
0.3053,8,1749,3102,1644,1906,1980
0.3254,8,1749,3102,1644,1906,1980
0.3463,8,1749,3102,1644,1906,1980
0.3664,8,1749,3102,1644,1906,1980
0.3866,8,1749,3102,1644,1906,1980
0.4069,8,1749,3102,1644,1906,1980
0.4271,8,1749,3102,1644,1906,1980
0.4479,8,1749,3102,1644,1906,1980
0.4679,8,1749,3102,1644,1906,1980
0.4883,8,1749,3102,1644,1906,1980
0.5086,8,1749,3102,1644,1906,1980
0.5291,8,1749,3102,1644,1906,1980
0.5498,8,1749,3102,1644,1906,1980
0.5703,8,1749,3102,1644,1906,1980
0.5904,8,1749,3102,1644,1906,1980
0.6109,8,1749,3102,1644,1906,1980
0.6317,8,1749,3102,1644,1906,1980
0.6521,8,1749,3102,1644,1906,1980
0.6727,8,1749,3102,1644,1906,1980
0.6932,8,1749,3102,1644,1906,1980
0.7135,8,1749,3102,1644,1906,1980
0.7341,8,1749,3102,1644,1906,1980
0.7544,8,1749,3102,1644,1906,1980
0.7747,8,1749,3102,1644,1906,1980
0.7948,8,1749,3102,1644,1906,1980
0.8157,8,1749,3102,1644,1906,1980
0.8358,8,1749,3102,1644,1906,1980
0.8563,8,1749,3102,1644,1906,1980
0.8767,8,1749,3102,1644,1906,1980
0.8970,8,1749,3102,1644,1906,1980
0.9174,8,1749,3102,1644,1906,1980
0.9375,8,1749,3102,1644,1906,1980
0.9579,8,1749,3102,1644,1906,1980
0.9784,8,1749,3102,1644,1906,1980
0.9988,8,1749,3102,1644,1906,1980
1.0193,8,1749,3102,1644,1906,1980
1.0398,8,1749,3102,1644,1906,1980
1.0600,8,1749,3102,1644,1906,1980
1.0803,8,1749,3102,1644,1906,1980
1.1006,8,1749,3102,1644,1906,1980
1.1207,8,1749,3102,1644,1906,1980
1.1407,8,1749,3102,1644,1906,1980
1.1612,8,1749,3102,1644,1906,1980
1.1816,8,1749,3102,1644,1906,1980
1.2021,8,1749,3102,1644,1905,1980
1.2226,8,1749,3102,1644,1905,1980
1.2427,8,1749,3102,1645,1901,1980
1.2633,7,1749,3102,1645,1902,1980
1.2834,6,1750,3103,1645,1901,1980
1.3037,5,1750,3103,1653,1898,1980
1.3245,5,1750,3103,1662,1897,1980
1.3454,5,1750,3103,1669,1898,1980
1.3658,6,1750,3103,1678,1899,1980
1.3863,9,1750,3103,1691,1897,1980
1.4069,13,1750,3103,1705,1893,1980
1.4274,17,1750,3103,1717,1895,1980
1.4477,17,1750,3103,1731,1901,1980
1.4680,13,1750,3103,1745,1907,1980
1.4882,10,1750,3103,1760,1909,1979
1.5083,9,1750,3103,1776,1913,1979
1.5287,7,1750,3103,1790,1923,1979
1.5491,1,1751,3103,1804,1933,1979
1.5697,4090,1752,3103,1821,1940,1979
1.5900,4086,1752,3103,1834,1944,1979
1.6103,4083,1755,3102,1849,1949,1979
1.6303,4083,1759,3101,1863,1954,1979
1.6506,4082,1761,3099,1878,1958,1979
1.6711,4081,1762,3097,1895,1961,1979
1.6912,4081,1763,3095,1910,1964,1979
1.7120,4080,1765,3093,1926,1968,1979
1.7328,4079,1769,3088,1940,1972,1979
1.7530,4079,1775,3082,1953,1976,1979
1.7736,4078,1781,3074,1969,1979,1979
1.7943,4077,1787,3064,1984,1985,1979
1.8146,4075,1794,3054,1999,1990,1979
1.8349,4075,1803,3044,2012,1993,1979
1.8549,4075,1811,3033,2026,1996,1979
1.8750,4075,1820,3019,2038,2000,1979
1.8954,4074,1829,3006,2051,2004,1979
1.9159,4072,1839,2993,2062,2007,1979
1.9361,4072,1849,2981,2072,2010,1978
1.9562,4071,1859,2968,2085,2013,1978
1.9764,4070,1870,2955,2098,2016,1978
1.9973,4069,1880,2943,2111,2019,1978
2.0175,4066,1891,2933,2125,2022,1978
2.0379,4065,1903,2921,2140,2023,1978
2.0580,4065,1913,2908,2155,2023,1978
2.0788,4064,1924,2894,2168,2022,1978
2.0990,4064,1937,2883,2179,2021,1978
2.1192,4064,1951,2870,2192,2021,1978
2.1395,4064,1965,2855,2206,2019,1978
2.1599,4065,1981,2840,2221,2015,1978
2.1804,4066,1994,2825,2235,2013,1978
2.2008,4068,2009,2812,2248,2012,1977
2.2210,4069,2025,2799,2258,2009,1977
2.2411,4070,2042,2785,2267,2003,1977
2.2617,4071,2060,2773,2274,1997,1977
2.2821,4072,2076,2759,2284,1994,1977
2.3022,4073,2090,2746,2297,1994,1977
2.3225,4073,2104,2732,2313,1993,1977
2.3429,4073,2121,2717,2328,1992,1977
2.3634,4073,2138,2701,2341,1990,1977
2.3843,4073,2153,2684,2359,1989,1977
2.4044,4074,2165,2666,2379,1989,1977
2.4249,4074,2178,2650,2399,1992,1977
2.4450,4074,2191,2636,2417,1994,1977
2.4655,4074,2205,2616,2436,1994,1977
2.4862,4075,2218,2600,2453,1997,1977
2.5063,4076,2230,2585,2470,2000,1977
2.5264,4076,2242,2572,2489,2004,1977
2.5468,4076,2254,2556,2509,2009,1977
2.5672,4076,2267,2537,2527,2014,1977
2.5875,4076,2279,2521,2544,2018,1977
2.6076,4076,2290,2503,2565,2021,1977
2.6280,4076,2301,2486,2587,2025,1977
2.6485,4076,2311,2469,2608,2027,1977
2.6689,4077,2321,2454,2625,2030,1977
2.6894,4078,2331,2438,2642,2033,1977
2.7098,4079,2341,2422,2660,2035,1977
2.7301,4079,2352,2405,2678,2037,1977
2.7504,4081,2362,2389,2694,2037,1977
2.7705,4082,2374,2373,2710,2038,1977
2.7909,4085,2384,2351,2729,2040,1977
2.8110,4089,2394,2332,2748,2040,1977
2.8315,4092,2404,2311,2771,2041,1977
2.8519,4094,2413,2292,2795,2044,1977
2.8723,4095,2422,2273,2820,2048,1977
2.8929,4095,2432,2254,2843,2053,1977
2.9133,4095,2442,2234,2863,2058,1977
2.9338,4095,2453,2216,2882,2065,1977
2.9542,4087,2466,2206,2902,2075,1977
2.9743,4075,2479,2189,2925,2083,1977
2.9945,4073,2491,2167,2952,2090,1977
3.0150,4071,2502,2144,2981,2095,1977
3.0355,4070,2513,2124,3008,2103,1977
3.0559,4069,2522,2106,3030,2109,1977
3.0764,4069,2531,2092,3050,2112,1977
3.0970,4070,2537,2082,3066,2116,1977
3.1172,4071,2543,2073,3082,2121,1977
3.1374,4072,2550,2063,3098,2125,1977
3.1579,4072,2556,2051,3118,2130,1977
3.1782,4072,2563,2042,3136,2135,1977
3.1983,4073,2569,2034,3152,2140,1977
3.2187,4073,2575,2027,3167,2146,1977
3.2392,4074,2581,2018,3181,2153,1977
3.2596,4074,2588,2010,3197,2158,1977
3.2796,4074,2595,2000,3216,2163,1977
3.3000,4073,2604,1986,3242,2170,1977
3.3203,4071,2611,1972,3266,2176,1977
3.3412,4071,2620,1957,3293,2185,1977
3.3615,4070,2628,1941,3317,2193,1977
3.3823,4068,2636,1925,3340,2199,1977
3.4025,4066,2645,1911,3360,2204,1977
3.4229,4064,2653,1898,3380,2211,1977
3.4431,4062,2661,1885,3398,2221,1977
3.4637,4059,2668,1874,3416,2231,1977
3.4844,4057,2675,1863,3433,2238,1976
3.5048,4054,2683,1852,3452,2244,1976
3.5253,4051,2691,1842,3469,2248,1976
3.5460,4049,2697,1833,3484,2250,1976
3.5661,4047,2704,1827,3495,2249,1976
3.5867,4044,2711,1824,3502,2247,1976
3.6072,4041,2718,1824,3503,2246,1976
3.6276,4036,2725,1822,3507,2245,1976
3.6485,4033,2733,1817,3512,2245,1976
3.6694,4030,2742,1811,3518,2244,1976
3.6899,4027,2751,1807,3525,2238,1976
3.7104,4025,2759,1803,3532,2231,1976
3.7312,4023,2767,1799,3542,2226,1976
3.7514,4021,2775,1796,3551,2222,1976
3.7716,4019,2782,1792,3559,2219,1976
3.7917,4017,2788,1790,3566,2218,1976
3.8118,4016,2794,1790,3571,2217,1976
3.8322,4016,2799,1793,3575,2213,1976
3.8525,4016,2804,1796,3575,2212,1976
3.8731,4016,2807,1799,3576,2212,1976
3.8932,4016,2812,1800,3576,2213,1976
3.9135,4017,2816,1801,3576,2213,1976
3.9338,4018,2819,1803,3575,2209,1976
3.9543,4019,2823,1806,3574,2205,1976
3.9747,4020,2827,1809,3571,2204,1976
3.9951,4021,2831,1810,3569,2204,1977
4.0154,4021,2836,1811,3567,2204,1977
4.0361,4022,2841,1813,3564,2202,1977
4.0566,4022,2846,1814,3561,2201,1977
4.0770,4022,2850,1815,3559,2201,1977
4.0972,4022,2854,1815,3558,2201,1977
4.1176,4022,2858,1815,3558,2198,1977
4.1377,4022,2861,1815,3559,2196,1977
4.1586,4021,2864,1815,3560,2193,1977
4.1787,4021,2867,1815,3560,2189,1977
4.1990,4020,2869,1816,3561,2183,1978
4.2194,4020,2870,1817,3561,2180,1978
4.2397,4019,2872,1817,3561,2178,1978
4.2598,4019,2873,1817,3561,2176,1978
4.2801,4019,2875,1817,3561,2174,1978
4.3003,4018,2876,1817,3562,2170,1978
4.3204,4018,2876,1817,3563,2166,1978
4.3406,4017,2877,1817,3563,2163,1978
4.3610,4017,2879,1815,3564,2162,1978
4.3816,4017,2881,1812,3565,2163,1978
4.4019,4017,2883,1810,3568,2164,1978
4.4222,4017,2885,1809,3569,2165,1978
4.4424,4017,2888,1807,3570,2162,1978
4.4626,4017,2889,1806,3573,2156,1978
4.4827,4017,2892,1805,3574,2149,1978
4.5028,4017,2894,1805,3574,2139,1978
4.5232,4017,2896,1804,3573,2127,1978
4.5435,4017,2898,1805,3570,2119,1978
4.5637,4018,2900,1808,3568,2113,1978
4.5840,4018,2902,1809,3565,2109,1978
4.6042,4018,2904,1810,3561,2106,1978
4.6243,4019,2906,1812,3556,2104,1978
4.6444,4019,2908,1814,3553,2102,1978
4.6648,4019,2910,1815,3549,2101,1978
4.6853,4020,2912,1816,3544,2104,1978
4.7054,4020,2914,1817,3537,2106,1978
4.7261,4021,2915,1822,3530,2105,1978
4.7469,4021,2915,1827,3523,2101,1978
4.7673,4022,2915,1832,3514,2101,1979
4.7879,4024,2913,1841,3503,2102,1979
4.8082,4025,2910,1852,3492,2096,1980
4.8287,4025,2906,1864,3482,2089,1982
4.8492,4025,2903,1874,3473,2087,1982
4.8696,4025,2901,1879,3466,2088,1982
4.8900,4026,2900,1880,3461,2089,1982
4.9103,4027,2900,1880,3457,2088,1986
4.9306,4028,2901,1880,3455,2085,1990
4.9509,4029,2903,1880,3455,2082,1991
4.9713,4030,2905,1880,3454,2077,1992
4.9925,4030,2907,1880,3450,2072,1996
5.0130,4030,2909,1880,3446,2067,2001
5.0333,4030,2912,1880,3440,2064,2007
5.0537,4029,2916,1880,3434,2061,2013
5.0738,4029,2919,1880,3428,2058,2014
5.0940,4028,2923,1881,3423,2055,2016
5.1143,4028,2926,1883,3418,2052,2018
5.1349,4027,2929,1886,3413,2048,2020
5.1554,4027,2932,1890,3407,2044,2022
5.1757,4027,2932,1900,3400,2043,2025
5.1966,4025,2933,1908,3392,2040,2027
5.2170,4022,2934,1919,3385,2036,2027
5.2377,4020,2934,1928,3377,2031,2028
5.2582,4018,2934,1940,3369,2022,2030
5.2786,4015,2934,1951,3362,2013,2030
5.2993,4012,2934,1961,3356,2005,2028
5.3198,4008,2933,1971,3351,1998,2027
5.3402,4006,2932,1980,3344,1993,2026
5.3604,4002,2932,1990,3336,1991,2024
5.3807,3999,2931,1999,3329,1989,2023
5.4009,3996,2931,2005,3323,1984,2023
5.4215,3993,2932,2010,3317,1978,2023
5.4417,3990,2934,2016,3309,1973,2024
5.4621,3987,2936,2022,3300,1967,2025
5.4826,3985,2938,2028,3291,1961,2027
5.5033,3983,2942,2033,3281,1959,2030
5.5238,3981,2945,2036,3269,1956,2035
5.5449,3979,2949,2040,3257,1953,2038
5.5649,3978,2952,2043,3247,1951,2044
5.5855,3976,2954,2045,3240,1950,2049
5.6061,3974,2956,2047,3234,1949,2055
5.6265,3973,2958,2048,3229,1946,2060
5.6477,3971,2959,2050,3225,1943,2066
5.6681,3971,2959,2054,3222,1938,2075
5.6883,3970,2959,2057,3217,1935,2081
5.7092,3970,2959,2063,3213,1933,2087
5.7295,3970,2958,2068,3210,1933,2090
5.7499,3970,2957,2073,3207,1933,2095
5.7705,3970,2956,2077,3204,1933,2101
5.7907,3970,2954,2083,3201,1932,2105
5.8119,3971,2952,2089,3199,1930,2109
5.8321,3972,2950,2095,3197,1929,2112
5.8524,3973,2947,2101,3195,1929,2113
5.8726,3974,2944,2107,3193,1929,2114
5.8929,3975,2940,2113,3193,1929,2114
5.9133,3976,2936,2119,3191,1929,2114
5.9339,3978,2932,2125,3190,1929,2112
5.9543,3979,2928,2130,3189,1930,2110
5.9747,3982,2923,2135,3188,1931,2108
5.9948,3984,2918,2141,3187,1932,2107
6.0150,3986,2912,2147,3187,1931,2107
6.0355,3989,2906,2152,3187,1931,2107
6.0563,3992,2900,2157,3187,1931,2106
6.0764,3995,2894,2161,3187,1933,2104
6.0969,3998,2888,2166,3186,1935,2103
6.1172,4000,2882,2168,3186,1936,2102
6.1377,4002,2876,2171,3186,1936,2102
6.1578,4004,2870,2172,3186,1938,2102
6.1783,4006,2865,2173,3186,1941,2102
6.1987,4007,2861,2175,3186,1943,2102
6.2188,4007,2857,2176,3186,1943,2103
6.2390,4008,2853,2178,3186,1942,2106
6.2595,4010,2849,2180,3186,1940,2106
6.2798,4011,2847,2182,3186,1939,2106
6.3003,4012,2843,2184,3186,1939,2105
6.3208,4013,2841,2185,3186,1939,2106
6.3410,4014,2838,2187,3186,1939,2109
6.3612,4016,2836,2189,3186,1938,2111
6.3817,4016,2832,2191,3184,1938,2111
6.4019,4017,2830,2192,3183,1938,2112
6.4232,4018,2828,2193,3182,1938,2113
6.4435,4019,2826,2195,3181,1938,2117
6.4641,4019,2825,2196,3178,1938,2123
6.4844,4020,2824,2197,3176,1937,2129
6.5046,4021,2823,2198,3175,1937,2132
6.5247,4021,2823,2199,3175,1936,2136
6.5450,4022,2823,2199,3174,1935,2142
6.5653,4022,2823,2199,3174,1935,2149
6.5857,4023,2824,2199,3172,1935,2160
6.6067,4023,2825,2199,3172,1935,2171
6.6270,4023,2827,2199,3171,1932,2177
6.6476,4024,2829,2199,3170,1931,2185
6.6681,4024,2831,2199,3168,1931,2201
6.6884,4025,2833,2199,3166,1934,2214
6.7086,4026,2836,2198,3165,1935,2225
6.7290,4026,2839,2197,3165,1936,2236
6.7499,4026,2841,2196,3164,1937,2246
6.7703,4026,2844,2196,3162,1938,2263
6.7909,4026,2846,2196,3160,1936,2276
6.8112,4026,2848,2197,3157,1935,2287
6.8312,4027,2850,2198,3154,1935,2298
6.8515,4027,2853,2198,3151,1935,2308
6.8722,4027,2857,2198,3150,1936,2320
6.8926,4027,2860,2198,3148,1936,2328
6.9128,4027,2863,2198,3146,1935,2332
6.9330,4027,2867,2198,3144,1935,2337
6.9540,4026,2870,2197,3142,1936,2344
6.9743,4026,2874,2195,3141,1938,2352
6.9948,4026,2878,2193,3140,1939,2359
7.0151,4025,2882,2192,3138,1940,2363
7.0353,4025,2887,2190,3136,1942,2368
7.0559,4024,2892,2188,3133,1944,2377
7.0763,4024,2896,2186,3131,1944,2385
7.0966,4024,2900,2186,3128,1945,2389
7.1171,4023,2904,2185,3125,1945,2389
7.1374,4023,2909,2184,3121,1945,2388
7.1577,4023,2914,2183,3117,1947,2387
7.1788,4023,2918,2183,3111,1949,2386
7.1988,4023,2923,2182,3107,1951,2385
7.2191,4023,2928,2180,3104,1953,2384
7.2400,4023,2932,2178,3103,1955,2382
7.2605,4023,2938,2175,3102,1957,2380
7.2808,4023,2943,2171,3101,1958,2380
7.3011,4023,2947,2168,3100,1960,2379
7.3214,4024,2951,2165,3098,1961,2379
7.3419,4024,2955,2163,3097,1962,2378
7.3621,4024,2958,2161,3095,1963,2376
7.3824,4025,2960,2160,3094,1963,2375
7.4029,4025,2962,2158,3093,1963,2375
7.4230,4025,2964,2157,3091,1963,2374
7.4433,4026,2966,2156,3088,1963,2373
7.4636,4026,2968,2156,3085,1963,2372
7.4841,4026,2969,2155,3082,1963,2371
7.5050,4027,2970,2155,3079,1964,2369
7.5252,4027,2972,2154,3076,1964,2369
7.5459,4027,2973,2154,3073,1964,2368
7.5663,4027,2974,2153,3071,1964,2367
7.5864,4027,2975,2152,3070,1964,2367
7.6067,4027,2976,2151,3068,1964,2366
7.6277,4027,2977,2151,3066,1964,2366
7.6484,4027,2978,2150,3065,1964,2365
7.6686,4027,2979,2149,3064,1964,2365
7.6893,4027,2980,2148,3063,1965,2364
7.7097,4027,2981,2147,3063,1965,2364
7.7301,4027,2981,2147,3063,1965,2364
7.7503,4027,2981,2147,3062,1965,2363
7.7708,4027,2982,2147,3061,1965,2362
7.7912,4027,2982,2147,3061,1964,2361
7.8115,4027,2983,2146,3061,1963,2360
7.8316,4027,2984,2146,3061,1963,2359
7.8516,4027,2985,2146,3060,1963,2359
7.8721,4026,2986,2146,3060,1963,2359
7.8925,4026,2987,2146,3060,1963,2359
7.9125,4026,2988,2146,3060,1963,2359
7.9326,4025,2989,2146,3060,1963,2359
7.9529,4025,2989,2146,3060,1961,2359
7.9734,4024,2990,2147,3060,1961,2358
7.9938,4024,2991,2148,3060,1960,2358
8.0142,4024,2992,2149,3060,1960,2358
8.0346,4024,2993,2149,3060,1959,2357
8.0551,4024,2994,2150,3060,1958,2357
8.0752,4023,2994,2150,3060,1957,2356
8.0954,4023,2995,2150,3060,1957,2356
8.1166,4023,2996,2150,3060,1957,2356
8.1370,4023,2996,2151,3060,1957,2355
8.1576,4023,2996,2151,3060,1956,2355
8.1780,4023,2997,2151,3059,1955,2354
8.1986,4023,2997,2152,3058,1955,2353
8.2189,4023,2998,2153,3058,1955,2353
8.2393,4024,2998,2155,3056,1954,2353
8.2596,4024,2999,2156,3055,1953,2353
8.2800,4024,2999,2158,3054,1952,2352
8.3000,4024,2999,2159,3053,1952,2352
8.3201,4024,3000,2160,3052,1952,2351
8.3407,4024,3000,2162,3051,1951,2351
8.3609,4024,3001,2163,3050,1951,2351
8.3811,4024,3002,2165,3049,1950,2350
8.4012,4024,3002,2166,3048,1950,2350
8.4216,4024,3003,2166,3048,1950,2350
8.4416,4024,3004,2167,3048,1950,2350
8.4619,4024,3005,2168,3048,1950,2349
8.4824,4025,3005,2168,3048,1950,2349
8.5028,4025,3006,2169,3048,1950,2349
8.5233,4025,3006,2170,3047,1950,2348
8.5438,4025,3007,2170,3047,1950,2348
8.5645,4025,3007,2171,3047,1950,2348
8.5849,4025,3008,2171,3047,1950,2348
8.6053,4025,3008,2172,3047,1949,2347
8.6256,4026,3009,2172,3047,1949,2347
8.6461,4026,3009,2173,3047,1948,2347
8.6663,4026,3009,2173,3047,1948,2347
8.6866,4026,3009,2174,3047,1948,2347
8.7067,4026,3009,2175,3047,1947,2346
8.7275,4026,3009,2176,3047,1946,2346
8.7477,4026,3009,2178,3047,1944,2346
8.7682,4026,3009,2179,3047,1941,2347
8.7887,4026,3009,2181,3047,1939,2347
8.8088,4027,3009,2183,3046,1938,2347
8.8290,4027,3009,2185,3046,1937,2347
8.8496,4028,3009,2187,3046,1936,2347
8.8697,4029,3009,2189,3046,1936,2347
8.8900,4030,3009,2190,3046,1935,2347
8.9106,4030,3009,2193,3046,1935,2347
8.9312,4031,3008,2195,3046,1935,2347
8.9515,4032,3008,2196,3046,1934,2347
8.9717,4032,3007,2197,3046,1934,2347
8.9920,4033,3007,2199,3046,1934,2347
9.0124,4033,3006,2200,3046,1934,2347
9.0326,4034,3006,2200,3046,1934,2347
9.0534,4034,3006,2201,3046,1935,2348
9.0735,4035,3006,2201,3046,1935,2348
9.0937,4035,3006,2202,3046,1935,2347
9.1140,4036,3006,2202,3046,1935,2347
9.1343,4036,3005,2203,3046,1935,2348
9.1550,4036,3005,2204,3046,1934,2348
9.1756,4036,3005,2204,3046,1933,2347
9.1959,4036,3005,2205,3046,1933,2347
9.2159,4037,3005,2206,3046,1932,2347
9.2363,4037,3005,2207,3046,1931,2346
9.2568,4037,3005,2209,3046,1930,2346
9.2775,4037,3005,2211,3046,1929,2346
9.2980,4037,3005,2212,3046,1928,2346
9.3184,4038,3005,2214,3046,1928,2345
9.3389,4038,3005,2214,3046,1928,2345
9.3596,4038,3005,2215,3046,1928,2344
9.3798,4038,3004,2215,3046,1928,2343
9.3998,4038,3003,2215,3046,1929,2343
9.4199,4038,3001,2215,3046,1931,2343
9.4406,4038,2998,2215,3046,1933,2343
9.4607,4038,2994,2215,3046,1934,2343
9.4812,4038,2989,2216,3046,1936,2343
9.5013,4038,2983,2217,3047,1937,2343
9.5218,4038,2976,2217,3049,1939,2343
9.5423,4038,2968,2219,3050,1941,2343
9.5628,4039,2960,2220,3050,1943,2343
9.5830,4040,2951,2222,3051,1944,2343
9.6038,4040,2943,2223,3051,1947,2343
9.6242,4041,2935,2225,3051,1949,2342
9.6448,4042,2926,2225,3051,1950,2341
9.6654,4044,2918,2225,3051,1952,2341
9.6859,4044,2911,2227,3051,1954,2341
9.7060,4044,2904,2228,3051,1955,2340
9.7263,4044,2897,2230,3051,1955,2339
9.7467,4044,2891,2231,3051,1955,2338
9.7674,4044,2886,2233,3051,1956,2337
9.7889,4044,2881,2234,3051,1957,2336
9.8097,4045,2876,2234,3051,1957,2335
9.8303,4045,2872,2235,3051,1958,2334
9.8505,4045,2868,2236,3051,1958,2333
9.8710,4045,2864,2236,3051,1958,2332
9.8913,4044,2861,2237,3051,1960,2332
9.9114,4044,2857,2237,3051,1961,2331
9.9318,4044,2854,2237,3050,1962,2331
9.9521,4044,2851,2239,3048,1961,2330
9.9728,4044,2848,2242,3042,1961,2330
9.9929,4045,2846,2245,3033,1961,2330
10.0134,4046,2842,2249,3021,1962,2329
10.0341,4046,2840,2254,3010,1962,2327
10.0546,4047,2837,2259,3000,1963,2326
10.0751,4048,2835,2262,2992,1965,2325
10.0952,4049,2833,2264,2987,1965,2325
10.1154,4050,2832,2264,2985,1965,2326
10.1356,4051,2831,2265,2983,1965,2327
10.1559,4052,2831,2265,2982,1965,2327
10.1763,4052,2831,2264,2981,1965,2327
10.1964,4052,2831,2262,2981,1965,2328
10.2170,4052,2832,2260,2981,1965,2329
10.2374,4052,2834,2258,2981,1965,2329
10.2578,4052,2836,2256,2981,1963,2329
10.2783,4052,2839,2254,2981,1963,2329
10.2989,4050,2842,2251,2981,1962,2329
10.3190,4049,2845,2249,2981,1961,2329
10.3394,4048,2848,2247,2981,1960,2328
10.3600,4046,2852,2244,2981,1959,2328
10.3802,4043,2856,2241,2980,1959,2328
10.4007,4041,2860,2239,2978,1959,2328
10.4208,4040,2864,2236,2977,1959,2328
10.4412,4039,2868,2233,2976,1959,2328
10.4615,4038,2872,2230,2974,1959,2327
10.4817,4037,2876,2226,2974,1961,2327
10.5018,4037,2880,2223,2974,1961,2326
10.5221,4037,2884,2220,2974,1961,2325
10.5426,4036,2887,2218,2974,1961,2324
10.5629,4036,2890,2216,2974,1961,2324
10.5832,4035,2893,2215,2973,1961,2323
10.6037,4035,2895,2214,2973,1960,2323
10.6239,4034,2896,2213,2973,1959,2323
10.6444,4032,2897,2213,2973,1958,2321
10.6652,4031,2897,2213,2973,1956,2319
10.6856,4030,2898,2213,2973,1955,2319
10.7057,4028,2898,2213,2973,1953,2318
10.7262,4026,2898,2213,2973,1949,2318
10.7466,4024,2898,2213,2973,1946,2317
10.7678,4021,2898,2214,2973,1943,2314
10.7881,4019,2898,2214,2973,1939,2312
10.8085,4017,2898,2214,2972,1936,2311
10.8288,4015,2898,2214,2969,1933,2311
10.8491,4012,2898,2215,2968,1930,2310
10.8698,4009,2898,2215,2967,1926,2308
10.8902,4006,2898,2216,2965,1922,2305
10.9106,4003,2898,2217,2963,1920,2302
10.9311,3999,2898,2217,2961,1916,2302
10.9516,3996,2898,2217,2957,1913,2300
10.9720,3993,2898,2218,2951,1909,2298
10.9927,3991,2898,2221,2944,1904,2295
11.0134,3987,2898,2224,2934,1900,2293
11.0339,3983,2898,2227,2924,1895,2290
11.0548,3979,2898,2230,2915,1889,2287
11.0754,3975,2897,2232,2907,1884,2286
11.0966,3971,2897,2235,2900,1879,2285
11.1173,3968,2897,2237,2892,1871,2286
11.1383,3964,2897,2240,2883,1863,2286
11.1592,3961,2896,2242,2875,1856,2286
11.1800,3958,2896,2245,2867,1848,2286
11.2004,3955,2897,2247,2858,1841,2286
11.2208,3953,2898,2249,2852,1832,2285
11.2412,3951,2899,2251,2847,1824,2284
11.2613,3949,2901,2252,2843,1818,2284
11.2816,3947,2902,2252,2841,1812,2284
11.3020,3945,2904,2252,2840,1807,2284
11.3221,3943,2906,2253,2838,1802,2282
11.3423,3941,2909,2253,2834,1797,2281
11.3624,3939,2911,2253,2831,1794,2279
11.3826,3937,2914,2253,2829,1789,2276
11.4030,3936,2917,2253,2827,1785,2275
11.4235,3933,2920,2253,2826,1780,2275
11.4439,3932,2923,2254,2826,1775,2274
11.4642,3929,2926,2254,2826,1770,2273
11.4845,3928,2930,2254,2825,1765,2272
11.5050,3926,2934,2254,2825,1761,2271
11.5255,3924,2939,2254,2825,1757,2269
11.5459,3923,2944,2254,2825,1754,2268
11.5662,3921,2948,2254,2825,1752,2268
11.5867,3920,2953,2254,2825,1750,2268
11.6069,3918,2958,2253,2825,1749,2267
11.6271,3916,2962,2253,2825,1747,2267
11.6475,3915,2966,2253,2825,1745,2268
11.6678,3913,2970,2253,2825,1743,2269
11.6880,3911,2973,2253,2825,1741,2269
11.7085,3909,2976,2253,2825,1740,2269
11.7290,3907,2980,2253,2825,1739,2270
11.7494,3906,2983,2253,2826,1737,2271
11.7699,3904,2987,2253,2826,1735,2271
11.7904,3902,2989,2253,2826,1733,2271
11.8112,3900,2992,2253,2827,1732,2272
11.8314,3898,2994,2252,2830,1732,2272
11.8518,3896,2996,2251,2832,1732,2273
11.8724,3895,2998,2250,2835,1731,2274
11.8929,3894,2999,2250,2837,1730,2274
11.9131,3892,3000,2250,2837,1731,2274
11.9337,3892,3001,2251,2838,1735,2275
11.9545,3892,3002,2252,2843,1737,2275
11.9749,3892,3003,2252,2849,1738,2275
11.9952,3892,3004,2251,2855,1739,2275
12.0155,3892,3004,2251,2858,1743,2274
12.0355,3893,3004,2251,2860,1750,2273
12.0560,3895,3005,2251,2864,1756,2273
12.0765,3897,3005,2250,2871,1757,2273
12.0969,3898,3005,2249,2876,1758,2273
12.1172,3899,3005,2249,2878,1759,2273
12.1384,3900,3005,2250,2880,1763,2273
12.1593,3902,3005,2251,2881,1768,2273
12.1795,3904,3005,2251,2885,1771,2273
12.2002,3906,3005,2250,2890,1774,2273
12.2207,3908,3005,2249,2894,1777,2273
12.2407,3910,3005,2249,2895,1781,2272
12.2611,3912,3003,2249,2897,1784,2272
12.2813,3913,3003,2249,2900,1785,2272
12.3019,3915,3002,2249,2902,1786,2272
12.3220,3916,3001,2249,2902,1788,2272
12.3423,3918,3000,2249,2902,1791,2272
12.3624,3919,2999,2249,2902,1792,2272
12.3830,3921,2999,2249,2902,1794,2272
12.4040,3922,2998,2249,2902,1795,2271
12.4244,3923,2997,2248,2902,1797,2271
12.4448,3924,2997,2247,2902,1800,2270
12.4652,3925,2997,2247,2902,1801,2269
12.4857,3926,2997,2245,2902,1803,2269
12.5061,3926,2997,2244,2902,1805,2268
12.5264,3927,2997,2242,2902,1807,2268
12.5466,3927,2998,2240,2902,1808,2268
12.5671,3928,2999,2238,2902,1808,2268
12.5875,3928,3000,2236,2902,1808,2268
12.6080,3928,3002,2234,2902,1809,2267
12.6283,3928,3004,2231,2902,1810,2267
12.6483,3928,3007,2228,2902,1810,2267
12.6687,3928,3010,2225,2902,1810,2267
12.6892,3928,3013,2222,2902,1811,2266
12.7093,3928,3016,2219,2901,1812,2266
12.7295,3928,3020,2214,2901,1813,2267
12.7503,3928,3023,2212,2901,1813,2267
12.7704,3928,3026,2209,2901,1813,2267
12.7906,3927,3029,2207,2901,1813,2267
12.8110,3927,3031,2205,2901,1813,2267
12.8313,3927,3034,2203,2901,1813,2266
12.8515,3927,3037,2200,2901,1813,2266
12.8718,3927,3040,2197,2900,1814,2266
12.8919,3927,3043,2195,2900,1815,2265
12.9124,3927,3045,2193,2899,1815,2265
12.9329,3927,3047,2191,2899,1816,2265
12.9533,3927,3049,2189,2899,1816,2265
12.9738,3927,3051,2188,2899,1816,2266
12.9938,3926,3052,2187,2899,1816,2266
13.0142,3926,3053,2187,2899,1816,2266
13.0347,3926,3054,2187,2899,1816,2266
13.0550,3926,3054,2187,2899,1816,2265
13.0752,3926,3055,2187,2899,1815,2265
13.0957,3926,3055,2188,2899,1815,2265
13.1162,3926,3055,2189,2899,1815,2265
13.1367,3926,3055,2189,2899,1814,2265
13.1570,3926,3055,2190,2899,1812,2265
13.1773,3926,3055,2191,2899,1812,2265
13.1977,3926,3055,2192,2899,1811,2265
13.2181,3925,3055,2193,2899,1811,2265
13.2386,3925,3055,2194,2899,1811,2265
13.2589,3925,3055,2196,2899,1809,2264
13.2794,3925,3055,2197,2899,1809,2264
13.2999,3924,3055,2198,2899,1808,2264
13.3200,3924,3055,2200,2899,1808,2264
13.3404,3924,3055,2201,2899,1808,2263
13.3609,3923,3055,2203,2899,1807,2263
13.3815,3923,3055,2204,2899,1807,2263
13.4022,3923,3055,2205,2899,1806,2263
13.4227,3923,3055,2206,2899,1806,2263
13.4430,3923,3055,2207,2899,1806,2263
13.4640,3922,3055,2209,2899,1806,2262
13.4843,3922,3055,2210,2900,1806,2262
13.5049,3922,3055,2211,2900,1806,2262
13.5252,3922,3055,2213,2900,1806,2261
13.5454,3922,3055,2214,2900,1805,2261
13.5658,3922,3055,2216,2900,1805,2260
13.5864,3922,3055,2217,2900,1805,2260
13.6066,3921,3055,2219,2900,1805,2260
13.6269,3921,3055,2220,2900,1804,2259
13.6472,3920,3055,2222,2900,1803,2259
13.6674,3920,3056,2223,2900,1803,2258
13.6880,3919,3057,2224,2900,1803,2257
13.7085,3919,3057,2225,2900,1803,2257
13.7290,3918,3058,2225,2900,1802,2257
13.7493,3917,3059,2227,2900,1801,2257
13.7697,3916,3059,2228,2900,1800,2257
13.7901,3916,3060,2230,2900,1799,2257
13.8104,3915,3060,2231,2900,1799,2257
13.8305,3914,3061,2232,2900,1798,2257
13.8509,3914,3061,2234,2900,1798,2256
13.8713,3913,3062,2236,2900,1797,2256
13.8917,3913,3063,2238,2900,1797,2256
13.9121,3912,3063,2240,2900,1797,2256
13.9326,3912,3064,2243,2900,1796,2256
13.9526,3911,3065,2244,2900,1796,2255
13.9731,3911,3065,2245,2901,1795,2254
13.9934,3911,3065,2245,2902,1795,2254
14.0142,3911,3065,2245,2903,1795,2254
14.0346,3910,3065,2244,2903,1795,2254
14.0548,3910,3064,2242,2903,1795,2254
14.0753,3910,3063,2240,2904,1796,2254
14.0957,3911,3061,2238,2904,1797,2254
14.1162,3911,3058,2236,2904,1798,2255
14.1365,3912,3055,2233,2904,1800,2255
14.1567,3913,3051,2231,2905,1803,2256
14.1773,3913,3046,2227,2906,1805,2256
14.1978,3914,3040,2226,2908,1807,2256
14.2181,3915,3034,2224,2908,1808,2257
14.2384,3916,3027,2224,2909,1809,2257
14.2589,3917,3019,2223,2909,1811,2257
14.2793,3918,3011,2223,2909,1814,2258
14.2999,3919,3003,2223,2909,1815,2258
14.3204,3920,2995,2224,2909,1816,2258
14.3408,3921,2986,2225,2909,1817,2258
14.3615,3923,2977,2227,2909,1819,2258
14.3819,3924,2969,2229,2909,1821,2258
14.4024,3926,2961,2231,2909,1823,2258
14.4225,3927,2954,2233,2909,1825,2257
14.4427,3928,2946,2236,2909,1827,2256
14.4630,3930,2939,2239,2909,1830,2255
14.4847,3932,2930,2243,2909,1832,2254
14.5050,3934,2924,2246,2909,1834,2254
14.5253,3935,2916,2250,2909,1837,2254
14.5456,3937,2909,2254,2908,1839,2254
14.5658,3939,2903,2258,2908,1840,2254
14.5871,3941,2897,2262,2906,1841,2253
14.6074,3943,2890,2267,2903,1843,2253
14.6277,3947,2884,2271,2901,1846,2252
14.6478,3950,2880,2274,2901,1848,2253
14.6684,3953,2876,2276,2901,1849,2253
14.6885,3956,2871,2279,2901,1851,2253
14.7087,3960,2866,2283,2898,1854,2253
14.7288,3965,2862,2286,2897,1857,2253
14.7493,3969,2858,2287,2897,1860,2254
14.7697,3974,2856,2288,2897,1864,2255
14.7901,3978,2853,2289,2897,1868,2256
14.8104,3982,2850,2289,2897,1872,2259
14.8308,3987,2847,2289,2898,1878,2260
14.8512,3992,2845,2289,2900,1883,2263
14.8713,3998,2842,2288,2906,1886,2266
14.8913,4003,2840,2286,2915,1889,2269
14.9120,4008,2837,2283,2923,1894,2271
14.9324,4014,2835,2280,2930,1899,2273
14.9528,4020,2834,2276,2938,1906,2276
14.9732,4026,2834,2273,2947,1911,2279
14.9938,4032,2833,2269,2955,1915,2280
15.0142,4037,2832,2268,2960,1920,2281
15.0345,4043,2832,2267,2964,1924,2283
15.0551,4049,2831,2267,2968,1928,2286
15.0756,4055,2831,2265,2976,1931,2287
15.0961,4060,2831,2263,2981,1935,2288
15.1167,4066,2831,2263,2984,1939,2289
15.1370,4071,2831,2263,2988,1943,2291
15.1573,4076,2831,2263,2994,1947,2293
15.1778,4082,2831,2262,2998,1950,2294
15.1982,4087,2831,2262,3002,1953,2296
15.2185,4092,2831,2262,3006,1958,2299
15.2388,0,2831,2262,3010,1961,2301
15.2593,6,2831,2262,3014,1963,2302
15.2796,11,2831,2262,3017,1965,2305
15.3000,17,2831,2263,3018,1969,2309
15.3204,22,2830,2264,3019,1972,2311
15.3412,28,2829,2265,3020,1975,2312
15.3614,33,2828,2265,3020,1978,2312
15.3819,37,2827,2265,3021,1981,2312
15.4021,42,2827,2265,3021,1984,2313
15.4225,46,2827,2265,3021,1987,2313
15.4431,50,2826,2264,3023,1989,2313
15.4635,54,2826,2264,3024,1990,2313
15.4836,57,2825,2263,3024,1991,2312
15.5037,60,2824,2263,3024,1992,2312
15.5237,63,2824,2264,3024,1993,2312
15.5440,65,2824,2264,3025,1993,2312
15.5643,68,2824,2264,3025,1994,2313
15.5846,71,2824,2265,3025,1995,2313
15.6049,73,2825,2265,3025,1997,2313
15.6252,75,2825,2265,3025,1998,2313
15.6452,76,2827,2265,3025,1998,2314
15.6657,77,2828,2265,3025,2000,2317
15.6864,78,2830,2265,3025,2002,2320
15.7068,79,2832,2264,3025,2005,2322
15.7273,80,2833,2263,3025,2006,2322
15.7477,80,2835,2263,3025,2006,2322
15.7681,81,2836,2263,3025,2006,2322
15.7883,81,2838,2263,3025,2006,2322
15.8085,81,2839,2263,3025,2006,2324
15.8289,80,2840,2263,3025,2007,2324
15.8493,79,2842,2263,3025,2007,2324
15.8694,78,2843,2263,3025,2006,2326
15.8896,76,2845,2263,3025,2003,2326
15.9101,75,2846,2263,3025,2001,2326
15.9303,73,2848,2264,3025,2000,2326
15.9503,72,2850,2264,3025,2000,2326
15.9710,70,2851,2264,3025,1998,2326
15.9914,69,2853,2264,3025,1996,2326
16.0122,67,2855,2265,3025,1994,2327
16.0322,66,2857,2266,3025,1993,2326
16.0523,65,2859,2267,3024,1993,2326
16.0729,65,2861,2267,3024,1992,2326
16.0932,64,2863,2267,3024,1992,2325
16.1135,63,2865,2267,3024,1992,2325
16.1335,63,2866,2267,3023,1992,2324
16.1538,62,2868,2267,3023,1992,2323
16.1745,62,2869,2267,3023,1991,2322
16.1948,61,2871,2267,3023,1990,2322
16.2151,61,2873,2267,3022,1989,2322
16.2355,60,2875,2267,3021,1988,2322
16.2561,60,2876,2268,3020,1987,2321
16.2764,60,2878,2268,3019,1985,2320
16.2969,59,2880,2268,3018,1984,2320
16.3169,59,2882,2268,3017,1984,2320
16.3374,59,2884,2268,3017,1983,2320
16.3579,59,2886,2267,3017,1983,2320
16.3781,58,2888,2267,3017,1982,2319
16.3984,58,2890,2266,3017,1982,2319
16.4186,58,2891,2266,3017,1981,2318
16.4391,57,2893,2266,3017,1980,2318
16.4595,56,2895,2266,3017,1979,2317
16.4798,56,2897,2266,3017,1978,2317
16.5002,55,2899,2267,3018,1978,2316
16.5207,54,2901,2267,3019,1978,2315
16.5412,53,2902,2267,3022,1978,2314
16.5618,52,2904,2267,3024,1978,2314
16.5823,52,2906,2267,3027,1978,2313
16.6031,52,2907,2267,3029,1977,2313
16.6232,51,2909,2267,3032,1977,2312
16.6436,51,2910,2267,3035,1977,2312
16.6640,51,2911,2267,3037,1977,2312
16.6844,50,2912,2267,3038,1977,2312
16.7048,50,2913,2268,3039,1977,2312
16.7256,50,2914,2269,3039,1977,2312
16.7462,50,2914,2271,3039,1978,2311
16.7667,50,2914,2271,3040,1978,2311
16.7869,50,2914,2272,3041,1978,2311
16.8073,50,2914,2272,3041,1978,2311
16.8276,51,2914,2273,3041,1978,2311
16.8479,51,2914,2273,3041,1979,2311
16.8685,52,2914,2273,3041,1980,2310
16.8893,53,2915,2273,3041,1980,2310
16.9106,53,2915,2273,3041,1981,2310
16.9309,53,2915,2273,3041,1981,2310
16.9513,54,2915,2273,3041,1981,2309
16.9716,54,2915,2273,3041,1981,2309
16.9918,54,2915,2272,3041,1982,2309
17.0120,54,2916,2272,3041,1983,2309
17.0323,55,2916,2271,3041,1983,2309
17.0527,55,2917,2271,3041,1983,2308
17.0730,55,2917,2271,3041,1984,2308
17.0933,55,2917,2271,3041,1984,2308
17.1137,55,2918,2271,3041,1984,2308
17.1342,55,2920,2272,3041,1984,2308
17.1544,55,2921,2272,3041,1984,2308
17.1755,55,2922,2272,3041,1984,2308
17.1958,55,2924,2273,3041,1984,2308
17.2165,55,2925,2273,3041,1984,2307
17.2371,55,2926,2273,3041,1984,2307
17.2574,55,2927,2273,3041,1984,2307
17.2779,55,2928,2274,3041,1984,2307
17.2989,55,2929,2274,3041,1984,2307
17.3194,54,2930,2274,3041,1983,2306
17.3396,54,2931,2275,3041,1983,2306
17.3601,54,2932,2275,3041,1982,2305
17.3807,53,2933,2276,3041,1982,2305
17.4014,53,2935,2276,3041,1982,2305
17.4220,53,2936,2276,3041,1981,2305
17.4421,52,2937,2276,3041,1980,2304
17.4630,51,2938,2277,3041,1979,2304
17.4834,51,2940,2277,3041,1979,2304
17.5039,50,2942,2277,3041,1977,2304
17.5244,50,2944,2278,3041,1976,2303
17.5458,49,2946,2278,3041,1974,2303
17.5660,49,2949,2278,3041,1973,2303
17.5867,48,2950,2278,3041,1972,2302
17.6067,48,2951,2278,3041,1972,2302
17.6271,47,2952,2278,3041,1972,2302
17.6473,47,2953,2278,3041,1972,2302
17.6678,46,2953,2278,3041,1972,2302
17.6879,46,2953,2278,3041,1972,2301
17.7084,45,2952,2278,3041,1972,2301
17.7284,45,2950,2278,3041,1973,2301
17.7488,45,2946,2278,3041,1974,2301
17.7692,45,2942,2278,3041,1975,2301
17.7899,45,2936,2279,3041,1976,2301
17.8103,45,2930,2280,3041,1976,2301
17.8308,45,2923,2280,3041,1977,2301
17.8510,46,2916,2281,3041,1978,2301
17.8714,46,2909,2281,3041,1978,2301
17.8921,47,2903,2281,3041,1979,2301
17.9126,48,2897,2281,3041,1979,2301
17.9331,49,2890,2281,3041,1979,2300
17.9533,49,2884,2281,3041,1979,2300
17.9737,49,2878,2281,3041,1979,2300
17.9943,49,2873,2281,3041,1980,2299
18.0147,49,2867,2282,3041,1980,2299
18.0351,49,2861,2283,3041,1980,2299
18.0556,49,2855,2285,3041,1980,2299
18.0758,49,2850,2286,3041,1980,2298
18.0961,49,2844,2289,3041,1979,2298
18.1164,49,2839,2291,3041,1979,2298
18.1373,49,2833,2293,3041,1979,2298
18.1576,48,2828,2295,3041,1979,2297
18.1777,48,2823,2298,3041,1978,2297
18.1977,48,2818,2300,3041,1978,2297
18.2187,48,2814,2303,3041,1977,2296
18.2389,47,2810,2305,3040,1977,2296
18.2593,47,2806,2307,3039,1976,2296
18.2797,47,2804,2309,3037,1975,2296
18.3002,46,2801,2311,3036,1974,2296
18.3206,46,2799,2312,3036,1974,2296
18.3413,46,2797,2312,3036,1974,2296
18.3615,46,2796,2313,3036,1974,2295
18.3817,46,2795,2313,3035,1974,2295
18.4024,46,2794,2314,3035,1974,2295
18.4225,46,2794,2314,3035,1973,2295
18.4427,46,2793,2314,3034,1973,2294
18.4630,46,2793,2314,3034,1973,2294
18.4835,47,2793,2314,3033,1974,2293
18.5039,47,2793,2314,3033,1974,2293
18.5244,48,2793,2315,3033,1974,2292
18.5446,49,2793,2315,3033,1974,2292
18.5651,50,2793,2316,3033,1975,2292
18.5852,50,2793,2317,3033,1975,2292
18.6056,51,2793,2318,3033,1975,2291
18.6260,51,2793,2319,3033,1975,2291
18.6464,51,2793,2319,3033,1975,2291
18.6670,52,2793,2319,3033,1975,2291
18.6872,52,2793,2319,3033,1975,2291
18.7075,52,2793,2319,3033,1975,2291
18.7283,52,2793,2319,3033,1975,2291
18.7486,53,2793,2319,3033,1975,2291
18.7689,53,2793,2319,3033,1976,2291
18.7902,53,2793,2319,3033,1976,2291
18.8107,54,2793,2320,3033,1976,2290
18.8310,54,2793,2320,3033,1976,2290
18.8517,54,2793,2320,3033,1976,2290
18.8719,54,2793,2321,3033,1976,2290
18.8927,55,2794,2321,3033,1976,2290
18.9131,55,2794,2321,3033,1976,2290
18.9336,55,2796,2320,3032,1976,2289
18.9541,55,2796,2320,3031,1976,2289
18.9742,55,2797,2320,3031,1976,2289
18.9944,55,2798,2320,3031,1976,2289
19.0147,55,2798,2320,3031,1976,2289
19.0349,55,2798,2320,3031,1976,2289
19.0552,55,2798,2320,3031,1976,2289
19.0759,55,2799,2320,3031,1976,2289
19.0961,55,2799,2320,3031,1976,2289
19.1162,55,2800,2320,3031,1975,2288
19.1366,54,2801,2320,3030,1975,2288
19.1567,54,2801,2319,3030,1974,2288
19.1770,54,2802,2319,3030,1974,2288
19.1970,53,2803,2318,3030,1974,2287
19.2176,53,2804,2318,3029,1974,2287
19.2380,53,2804,2318,3029,1974,2287
19.2586,53,2804,2318,3029,1974,2287
19.2791,53,2804,2318,3029,1974,2287
19.2996,52,2805,2318,3029,1974,2286
19.3198,52,2805,2318,3029,1974,2286
19.3399,52,2805,2318,3029,1973,2285
19.3606,52,2805,2318,3028,1973,2285
19.3807,52,2806,2318,3028,1973,2285
19.4012,52,2806,2318,3027,1973,2285
19.4215,52,2806,2319,3027,1973,2284
19.4418,52,2806,2320,3026,1973,2284
19.4620,52,2807,2320,3025,1973,2284
19.4822,52,2807,2321,3024,1972,2283
19.5023,52,2808,2322,3023,1972,2283
19.5224,52,2808,2322,3022,1972,2283
19.5429,52,2809,2322,3022,1972,2283
19.5634,52,2810,2323,3021,1972,2283
19.5838,52,2811,2323,3021,1972,2283
19.6040,52,2812,2323,3020,1972,2283
19.6247,52,2813,2323,3020,1971,2283
19.6452,52,2815,2322,3019,1971,2283
19.6655,52,2816,2322,3019,1971,2283
19.6861,51,2817,2321,3019,1971,2283
19.7066,51,2818,2321,3019,1971,2283
19.7269,51,2820,2320,3019,1972,2283
19.7472,51,2821,2320,3019,1972,2283
19.7674,51,2822,2320,3019,1973,2283
19.7878,51,2823,2320,3019,1974,2283
19.8079,51,2824,2320,3019,1974,2283
19.8285,51,2825,2320,3019,1974,2283
19.8492,51,2825,2320,3019,1975,2283
19.8696,51,2826,2320,3019,1975,2283
19.8902,51,2827,2320,3019,1975,2283
19.9105,51,2828,2320,3019,1975,2282
19.9316,51,2829,2321,3019,1974,2282
19.9523,51,2831,2321,3019,1974,2282
19.9723,51,2833,2321,3019,1974,2281
19.9928,51,2835,2321,3019,1974,2281
20.0131,51,2837,2321,3019,1974,2281
20.0336,51,2840,2320,3019,1974,2281
20.0538,51,2842,2320,3019,1974,2281
20.0741,51,2845,2319,3019,1974,2281
20.0947,51,2847,2319,3019,1974,2281
20.1148,51,2849,2319,3019,1974,2280
20.1348,50,2852,2319,3019,1974,2280
20.1552,49,2854,2318,3019,1973,2280
20.1760,49,2856,2318,3019,1972,2279
20.1961,48,2858,2318,3019,1972,2279
20.2164,48,2860,2317,3019,1972,2279
20.2369,47,2862,2316,3019,1972,2278
20.2571,46,2864,2316,3019,1972,2278
20.2776,46,2866,2316,3019,1971,2278
20.2979,46,2867,2315,3019,1970,2278
20.3187,46,2869,2314,3019,1970,2278
20.3397,46,2871,2314,3019,1970,2278
20.3601,46,2873,2313,3019,1970,2278
20.3805,46,2875,2313,3019,1970,2278
20.4009,46,2876,2312,3019,1970,2277
20.4213,46,2877,2312,3019,1970,2277
20.4414,46,2878,2312,3019,1970,2277
20.4614,46,2879,2312,3019,1970,2277
20.4819,46,2880,2312,3019,1970,2277
20.5024,46,2881,2312,3019,1970,2277
20.5227,46,2882,2313,3019,1970,2276
20.5431,46,2882,2313,3019,1970,2276
20.5637,46,2883,2313,3019,1970,2276
20.5843,46,2884,2313,3019,1970,2276
20.6046,46,2885,2313,3019,1970,2276
20.6259,46,2886,2313,3019,1970,2276
20.6462,46,2887,2313,3019,1970,2276
20.6666,46,2888,2313,3019,1970,2276
20.6870,46,2889,2313,3019,1970,2276
20.7073,46,2890,2313,3019,1971,2276
20.7275,46,2891,2313,3019,1971,2276
20.7480,46,2892,2313,3019,1971,2276
20.7685,47,2892,2312,3019,1972,2276
20.7886,47,2893,2312,3019,1972,2275
20.8088,47,2894,2312,3019,1972,2275
20.8295,47,2895,2312,3019,1972,2275
20.8501,48,2896,2311,3019,1973,2275
20.8705,48,2897,2311,3019,1973,2275
20.8908,49,2897,2310,3019,1974,2275
20.9120,49,2899,2309,3019,1974,2275
20.9321,49,2900,2308,3019,1975,2275
20.9525,50,2902,2307,3019,1975,2275
20.9731,50,2903,2305,3019,1976,2275
20.9938,51,2905,2304,3019,1976,2275
21.0143,51,2907,2302,3019,1977,2275
21.0359,51,2908,2300,3019,1977,2275
21.0560,51,2910,2299,3019,1977,2275
21.0770,51,2911,2297,3019,1977,2275
21.0974,51,2913,2296,3019,1977,2275
21.1176,51,2914,2294,3019,1977,2275
21.1379,51,2916,2293,3019,1977,2275
21.1584,51,2917,2292,3019,1977,2275
21.1788,51,2918,2291,3019,1978,2275
21.1990,51,2919,2291,3019,1978,2275
21.2194,51,2919,2290,3019,1978,2275
21.2398,51,2920,2290,3019,1978,2275
21.2602,52,2920,2290,3019,1978,2275
21.2807,52,2921,2290,3019,1978,2275
21.3014,52,2921,2290,3019,1978,2275
21.3217,53,2921,2290,3019,1978,2275
21.3420,53,2920,2290,3019,1978,2275
21.3623,53,2919,2290,3019,1979,2275
21.3830,53,2918,2291,3019,1979,2275
21.4037,53,2916,2292,3019,1978,2275
21.4241,53,2915,2292,3019,1978,2275
21.4446,53,2913,2292,3019,1978,2275
21.4646,53,2912,2292,3019,1978,2275
21.4850,53,2911,2292,3019,1978,2275
21.5064,53,2909,2293,3019,1978,2275
21.5267,53,2907,2294,3019,1978,2275
21.5482,54,2905,2294,3019,1977,2275
21.5683,54,2903,2295,3019,1977,2275
21.5886,55,2900,2296,3019,1977,2275
21.6097,55,2897,2297,3019,1977,2275
21.6299,55,2894,2299,3019,1977,2275
21.6505,55,2891,2300,3019,1976,2274
21.6707,55,2887,2302,3019,1976,2274
21.6912,55,2883,2304,3019,1975,2274
21.7116,55,2879,2306,3019,1975,2274
21.7319,54,2876,2307,3019,1975,2274
21.7520,54,2871,2310,3019,1974,2274
21.7726,54,2868,2311,3019,1973,2274
21.7928,54,2865,2312,3019,1973,2274
21.8129,54,2862,2313,3019,1973,2274
21.8333,54,2860,2314,3019,1973,2274
21.8539,54,2858,2315,3019,1973,2274
21.8743,54,2856,2317,3019,1973,2274
21.8945,54,2854,2318,3019,1973,2274
21.9149,54,2852,2319,3018,1972,2274
21.9353,54,2851,2320,3018,1972,2274
21.9556,54,2848,2322,3018,1972,2274
21.9759,54,2847,2323,3018,1972,2274
21.9965,54,2845,2324,3018,1972,2274
22.0166,54,2843,2325,3018,1972,2274
22.0370,54,2841,2327,3018,1971,2274
22.0571,54,2838,2328,3018,1971,2274
22.0772,54,2836,2329,3018,1971,2274
22.0976,54,2834,2330,3018,1971,2274
22.1183,54,2831,2331,3018,1971,2274
22.1384,54,2829,2332,3017,1970,2274
22.1587,54,2828,2333,3017,1970,2274
22.1791,55,2826,2334,3016,1970,2274
22.1996,56,2825,2334,3015,1970,2274
22.2197,57,2825,2334,3015,1970,2274
22.2402,59,2825,2334,3014,1971,2274
22.2606,60,2825,2334,3014,1971,2274
22.2812,62,2825,2334,3014,1972,2274
22.3017,63,2825,2335,3014,1972,2274
22.3221,64,2825,2335,3014,1972,2274
22.3421,65,2825,2336,3014,1973,2273
22.3622,65,2826,2336,3014,1974,2273
22.3826,66,2827,2336,3014,1974,2272
22.4026,67,2828,2336,3014,1975,2272
22.4236,68,2829,2336,3014,1975,2272
22.4439,68,2830,2336,3014,1976,2272
22.4643,69,2831,2336,3014,1976,2272
22.4849,71,2832,2336,3014,1976,2271
22.5054,71,2833,2336,3014,1976,2271
22.5260,72,2835,2336,3014,1976,2271
22.5463,73,2838,2335,3014,1976,2270
22.5665,73,2840,2334,3013,1977,2270
22.5869,73,2843,2332,3013,1977,2270
22.6079,73,2846,2331,3013,1978,2270
22.6283,73,2848,2329,3013,1978,2270
22.6486,73,2850,2328,3013,1978,2270
22.6687,72,2852,2327,3013,1977,2270
22.6891,72,2854,2326,3013,1977,2269
22.7102,70,2856,2325,3013,1976,2269
22.7304,69,2858,2325,3013,1975,2269
22.7510,68,2860,2324,3013,1974,2269
22.7712,67,2861,2324,3013,1973,2269
22.7915,67,2862,2324,3013,1972,2268
22.8118,66,2864,2324,3013,1971,2268
22.8322,65,2865,2324,3013,1971,2268
22.8526,65,2867,2324,3013,1971,2268
22.8728,65,2868,2324,3013,1971,2268
22.8932,65,2869,2324,3013,1970,2267
22.9135,65,2871,2324,3013,1970,2267
22.9336,64,2872,2324,3012,1970,2267
22.9541,64,2874,2324,3012,1969,2267
22.9746,64,2876,2324,3011,1969,2267
22.9951,63,2878,2324,3011,1969,2266
23.0154,63,2879,2324,3010,1969,2266
23.0360,63,2881,2324,3009,1968,2266
23.0565,62,2883,2323,3008,1968,2266
23.0768,62,2885,2322,3008,1968,2266
23.0975,61,2887,2321,3008,1968,2266
23.1180,60,2889,2321,3008,1967,2266
23.1380,60,2891,2320,3007,1966,2266
23.1584,59,2894,2319,3007,1966,2266
23.1793,59,2896,2319,3007,1965,2266
23.1995,58,2898,2318,3007,1965,2266
23.2196,58,2900,2316,3007,1965,2266
23.2399,58,2902,2315,3007,1965,2266
23.2600,58,2903,2314,3007,1965,2266
23.2805,58,2904,2314,3007,1965,2266
23.3012,57,2905,2314,3007,1964,2267
23.3218,57,2907,2314,3007,1964,2267
23.3419,57,2908,2314,3007,1964,2267
23.3622,57,2908,2314,3007,1964,2267
23.3826,57,2909,2314,3007,1964,2267
23.4036,57,2910,2314,3007,1964,2268
23.4239,57,2911,2314,3007,1964,2268
23.4443,57,2912,2315,3007,1964,2268
23.4645,57,2913,2315,3007,1964,2268
23.4851,57,2914,2315,3007,1964,2268
23.5056,57,2915,2315,3007,1964,2268
23.5260,57,2915,2316,3007,1964,2268
23.5465,56,2915,2316,3007,1964,2268
23.5670,56,2916,2317,3007,1964,2268
23.5871,55,2917,2317,3007,1964,2268
23.6076,55,2917,2317,3007,1964,2268
23.6280,55,2918,2317,3007,1964,2268
23.6482,54,2918,2317,3007,1963,2268
23.6683,54,2919,2318,3007,1963,2268
23.6887,53,2919,2318,3007,1962,2268
23.7091,53,2920,2319,3007,1962,2267
23.7292,52,2921,2319,3007,1962,2267
23.7493,52,2922,2319,3007,1962,2267
23.7699,52,2922,2319,3007,1962,2267
23.7904,51,2922,2319,3007,1962,2267
23.8110,51,2922,2320,3007,1962,2267
23.8315,51,2923,2320,3007,1962,2267
23.8518,50,2923,2320,3007,1962,2267
23.8724,50,2923,2320,3007,1962,2267
23.8925,49,2922,2320,3007,1962,2267
23.9125,49,2919,2320,3007,1962,2267
23.9329,49,2917,2319,3007,1962,2267
23.9531,48,2914,2318,3007,1962,2267
23.9734,48,2910,2318,3007,1963,2267
23.9938,48,2905,2317,3007,1963,2267
24.0149,48,2900,2317,3007,1963,2267
24.0354,48,2894,2316,3007,1963,2267
24.0555,48,2888,2316,3007,1963,2267
24.0758,47,2882,2315,3007,1963,2267
24.0964,47,2876,2315,3006,1963,2267
24.1166,47,2869,2315,3006,1963,2267
24.1367,46,2862,2315,3005,1963,2267
24.1570,45,2857,2315,3004,1963,2267
24.1773,45,2851,2315,3002,1964,2267
24.1978,43,2846,2315,3001,1964,2267
24.2182,42,2840,2315,2999,1965,2267
24.2386,41,2836,2316,2997,1965,2267
24.2590,40,2831,2316,2996,1965,2266
24.2795,39,2826,2317,2995,1965,2266
24.3000,38,2822,2317,2995,1965,2266
24.3201,37,2818,2318,2993,1965,2266
24.3407,35,2814,2319,2990,1964,2266
24.3610,34,2811,2321,2986,1963,2266
24.3821,33,2807,2323,2982,1962,2265
24.4022,31,2804,2325,2976,1961,2265
24.4225,30,2802,2328,2970,1960,2265
24.4431,28,2800,2330,2962,1958,2265
24.4633,28,2800,2332,2954,1957,2264
24.4838,27,2799,2334,2947,1955,2264
24.5043,27,2799,2334,2942,1954,2263
24.5247,27,2800,2334,2938,1954,2263
24.5451,27,2801,2334,2935,1955,2263
24.5653,28,2803,2332,2933,1956,2263
24.5857,30,2805,2330,2932,1958,2263
24.6063,31,2808,2327,2932,1959,2263
24.6264,33,2811,2325,2932,1960,2263
24.6467,35,2814,2323,2932,1961,2263
24.6671,36,2817,2321,2932,1961,2263
24.6881,38,2821,2319,2932,1962,2263
24.7084,39,2825,2316,2932,1962,2263
24.7288,40,2829,2314,2932,1962,2263
24.7493,41,2833,2312,2932,1963,2263
24.7699,41,2836,2310,2932,1964,2263
24.7904,42,2840,2308,2932,1965,2263
24.8108,42,2844,2306,2932,1965,2263
24.8313,43,2847,2305,2931,1965,2263
24.8517,44,2850,2305,2930,1965,2263
24.8717,45,2854,2304,2929,1965,2262
24.8923,46,2858,2302,2928,1966,2262
24.9128,47,2862,2301,2928,1967,2262
24.9332,48,2866,2300,2928,1967,2262
24.9537,50,2870,2299,2927,1968,2262
24.9740,51,2874,2298,2926,1969,2261
24.9942,53,2878,2297,2925,1970,2261
25.0147,54,2882,2296,2924,1971,2261
25.0351,55,2886,2294,2923,1972,2261
25.0552,56,2890,2292,2923,1974,2261
25.0757,57,2894,2291,2923,1975,2261
25.0961,58,2898,2289,2923,1976,2261
25.1167,59,2902,2288,2923,1976,2261
25.1368,60,2905,2287,2923,1977,2260
25.1571,61,2909,2285,2923,1978,2260
25.1772,61,2912,2283,2923,1979,2260
25.1977,61,2915,2281,2923,1979,2260
25.2182,61,2917,2279,2923,1979,2260
25.2385,61,2919,2277,2923,1980,2260
25.2592,61,2920,2276,2923,1981,2260
25.2794,61,2922,2275,2923,1982,2259
25.2998,61,2923,2274,2923,1982,2259
25.3202,61,2924,2272,2923,1982,2259
25.3404,61,2926,2271,2923,1981,2259
25.3608,61,2927,2270,2923,1981,2258
25.3811,60,2929,2270,2923,1980,2258
25.4016,60,2930,2269,2923,1980,2258
25.4221,60,2931,2268,2923,1980,2258
25.4425,60,2932,2268,2923,1980,2258
25.4627,60,2933,2268,2923,1980,2257
25.4831,60,2934,2268,2923,1980,2257
25.5034,60,2935,2268,2923,1980,2256
25.5236,60,2936,2269,2923,1980,2256
25.5445,60,2937,2269,2923,1980,2255
25.5650,60,2937,2270,2923,1979,2255
25.5851,60,2938,2271,2923,1979,2254
25.6059,60,2938,2272,2923,1978,2254
25.6263,59,2938,2272,2923,1978,2254
25.6467,59,2939,2272,2923,1977,2253
25.6673,59,2940,2273,2923,1977,2253
25.6877,58,2941,2273,2923,1976,2252
25.7081,58,2942,2273,2923,1975,2252
25.7287,58,2943,2273,2923,1974,2251
25.7489,57,2944,2273,2923,1973,2251
25.7693,56,2945,2273,2923,1973,2250
25.7894,56,2947,2273,2923,1973,2250
25.8095,56,2948,2273,2923,1972,2249
25.8296,55,2950,2273,2923,1971,2248
25.8499,55,2952,2272,2923,1971,2248
25.8703,54,2953,2272,2923,1971,2248
25.8907,54,2954,2272,2923,1971,2247
25.9112,54,2956,2272,2923,1970,2247
25.9321,54,2957,2272,2923,1970,2247
25.9527,54,2958,2271,2923,1970,2247
25.9730,54,2958,2271,2923,1970,2247
25.9935,54,2959,2271,2923,1970,2247
26.0138,54,2960,2271,2923,1970,2246
26.0339,54,2961,2271,2923,1969,2246
26.0543,54,2962,2271,2923,1969,2246
26.0752,54,2962,2271,2923,1969,2246
26.0956,54,2963,2271,2923,1969,2246
26.1159,54,2964,2271,2923,1969,2246
26.1364,54,2965,2271,2923,1968,2246
26.1567,54,2966,2271,2923,1968,2246
26.1770,54,2966,2272,2923,1968,2246
26.1976,54,2967,2272,2923,1968,2246
26.2180,54,2967,2273,2923,1968,2246
26.2381,54,2967,2274,2923,1967,2246
26.2587,53,2967,2275,2923,1967,2246
26.2789,53,2968,2276,2923,1966,2246
26.2991,52,2968,2278,2923,1966,2246
26.3195,52,2968,2280,2923,1965,2246
26.3400,52,2968,2280,2924,1965,2246
26.3607,52,2968,2281,2925,1965,2246
26.3810,52,2968,2283,2925,1965,2246
26.4013,51,2968,2284,2925,1965,2245
26.4217,51,2968,2286,2925,1965,2245
26.4419,51,2968,2287,2926,1965,2245
26.4620,51,2968,2288,2927,1965,2245
26.4825,51,2968,2290,2927,1965,2245
26.5030,50,2968,2291,2928,1964,2245
26.5231,50,2968,2292,2929,1964,2245
26.5437,50,2968,2293,2930,1963,2245
26.5642,50,2968,2295,2930,1962,2244
26.5848,50,2968,2296,2930,1962,2244
26.6054,49,2968,2297,2930,1962,2244
26.6259,49,2968,2299,2930,1962,2244
26.6466,48,2969,2300,2930,1961,2244
26.6672,48,2969,2301,2930,1961,2243
26.6875,47,2969,2301,2930,1961,2243
26.7083,47,2970,2302,2930,1960,2243
26.7290,46,2970,2303,2930,1960,2243
26.7494,46,2970,2303,2930,1959,2243
26.7697,45,2971,2304,2930,1959,2243
26.7898,45,2971,2304,2930,1958,2243
26.8102,44,2972,2304,2930,1958,2243
26.8304,44,2972,2304,2930,1958,2243
26.8514,43,2973,2305,2930,1958,2243
26.8718,43,2974,2306,2930,1958,2243
26.8920,42,2975,2306,2930,1958,2243
26.9124,42,2976,2306,2930,1958,2243
26.9331,41,2977,2306,2930,1958,2242
26.9537,41,2978,2307,2930,1957,2242
26.9740,40,2979,2307,2930,1957,2242
26.9944,40,2980,2307,2930,1957,2242
27.0148,39,2981,2307,2930,1957,2242
27.0352,38,2981,2307,2930,1956,2242
27.0556,38,2981,2307,2930,1956,2241
27.0760,37,2981,2307,2930,1955,2241
27.0964,37,2982,2307,2930,1955,2241
27.1168,37,2983,2307,2930,1955,2241
27.1373,37,2984,2308,2930,1954,2241
27.1579,37,2984,2308,2930,1953,2241
27.1789,37,2985,2309,2930,1953,2241
27.1992,37,2986,2309,2930,1953,2241
27.2200,37,2986,2309,2930,1953,2241
27.2402,37,2987,2309,2930,1954,2241
27.2604,37,2987,2310,2930,1955,2241
27.2807,37,2987,2311,2930,1955,2241
27.3010,37,2987,2312,2930,1955,2240
27.3212,37,2987,2313,2930,1955,2240
27.3416,37,2987,2314,2930,1954,2239
27.3619,37,2987,2315,2930,1952,2239
27.3823,37,2988,2316,2930,1952,2238
27.4025,37,2988,2316,2930,1951,2238
27.4230,37,2989,2316,2930,1951,2237
27.4437,37,2990,2317,2930,1951,2237
27.4641,37,2991,2317,2930,1951,2237
27.4846,37,2991,2317,2930,1952,2237
27.5050,37,2992,2317,2930,1953,2237
27.5256,37,2992,2317,2930,1953,2238
27.5461,37,2992,2316,2930,1954,2238
27.5666,36,2992,2315,2930,1954,2238
27.5870,36,2990,2315,2930,1955,2239
27.6081,36,2989,2314,2930,1955,2239
27.6286,36,2985,2313,2930,1955,2239
27.6494,36,2982,2312,2930,1955,2239
27.6698,36,2977,2311,2930,1956,2239
27.6903,36,2972,2310,2930,1956,2239
27.7105,36,2966,2309,2930,1957,2239
27.7310,36,2960,2307,2930,1957,2239
27.7514,35,2953,2306,2929,1957,2239
27.7717,35,2946,2306,2928,1958,2240
27.7921,35,2939,2306,2926,1958,2240
27.8128,34,2931,2306,2925,1958,2240
27.8335,34,2925,2306,2923,1959,2240
27.8538,33,2918,2306,2921,1959,2240
27.8740,32,2910,2307,2919,1959,2240
27.8952,32,2903,2308,2919,1959,2240
27.9157,31,2895,2310,2918,1959,2240
27.9361,30,2888,2311,2917,1959,2239
27.9566,29,2881,2313,2916,1959,2239
27.9773,29,2873,2316,2915,1959,2239
27.9979,28,2866,2317,2915,1959,2239
28.0183,28,2858,2320,2914,1959,2238
28.0388,27,2850,2323,2913,1959,2238
28.0596,26,2843,2326,2913,1959,2238
28.0801,26,2835,2330,2912,1958,2238
28.1006,25,2827,2334,2911,1957,2238
28.1209,24,2820,2338,2909,1955,2237
28.1412,24,2813,2344,2907,1954,2237
28.1617,23,2806,2349,2904,1951,2237
28.1819,23,2799,2355,2900,1949,2237
28.2020,22,2793,2361,2897,1947,2236
28.2223,21,2787,2366,2895,1945,2236
28.2426,20,2782,2370,2894,1944,2236
28.2627,19,2777,2373,2894,1943,2235
28.2830,18,2773,2376,2893,1941,2235
28.3039,17,2769,2379,2893,1941,2235
28.3244,16,2766,2381,2892,1940,2235
28.3444,15,2763,2383,2892,1939,2234
28.3645,14,2762,2384,2891,1938,2233
28.3849,13,2760,2385,2891,1937,2233
28.4054,11,2759,2386,2890,1937,2232
28.4255,10,2759,2387,2889,1936,2232
28.4457,9,2759,2388,2888,1934,2231
28.4658,8,2759,2388,2887,1933,2230
28.4859,7,2759,2389,2885,1931,2230
28.5067,6,2759,2392,2882,1929,2230
28.5271,5,2759,2394,2878,1927,2230
28.5475,5,2759,2399,2873,1924,2230
28.5682,4,2759,2403,2868,1922,2230
28.5884,4,2760,2407,2865,1920,2230
28.6087,4,2760,2411,2862,1919,2230
28.6298,4,2760,2415,2860,1918,2231
28.6501,5,2760,2419,2859,1917,2231
28.6705,6,2760,2422,2859,1917,2232
28.6905,7,2761,2426,2859,1917,2233
28.7106,8,2761,2429,2859,1917,2233
28.7308,9,2761,2433,2861,1917,2234
28.7510,10,2761,2436,2864,1917,2235
28.7714,10,2761,2438,2871,1917,2236
28.7918,10,2761,2442,2876,1916,2237
28.8124,11,2761,2445,2882,1916,2237
28.8325,11,2759,2448,2889,1914,2236
28.8529,10,2758,2450,2899,1914,2236
28.8736,10,2755,2453,2909,1914,2236
28.8940,9,2751,2456,2918,1914,2236
28.9146,8,2746,2460,2926,1914,2236
28.9351,6,2740,2464,2934,1914,2236
28.9559,5,2734,2471,2941,1910,2236
28.9767,3,2726,2477,2946,1906,2234
28.9967,1,2718,2485,2947,1903,2234
29.0172,0,2709,2493,2948,1900,2233
29.0376,4094,2701,2502,2948,1898,2233
29.0577,4091,2692,2508,2951,1897,2233
29.0780,4088,2683,2513,2956,1896,2233
29.0981,4086,2675,2518,2961,1895,2233
29.1182,4083,2667,2524,2967,1895,2232
29.1384,4082,2659,2529,2969,1895,2232
29.1585,4080,2651,2535,2970,1893,2232
29.1788,4079,2644,2539,2972,1891,2232
29.1990,4078,2639,2543,2975,1889,2231
29.2200,4076,2634,2546,2976,1889,2231
29.2401,4075,2628,2549,2977,1891,2231
29.2606,4073,2623,2551,2978,1893,2231
29.2806,4071,2619,2553,2979,1893,2231
29.3009,4070,2614,2556,2980,1893,2231
29.3212,4068,2611,2558,2981,1891,2231
29.3424,4066,2607,2561,2981,1889,2231
29.3631,4064,2603,2564,2981,1887,2231
29.3836,4061,2600,2568,2981,1884,2231
29.4039,4058,2597,2572,2981,1880,2230
29.4242,4055,2594,2576,2981,1877,2229
29.4442,4053,2592,2579,2981,1874,2229
29.4645,4050,2590,2582,2981,1873,2229
29.4849,4048,2590,2584,2981,1872,2228
29.5058,4045,2589,2584,2980,1872,2228
29.5262,4044,2589,2585,2978,1871,2228
29.5464,4042,2589,2586,2976,1870,2228
29.5668,4041,2589,2588,2972,1869,2227
29.5871,4041,2590,2590,2967,1868,2227
29.6075,4040,2592,2592,2962,1868,2226
29.6281,4040,2594,2592,2957,1868,2226
29.6486,4039,2596,2593,2954,1868,2226
29.6690,4038,2598,2593,2952,1868,2226
29.6891,4037,2600,2594,2950,1867,2226
29.7093,4036,2603,2594,2948,1866,2226
29.7295,4035,2605,2594,2945,1865,2227
29.7496,4034,2606,2594,2943,1865,2227
29.7708,4033,2609,2594,2942,1863,2227
29.7910,4032,2611,2594,2940,1862,2227
29.8114,4032,2613,2594,2938,1859,2227
29.8317,4031,2616,2594,2934,1858,2227
29.8525,4031,2619,2594,2931,1857,2227
29.8728,4031,2622,2594,2930,1857,2227
29.8932,4030,2625,2593,2929,1857,2227
29.9137,4030,2627,2593,2928,1857,2227
29.9344,4030,2629,2593,2926,1857,2226
29.9547,4029,2631,2593,2926,1857,2226
29.9752,4029,2633,2593,2925,1856,2226
29.9956,4029,2635,2593,2925,1856,2226
30.0161,4029,2637,2593,2924,1855,2226
30.0367,4029,2638,2594,2922,1855,2226
30.0573,4028,2639,2595,2919,1855,2226
30.0780,4028,2641,2596,2918,1854,2226
30.0981,4028,2642,2596,2917,1853,2226
30.1186,4028,2643,2597,2916,1852,2226
30.1399,4027,2643,2599,2914,1851,2226
30.1600,4027,2645,2600,2913,1850,2226
30.1806,4027,2646,2600,2912,1849,2226
30.2012,4027,2648,2600,2911,1849,2226
30.2216,4027,2649,2600,2910,1847,2226
30.2419,4027,2650,2601,2909,1847,2225
30.2619,4027,2652,2602,2908,1846,2225
30.2822,4027,2653,2603,2907,1845,2225
30.3026,4027,2655,2603,2907,1844,2225
30.3226,4027,2655,2603,2906,1844,2225
30.3428,4027,2657,2603,2905,1844,2225
30.3630,4027,2658,2604,2905,1844,2225
30.3834,4027,2659,2604,2905,1844,2225
30.4039,4027,2661,2604,2904,1843,2225
30.4245,4027,2663,2604,2904,1843,2224
30.4450,4027,2664,2604,2904,1843,2224
30.4651,4027,2666,2604,2904,1843,2224
30.4856,4027,2667,2605,2904,1842,2223
30.5060,4027,2669,2605,2904,1842,2223
30.5266,4028,2671,2605,2904,1842,2223
30.5472,4028,2674,2605,2904,1842,2223
30.5676,4029,2676,2605,2903,1843,2222
30.5882,4029,2678,2604,2903,1843,2222
30.6084,4029,2680,2603,2903,1843,2222
30.6286,4030,2682,2602,2903,1843,2222
30.6490,4030,2684,2601,2901,1843,2222
30.6690,4031,2686,2600,2900,1843,2221
30.6895,4031,2688,2599,2898,1844,2221
30.7099,4031,2689,2599,2897,1844,2221
30.7306,4031,2691,2598,2897,1844,2221
30.7509,4031,2692,2598,2897,1844,2221
30.7712,4031,2693,2598,2896,1844,2221
30.7923,4031,2694,2597,2895,1843,2221
30.8124,4031,2696,2597,2894,1843,2221
30.8328,4031,2697,2597,2893,1842,2221
30.8533,4031,2698,2597,2893,1841,2220
30.8737,4031,2699,2598,2892,1840,2220
30.8942,4031,2700,2598,2891,1839,2220
30.9145,4031,2702,2599,2891,1838,2220
30.9346,4031,2703,2600,2891,1838,2220
30.9550,4030,2704,2600,2891,1837,2220
30.9751,4029,2705,2600,2891,1837,2220
30.9956,4029,2707,2600,2891,1837,2219
31.0157,4028,2708,2601,2891,1836,2219
31.0361,4027,2709,2601,2891,1835,2219
31.0566,4027,2710,2601,2891,1834,2219
31.0768,4026,2711,2602,2891,1833,2219
31.0970,4026,2712,2603,2890,1832,2219
31.1173,4025,2712,2603,2890,1832,2219
31.1378,4025,2713,2604,2890,1832,2219
31.1582,4025,2713,2604,2890,1831,2218
31.1784,4024,2713,2605,2890,1830,2218
31.1985,4024,2713,2606,2890,1829,2218
31.2190,4023,2713,2608,2890,1829,2217
31.2396,4023,2713,2610,2890,1828,2217
31.2600,4023,2713,2611,2890,1826,2217
31.2806,4023,2713,2612,2890,1825,2216
31.3013,4023,2713,2614,2890,1824,2216
31.3216,4023,2713,2616,2890,1824,2215
31.3422,4023,2713,2618,2890,1822,2215
31.3627,4023,2713,2620,2890,1821,2214
31.3833,4023,2713,2621,2890,1820,2213
31.4037,4023,2713,2625,2888,1818,2212
31.4244,4024,2713,2627,2887,1817,2212
31.4445,4024,2713,2630,2886,1816,2211
31.4649,4024,2713,2632,2884,1816,2210
31.4852,4025,2713,2633,2883,1822,2209
31.5053,4025,2712,2634,2883,1827,2209
31.5253,4025,2711,2633,2883,1829,2209
31.5455,4025,2710,2633,2883,1829,2209
31.5661,4025,2710,2633,2883,1828,2208
31.5866,4025,2709,2635,2883,1825,2208
31.6068,4025,2708,2636,2883,1823,2208
31.6272,4025,2708,2636,2883,1823,2209
31.6485,4025,2707,2636,2884,1822,2210
31.6689,4025,2706,2636,2884,1822,2211
31.6892,4025,2705,2636,2884,1821,2211
31.7099,4023,2704,2636,2884,1822,2213
31.7301,4022,2701,2635,2884,1824,2214
31.7502,4021,2698,2633,2884,1825,2216
31.7702,4019,2694,2630,2884,1827,2217
31.7904,4018,2690,2625,2884,1829,2217
31.8113,4018,2684,2621,2884,1830,2217
31.8316,4017,2679,2618,2884,1830,2217
31.8524,4016,2673,2616,2883,1831,2217
31.8726,4015,2667,2612,2883,1831,2217
31.8930,4014,2661,2609,2883,1832,2217
31.9137,4012,2655,2606,2883,1834,2217
31.9339,4012,2649,2603,2882,1835,2216
31.9541,4011,2643,2600,2882,1837,2216
31.9748,4010,2637,2597,2882,1839,2216
31.9948,4010,2632,2594,2881,1840,2216
32.0154,4010,2626,2591,2878,1841,2215
32.0355,4010,2621,2589,2876,1843,2214
32.0559,4010,2616,2586,2873,1845,2214
32.0772,4011,2612,2583,2869,1847,2214
32.0977,4012,2608,2580,2865,1848,2213
32.1184,4014,2605,2576,2861,1850,2212
32.1388,4015,2602,2572,2856,1851,2212
32.1590,4017,2600,2569,2852,1853,2212
32.1795,4019,2597,2567,2844,1854,2212
32.1997,4021,2596,2564,2835,1854,2211
32.2200,4023,2594,2563,2824,1854,2211
32.2403,4025,2594,2563,2811,1855,2211
32.2609,4027,2593,2562,2797,1855,2211
32.2812,4029,2593,2562,2782,1855,2211
32.3015,4031,2593,2562,2768,1855,2211
32.3220,4033,2594,2562,2755,1855,2211
32.3425,4034,2596,2562,2745,1855,2211
32.3629,4036,2598,2560,2737,1856,2211
32.3836,4037,2600,2559,2729,1856,2211
32.4049,4038,2603,2558,2723,1856,2210
32.4256,4038,2606,2557,2720,1856,2210
32.4458,4039,2609,2555,2719,1856,2210
32.4663,4039,2613,2552,2718,1856,2210
32.4867,4039,2617,2550,2718,1856,2210
32.5071,4039,2621,2548,2718,1855,2210
32.5276,4039,2626,2546,2718,1854,2210
32.5483,4038,2631,2544,2718,1854,2209
32.5687,4038,2635,2542,2718,1855,2209
32.5891,4038,2641,2539,2719,1857,2209
32.6096,4038,2646,2534,2721,1860,2207
32.6300,4038,2652,2529,2723,1862,2206
32.6503,4038,2658,2523,2726,1864,2205
32.6705,4038,2664,2517,2729,1864,2205
32.6906,4038,2670,2512,2733,1864,2204
32.7110,4038,2676,2507,2735,1864,2204
32.7312,4038,2683,2503,2736,1864,2204
32.7518,4038,2689,2498,2736,1864,2203
32.7722,4038,2695,2494,2737,1864,2202
32.7926,4037,2701,2491,2739,1864,2202
32.8129,4037,2706,2488,2741,1863,2202
32.8330,4037,2713,2486,2743,1862,2201
32.8535,4036,2718,2483,2745,1862,2201
32.8740,4036,2724,2480,2747,1862,2201
32.8945,4035,2730,2478,2750,1860,2201
32.9147,4034,2736,2476,2751,1857,2201
32.9349,4033,2742,2475,2752,1854,2200
32.9553,4032,2747,2473,2754,1853,2199
32.9753,4031,2753,2472,2755,1852,2198
32.9955,4030,2759,2469,2758,1851,2198
33.0161,4028,2764,2465,2763,1851,2197
33.0370,4026,2770,2462,2766,1851,2197
33.0573,4025,2776,2459,2767,1851,2197
33.0775,4022,2782,2457,2770,1850,2197
33.0980,4020,2787,2454,2772,1850,2197
33.1184,4018,2792,2452,2774,1850,2197
33.1386,4016,2797,2450,2775,1849,2197
33.1589,4013,2801,2449,2775,1847,2197
33.1793,4010,2806,2447,2775,1846,2197
33.1994,4007,2812,2445,2775,1845,2197
33.2200,4004,2817,2442,2775,1845,2197
33.2403,4001,2823,2438,2775,1845,2197
33.2603,3998,2830,2433,2775,1845,2197
33.2804,3995,2837,2428,2775,1846,2197
33.3010,3992,2844,2421,2775,1846,2200
33.3215,3990,2852,2415,2775,1846,2202
33.3420,3987,2859,2409,2775,1846,2203
33.3624,3984,2867,2402,2774,1845,2204
33.3826,3982,2876,2395,2773,1844,2208
33.4029,3979,2884,2388,2772,1843,2211
33.4230,3976,2892,2381,2771,1842,2215
33.4434,3973,2900,2376,2769,1839,2217
33.4636,3970,2906,2371,2768,1837,2217
33.4839,3966,2913,2367,2766,1834,2218
33.5043,3963,2918,2363,2764,1832,2219
33.5246,3960,2924,2360,2763,1829,2223
33.5457,3957,2929,2356,2762,1828,2226
33.5661,3953,2933,2352,2760,1827,2230
33.5866,3950,2938,2348,2758,1827,2233
33.6070,3948,2942,2344,2756,1826,2238
33.6274,3945,2947,2340,2753,1825,2242
33.6479,3943,2951,2335,2750,1825,2247
33.6679,3941,2957,2330,2746,1826,2254
33.6891,3938,2962,2324,2741,1826,2261
33.7093,3937,2968,2318,2736,1825,2267
33.7296,3934,2973,2313,2732,1824,2271
33.7497,3932,2978,2308,2727,1823,2272
33.7698,3930,2982,2302,2725,1823,2273
33.7903,3928,2986,2295,2723,1824,2273
33.8107,3926,2989,2289,2723,1826,2272
33.8309,3924,2991,2284,2723,1826,2272
33.8515,3921,2992,2281,2723,1826,2271
33.8722,3918,2992,2279,2722,1826,2270
33.8923,3915,2992,2278,2722,1826,2270
33.9131,3913,2992,2276,2721,1826,2271
33.9334,3910,2992,2275,2721,1826,2272
33.9539,3908,2991,2274,2720,1825,2273
33.9741,3906,2991,2274,2718,1822,2274
33.9953,3904,2991,2274,2715,1820,2274
34.0154,3903,2991,2275,2711,1817,2274
34.0365,3902,2992,2277,2708,1814,2274
34.0566,3900,2993,2279,2706,1809,2273
34.0771,3898,2993,2280,2706,1803,2270
34.0978,3896,2993,2281,2705,1798,2270
34.1179,3894,2993,2283,2705,1795,2268
34.1384,3892,2994,2284,2705,1794,2265
34.1588,3890,2994,2285,2705,1794,2260
34.1789,3888,2994,2287,2705,1794,2256
34.1992,3887,2993,2289,2705,1794,2253
34.2196,3886,2993,2292,2705,1794,2252
34.2401,3886,2993,2294,2705,1794,2252
34.2602,3886,2993,2296,2705,1795,2251
34.2808,3886,2993,2299,2705,1795,2249
34.3008,3886,2993,2300,2705,1795,2249
34.3210,3887,2994,2302,2705,1795,2249
34.3413,3887,2995,2304,2705,1796,2249
34.3615,3888,2996,2305,2705,1796,2249
34.3816,3889,2998,2307,2705,1796,2249
34.4020,3890,2999,2307,2706,1796,2249
34.4224,3890,3001,2308,2706,1796,2249
34.4433,3890,3002,2309,2706,1795,2249
34.4634,3890,3003,2309,2706,1795,2249
34.4838,3890,3005,2309,2706,1795,2249
34.5042,3890,3006,2309,2706,1795,2249
34.5242,3890,3007,2310,2706,1795,2249
34.5447,3890,3008,2310,2707,1794,2248
34.5648,3890,3009,2311,2707,1793,2248
34.5850,3889,3010,2312,2707,1792,2248
34.6053,3889,3011,2313,2708,1791,2247
34.6255,3889,3012,2313,2711,1791,2246
34.6457,3889,3014,2313,2714,1790,2245
34.6661,3889,3015,2313,2715,1790,2243
34.6862,3889,3016,2313,2717,1790,2238
34.7065,3889,3016,2313,2719,1789,2234
34.7268,3889,3017,2313,2722,1789,2231
34.7471,3889,3018,2313,2723,1789,2229
34.7675,3889,3019,2313,2724,1789,2228
34.7877,3889,3019,2313,2725,1788,2226
34.8078,3889,3020,2313,2726,1787,2223
34.8283,3888,3020,2313,2727,1787,2220
34.8488,3888,3020,2314,2728,1786,2219
34.8695,3888,3020,2314,2729,1785,2218
34.8901,3888,3020,2315,2730,1784,2218
34.9103,3888,3020,2315,2731,1783,2218
34.9308,3887,3021,2316,2732,1781,2218
34.9514,3887,3022,2317,2733,1780,2217
34.9717,3887,3022,2317,2734,1780,2217
34.9921,3887,3023,2317,2735,1779,2217
35.0122,3887,3024,2317,2738,1779,2217
35.0323,3887,3025,2317,2741,1779,2216
35.0526,3887,3026,2316,2744,1778,2216
35.0727,3887,3027,2315,2746,1778,2215
35.0930,3887,3028,2315,2748,1778,2215
35.1134,3887,3029,2315,2750,1778,2215
35.1338,3887,3030,2314,2751,1777,2215
35.1541,3887,3031,2314,2752,1777,2215
35.1744,3887,3032,2313,2754,1777,2215
35.1949,3887,3033,2312,2756,1777,2215
35.2152,3888,3035,2311,2759,1777,2215
35.2354,3888,3036,2310,2761,1777,2215
35.2557,3888,3038,2309,2763,1777,2215
35.2769,3889,3040,2307,2765,1777,2215
35.2978,3889,3042,2304,2770,1777,2214
35.3187,3889,3044,2301,2774,1778,2214
35.3387,3889,3046,2298,2777,1778,2214
35.3592,3890,3048,2296,2779,1779,2214
35.3795,3890,3050,2294,2781,1780,2213
35.3995,3890,3052,2292,2783,1781,2213
35.4198,3890,3053,2290,2786,1781,2213
35.4402,3890,3054,2288,2787,1781,2213
35.4602,3890,3055,2288,2787,1781,2213
35.4812,3890,3056,2288,2787,1781,2213
35.5015,3890,3057,2287,2787,1781,2213
35.5217,3890,3059,2287,2787,1781,2213
35.5425,3890,3059,2287,2787,1781,2213
35.5626,3890,3060,2287,2788,1780,2213
35.5832,3890,3060,2287,2788,1780,2212
35.6034,3890,3061,2287,2789,1780,2212
35.6241,3890,3061,2287,2790,1780,2212
35.6445,3890,3061,2287,2792,1780,2212
35.6648,3890,3061,2287,2792,1781,2212
35.6854,3890,3062,2287,2794,1781,2212
35.7057,3890,3062,2287,2795,1781,2212
35.7267,3890,3062,2287,2797,1781,2212
35.7468,3890,3063,2287,2798,1781,2212
35.7674,3890,3063,2287,2798,1781,2212
35.7877,3890,3063,2287,2799,1781,2212
35.8084,3890,3063,2287,2800,1781,2212
35.8289,3890,3063,2287,2800,1782,2212
35.8500,3890,3062,2286,2800,1783,2212
35.8703,3890,3060,2286,2800,1784,2212
35.8906,3890,3057,2285,2800,1786,2212
35.9111,3891,3052,2284,2801,1789,2212
35.9313,3891,3047,2283,2801,1792,2212
35.9518,3892,3042,2283,2801,1796,2212
35.9720,3893,3035,2283,2801,1800,2213
35.9923,3893,3028,2282,2801,1804,2213
36.0125,3893,3020,2282,2801,1807,2213
36.0329,3893,3012,2283,2801,1811,2213
36.0532,3894,3002,2285,2801,1815,2213
36.0740,3894,2993,2288,2801,1820,2213
36.0945,3894,2982,2290,2801,1824,2212
36.1146,3894,2972,2293,2801,1827,2212
36.1350,3894,2961,2297,2801,1829,2212
36.1552,3895,2951,2301,2800,1832,2212
36.1758,3897,2939,2306,2799,1837,2212
36.1962,3899,2928,2310,2799,1842,2211
36.2169,3901,2918,2315,2799,1846,2211
36.2373,3905,2907,2319,2799,1850,2210
36.2577,3908,2896,2324,2799,1853,2210
36.2789,3912,2885,2330,2799,1856,2210
36.2991,3916,2875,2336,2799,1859,2210
36.3198,3920,2865,2341,2799,1863,2210
36.3400,3925,2856,2348,2799,1867,2208
36.3601,3930,2845,2355,2798,1871,2207
36.3807,3936,2835,2363,2798,1875,2207
36.4011,3942,2826,2371,2798,1879,2205
36.4214,3949,2816,2379,2798,1882,2203
36.4416,3958,2807,2388,2798,1887,2201
36.4621,3967,2798,2397,2798,1893,2200
36.4822,3975,2789,2404,2799,1899,2198
36.5025,3983,2781,2411,2801,1905,2196
36.5227,3992,2773,2420,2802,1911,2193
36.5430,4001,2765,2427,2803,1916,2190
36.5632,4009,2758,2432,2807,1923,2188
36.5834,4017,2752,2436,2813,1931,2186
36.6038,4025,2745,2437,2821,1941,2184
36.6243,4033,2740,2438,2828,1948,2184
36.6444,4040,2736,2439,2835,1956,2184
36.6647,4047,2733,2439,2844,1964,2184
36.6855,4053,2730,2438,2853,1971,2183
36.7056,4060,2728,2436,2861,1976,2184
36.7258,4066,2727,2434,2869,1980,2187
36.7465,4071,2727,2431,2876,1984,2189
36.7668,4077,2728,2429,2881,1989,2190
36.7881,4082,2730,2425,2886,1993,2192
36.8085,4088,2733,2421,2892,1997,2192
36.8291,4094,2736,2416,2898,2000,2193
36.8492,3,2739,2412,2905,2003,2194
36.8693,9,2742,2405,2913,2008,2195
36.8895,15,2746,2398,2921,2013,2195
36.9097,21,2750,2393,2925,2018,2195
36.9301,27,2755,2388,2927,2021,2195
36.9502,33,2760,2383,2928,2024,2196
36.9704,38,2766,2377,2930,2027,2196
36.9907,42,2772,2371,2932,2030,2196
37.0111,46,2779,2366,2935,2033,2196
37.0314,50,2785,2360,2938,2036,2195
37.0515,53,2790,2355,2940,2037,2194
37.0716,56,2796,2350,2942,2038,2194
37.0918,57,2801,2346,2943,2039,2194
37.1118,58,2807,2343,2943,2041,2194
37.1321,59,2812,2339,2943,2042,2193
37.1532,60,2818,2336,2943,2043,2192
37.1736,61,2824,2333,2943,2043,2192
37.1941,61,2829,2331,2943,2042,2191
37.2143,62,2835,2328,2943,2041,2191
37.2346,62,2841,2325,2943,2041,2190
37.2549,62,2847,2323,2943,2041,2190
37.2759,63,2853,2321,2943,2041,2190
37.2968,63,2858,2318,2943,2041,2190
37.3175,64,2863,2316,2943,2040,2189
37.3380,64,2867,2315,2943,2039,2189
37.3583,64,2869,2314,2943,2038,2189
37.3789,63,2871,2314,2943,2037,2189
37.3993,63,2871,2314,2943,2036,2189
37.4198,62,2872,2316,2943,2034,2189
37.4402,61,2872,2317,2943,2032,2189
37.4610,60,2872,2319,2943,2031,2189
37.4814,59,2872,2320,2943,2029,2188
37.5027,59,2872,2321,2943,2028,2187
37.5229,58,2872,2322,2943,2026,2187
37.5433,58,2873,2324,2943,2024,2187
37.5636,58,2875,2325,2943,2021,2187
37.5841,58,2876,2327,2943,2019,2187
37.6047,58,2877,2328,2943,2018,2186
37.6247,57,2879,2329,2943,2018,2186
37.6451,57,2881,2331,2943,2017,2186
37.6655,57,2882,2332,2943,2016,2185
37.6859,56,2884,2333,2943,2015,2185
37.7061,56,2885,2335,2943,2014,2185
37.7269,55,2886,2336,2943,2012,2185
37.7473,54,2888,2337,2943,2011,2185
37.7676,53,2889,2338,2943,2009,2185
37.7877,52,2889,2339,2943,2007,2185
37.8081,52,2890,2339,2943,2006,2185
37.8287,51,2891,2339,2943,2005,2185
37.8488,50,2892,2339,2943,2004,2185
37.8693,49,2893,2339,2943,2004,2185
37.8895,48,2895,2339,2943,2004,2185
37.9101,48,2896,2338,2943,2004,2185
37.9305,47,2896,2338,2943,2003,2185
37.9510,46,2897,2338,2943,2002,2185
37.9713,46,2898,2338,2943,2001,2184
37.9922,46,2901,2338,2943,2000,2184
38.0124,46,2902,2338,2943,1998,2184
38.0326,46,2904,2338,2943,1997,2184
38.0527,46,2907,2337,2943,1996,2184
38.0730,46,2909,2336,2943,1996,2184
38.0932,46,2911,2335,2943,1997,2184
38.1136,46,2913,2335,2943,1997,2184
38.1341,46,2914,2334,2943,1997,2184
38.1544,47,2916,2334,2943,1997,2184
38.1754,47,2917,2334,2943,1997,2184
38.1958,47,2919,2334,2943,1997,2184
38.2161,48,2920,2334,2943,1996,2184
38.2363,48,2921,2334,2943,1996,2184
38.2568,48,2922,2333,2943,1997,2184
38.2777,48,2923,2332,2943,1997,2184
38.2982,48,2924,2332,2943,1998,2184
38.3183,48,2925,2332,2943,1998,2184
38.3389,48,2926,2331,2943,1998,2184
38.3591,48,2927,2330,2943,1998,2184
38.3796,49,2928,2330,2943,1998,2183
38.4001,49,2930,2329,2943,1998,2183
38.4202,49,2931,2328,2943,1998,2183
38.4407,49,2932,2327,2943,1999,2183
38.4612,49,2933,2326,2943,1999,2183
38.4814,49,2934,2325,2943,1999,2183
38.5018,49,2935,2325,2943,1999,2183
38.5219,49,2936,2325,2943,1999,2183
38.5424,49,2937,2325,2943,1999,2183
38.5627,49,2938,2325,2943,1999,2183
38.5832,49,2939,2325,2943,1999,2182
38.6038,49,2939,2325,2944,1999,2182
38.6240,49,2940,2325,2944,1998,2182
38.6443,49,2941,2325,2944,1998,2182
38.6647,49,2942,2325,2944,1997,2182
38.6849,48,2943,2325,2945,1997,2182
38.7054,47,2944,2325,2945,1996,2181
38.7257,47,2945,2325,2946,1994,2181
38.7460,46,2946,2325,2947,1992,2180
38.7665,45,2947,2325,2949,1992,2180
38.7878,45,2949,2325,2950,1991,2180
38.8079,44,2950,2325,2952,1989,2180
38.8280,44,2951,2325,2953,1988,2180
38.8481,43,2952,2325,2954,1987,2179
38.8681,42,2953,2325,2955,1986,2179
38.8886,42,2954,2326,2956,1986,2179
38.9092,42,2954,2327,2957,1985,2179
38.9293,41,2954,2328,2957,1984,2178
38.9499,40,2955,2329,2957,1982,2177
38.9704,39,2955,2330,2957,1981,2177
38.9914,38,2956,2331,2957,1980,2177
39.0119,38,2956,2331,2957,1979,2177
39.0319,37,2957,2332,2957,1979,2176
39.0520,37,2957,2332,2957,1979,2176
39.0723,37,2957,2332,2957,1979,2176
39.0926,36,2957,2332,2957,1979,2176
39.1132,35,2957,2332,2957,1979,2176
39.1335,35,2957,2332,2957,1979,2176
39.1538,35,2957,2332,2957,1979,2176
39.1741,34,2955,2331,2957,1980,2176
39.1945,34,2954,2329,2957,1982,2176
39.2147,33,2952,2327,2957,1983,2176
39.2352,33,2948,2326,2957,1985,2176
39.2562,32,2943,2325,2957,1987,2176
39.2764,31,2937,2324,2957,1989,2176
39.2967,30,2929,2323,2957,1992,2176
39.3169,29,2921,2322,2957,1995,2176
39.3377,28,2912,2322,2956,1999,2176
39.3581,27,2903,2322,2955,2001,2176
39.3783,27,2894,2322,2952,2003,2176
39.3984,26,2885,2324,2948,2005,2176
39.4187,25,2876,2326,2945,2007,2176
39.4390,24,2868,2327,2941,2010,2176
39.4593,23,2859,2330,2938,2013,2176
39.4795,22,2851,2332,2935,2014,2176
39.5001,21,2843,2336,2932,2014,2176
39.5205,20,2835,2340,2929,2014,2176
39.5410,18,2828,2345,2925,2013,2176
39.5624,16,2820,2350,2919,2013,2176
39.5829,15,2813,2356,2915,2012,2176
39.6030,14,2806,2362,2910,2011,2176
39.6234,12,2800,2368,2905,2008,2176
39.6435,10,2794,2373,2901,2006,2176
39.6637,8,2789,2378,2900,2005,2176
39.6843,5,2784,2381,2899,2003,2176
39.7044,3,2780,2385,2899,2000,2176
39.7250,0,2777,2389,2898,1997,2176
39.7451,4093,2774,2393,2898,1994,2175
39.7657,4090,2772,2396,2898,1989,2174
39.7865,4086,2770,2399,2897,1985,2173
39.8070,4082,2770,2401,2897,1982,2172
39.8272,4077,2770,2401,2897,1979,2172
39.8476,4072,2770,2402,2897,1979,2172
39.8681,4067,2770,2403,2897,1976,2170
39.8886,4061,2771,2404,2896,1972,2169
39.9094,4055,2771,2405,2896,1968,2168
39.9297,4049,2772,2406,2896,1964,2168
39.9498,4043,2773,2406,2896,1960,2168
39.9702,4037,2774,2407,2896,1955,2168
39.9907,4031,2775,2407,2896,1951,2169
40.0111,4025,2776,2407,2896,1946,2169
40.0316,4018,2777,2408,2896,1941,2168
40.0520,4012,2778,2410,2896,1937,2167
40.0724,4006,2778,2411,2896,1933,2167
40.0932,4001,2779,2411,2896,1929,2167
40.1133,3995,2780,2413,2895,1923,2167
40.1342,3990,2781,2415,2892,1919,2167
40.1546,3985,2782,2416,2890,1916,2167
40.1752,3980,2783,2417,2888,1911,2167
40.1955,3976,2784,2418,2886,1903,2169
40.2157,3970,2786,2420,2883,1897,2169
40.2357,3966,2788,2421,2879,1893,2169
40.2562,3962,2791,2422,2875,1892,2170
40.2766,3958,2794,2422,2873,1888,2171
40.2970,3954,2798,2422,2873,1884,2172
40.3174,3950,2801,2421,2873,1880,2172
40.3378,3946,2805,2419,2871,1879,2172
40.3579,3943,2809,2417,2871,1879,2173
40.3784,3939,2812,2413,2871,1878,2175
40.3987,3936,2816,2409,2871,1876,2175
40.4190,3932,2819,2406,2871,1875,2175
40.4393,3928,2823,2402,2871,1875,2175
40.4599,3924,2827,2398,2871,1875,2175
40.4804,3920,2831,2394,2871,1875,2175
40.5011,3917,2836,2390,2870,1875,2175
40.5216,3914,2840,2387,2869,1874,2174
40.5421,3911,2846,2383,2869,1874,2173
40.5626,3908,2852,2378,2868,1874,2173
40.5833,3906,2859,2373,2868,1874,2172
40.6036,3904,2866,2368,2868,1873,2172
40.6237,3902,2874,2362,2868,1875,2170
40.6445,3901,2881,2356,2869,1877,2169
40.6650,3900,2889,2349,2873,1878,2169
40.6855,3900,2897,2340,2878,1880,2168
40.7058,3900,2904,2332,2883,1883,2167
40.7260,3899,2911,2326,2887,1887,2165
40.7464,3899,2917,2318,2894,1891,2163
40.7669,3899,2923,2309,2905,1892,2163
40.7876,3899,2927,2301,2913,1893,2163
40.8077,3899,2930,2297,2917,1894,2163
40.8282,3899,2933,2295,2917,1897,2161
40.8486,3900,2934,2293,2917,1900,2160
40.8689,3900,2935,2290,2918,1902,2160
40.8894,3901,2936,2289,2919,1903,2160
40.9094,3902,2936,2287,2919,1906,2160
40.9297,3903,2937,2285,2919,1910,2158
40.9503,3905,2937,2283,2919,1915,2157
40.9705,3907,2937,2281,2922,1918,2157
40.9910,3909,2938,2277,2926,1919,2157
41.0114,3911,2938,2274,2930,1922,2157
41.0316,3913,2938,2272,2932,1927,2157
41.0521,3915,2938,2270,2933,1931,2156
41.0726,3916,2938,2269,2933,1933,2156
41.0931,3918,2938,2269,2934,1934,2156
41.1136,3919,2938,2269,2934,1934,2156
41.1340,3921,2938,2269,2934,1934,2156
41.1540,3922,2938,2270,2934,1935,2155
41.1745,3923,2938,2271,2934,1935,2155
41.1949,3925,2939,2271,2935,1935,2155
41.2154,3926,2939,2273,2935,1935,2155
41.2361,3926,2940,2273,2935,1936,2155
41.2564,3927,2941,2274,2935,1936,2155
41.2765,3928,2942,2274,2936,1938,2155
41.2966,3930,2943,2274,2936,1939,2155
41.3166,3931,2945,2274,2936,1940,2155
41.3371,3932,2946,2274,2936,1940,2155
41.3576,3932,2948,2274,2936,1941,2155
41.3779,3933,2949,2274,2936,1942,2155
41.3983,3934,2951,2273,2936,1943,2155
41.4189,3935,2953,2272,2936,1944,2155
41.4391,3935,2956,2271,2936,1944,2155
41.4596,3936,2958,2269,2936,1944,2155
41.4800,3936,2961,2268,2936,1944,2155
41.5002,3936,2964,2266,2936,1944,2155
41.5207,3936,2967,2264,2936,1944,2155
41.5413,3936,2970,2262,2936,1944,2155
41.5619,3937,2973,2260,2936,1944,2155
41.5820,3937,2975,2259,2936,1945,2155
41.6025,3937,2977,2257,2936,1948,2155
41.6230,3937,2979,2254,2937,1950,2155
41.6434,3938,2981,2252,2938,1952,2154
41.6637,3938,2982,2251,2939,1953,2154
41.6840,3939,2984,2250,2940,1954,2153
41.7041,3940,2984,2249,2940,1956,2153
41.7243,3940,2985,2248,2940,1958,2152
41.7447,3941,2986,2247,2940,1961,2152
41.7652,3942,2987,2246,2940,1961,2152
41.7859,3942,2987,2245,2941,1962,2152
41.8062,3943,2987,2245,2941,1963,2152
41.8267,3944,2987,2245,2941,1964,2152
41.8471,3944,2987,2245,2941,1964,2152
41.8682,3945,2987,2245,2941,1964,2152
41.8886,3945,2987,2245,2941,1964,2152
41.9098,3945,2987,2245,2941,1964,2152
41.9300,3945,2987,2246,2941,1963,2152
41.9505,3945,2988,2246,2941,1962,2152
41.9707,3945,2988,2247,2941,1960,2152
41.9910,3945,2988,2248,2941,1959,2152
42.0115,3945,2989,2249,2941,1959,2152
42.0319,3945,2990,2250,2941,1958,2152
42.0523,3945,2991,2250,2941,1958,2152
42.0724,3945,2992,2251,2941,1957,2152
42.0930,3945,2993,2251,2941,1956,2152
42.1138,3944,2994,2252,2941,1955,2151
42.1343,3944,2996,2252,2941,1954,2151
42.1546,3944,2997,2252,2941,1953,2151
42.1746,3944,2998,2252,2941,1952,2151
42.1951,3944,2999,2252,2941,1952,2151
42.2153,3944,3000,2252,2941,1952,2151
42.2355,3944,3001,2251,2941,1952,2151
42.2559,3944,3002,2251,2941,1951,2151
42.2761,3944,3003,2251,2941,1951,2151
42.2961,3945,3003,2251,2941,1951,2151
42.3166,3945,3004,2251,2941,1950,2151
42.3371,3945,3005,2250,2941,1950,2151
42.3571,3945,3005,2250,2941,1949,2151
42.3779,3945,3006,2250,2941,1948,2151
42.3984,3944,3007,2250,2941,1946,2151
42.4186,3944,3008,2251,2941,1945,2152
42.4392,3943,3009,2251,2941,1943,2152
42.4596,3943,3010,2251,2941,1941,2152
42.4798,3943,3011,2252,2941,1939,2152
42.5000,3943,3012,2252,2941,1936,2153
42.5204,3942,3014,2252,2941,1935,2153
42.5406,3942,3015,2253,2941,1932,2154
42.5609,3941,3016,2253,2941,1931,2154
42.5813,3940,3017,2253,2941,1930,2154
42.6021,3940,3018,2254,2941,1929,2154
42.6222,3939,3020,2254,2941,1928,2154
42.6427,3938,3021,2254,2941,1926,2154
42.6630,3938,3022,2255,2941,1925,2153
42.6834,3937,3023,2255,2941,1923,2153
42.7041,3937,3024,2257,2941,1921,2152
42.7246,3937,3026,2258,2940,1918,2152
42.7451,3937,3027,2260,2939,1914,2152
42.7654,3937,3028,2262,2939,1913,2152
42.7859,3937,3029,2263,2938,1913,2151
42.8061,3937,3030,2264,2938,1912,2151
42.8267,3937,3031,2266,2938,1911,2151
42.8472,3937,3031,2267,2938,1910,2151
42.8678,3937,3031,2268,2938,1909,2150
42.8880,3937,3031,2269,2938,1909,2150
42.9082,3937,3031,2271,2937,1909,2150
42.9288,3937,3030,2273,2937,1908,2149
42.9493,3937,3030,2274,2937,1908,2149
42.9700,3937,3029,2274,2937,1908,2149
42.9904,3937,3028,2274,2937,1909,2150
43.0108,3937,3026,2274,2937,1911,2151
43.0310,3938,3023,2273,2938,1914,2151
43.0512,3938,3021,2270,2938,1918,2151
43.0720,3938,3017,2268,2938,1921,2151
43.0924,3938,3012,2266,2939,1925,2150
43.1128,3938,3007,2264,2941,1928,2150
43.1333,3939,3001,2262,2943,1931,2150
43.1538,3939,2994,2260,2944,1936,2149
43.1744,3940,2986,2259,2945,1940,2149
43.1946,3941,2978,2259,2946,1945,2149
43.2152,3942,2969,2259,2949,1949,2148
43.2355,3942,2960,2258,2951,1952,2148
43.2561,3943,2950,2258,2952,1955,2148
43.2761,3944,2940,2260,2954,1959,2148
43.2965,3945,2931,2261,2956,1963,2148
43.3169,3946,2922,2263,2957,1966,2147
43.3372,3947,2912,2266,2957,1969,2147
43.3577,3948,2903,2268,2957,1972,2147
43.3781,3949,2894,2271,2957,1975,2147
43.3983,3951,2885,2274,2957,1978,2147
43.4190,3952,2877,2277,2957,1982,2147
43.4397,3954,2868,2280,2957,1984,2147
43.4598,3955,2860,2285,2957,1986,2147
43.4811,3956,2851,2289,2957,1988,2147
43.5019,3958,2842,2294,2957,1990,2147
43.5222,3960,2834,2300,2957,1992,2146
43.5424,3963,2826,2306,2956,1993,2145
43.5624,3966,2819,2312,2954,1993,2144
43.5828,3970,2813,2319,2953,1993,2143
43.6033,3974,2807,2326,2950,1994,2143
43.6234,3977,2802,2332,2948,1995,2143
43.6435,3982,2798,2337,2948,1997,2143
43.6639,3986,2794,2341,2948,1999,2143
43.6839,3990,2790,2345,2948,2000,2143
43.7040,3994,2787,2348,2948,2002,2143
43.7244,3999,2783,2351,2948,2004,2143
43.7449,4003,2780,2354,2948,2006,2144
43.7653,4008,2777,2356,2949,2009,2144
43.7858,4012,2775,2358,2950,2010,2144
43.8063,4016,2772,2361,2951,2011,2144
43.8269,4020,2771,2362,2952,2012,2143
43.8472,4023,2769,2364,2953,2013,2143
43.8674,4026,2768,2364,2955,2015,2143
43.8878,4029,2766,2365,2957,2018,2143
43.9083,4032,2765,2365,2960,2020,2143
43.9284,4034,2764,2365,2962,2021,2143
43.9488,4037,2762,2367,2962,2022,2143
43.9691,4040,2761,2369,2962,2022,2143
43.9894,4042,2760,2371,2962,2022,2143
44.0096,4046,2759,2372,2962,2023,2143
44.0297,4050,2758,2375,2963,2024,2143
44.0500,4055,2757,2378,2963,2024,2143
44.0702,4060,2756,2380,2963,2024,2143
44.0905,4066,2756,2381,2966,2025,2142
44.1113,4072,2756,2381,2971,2027,2142
44.1322,4078,2755,2380,2976,2030,2142
44.1527,4084,2755,2379,2982,2035,2142
44.1736,4091,2755,2378,2986,2039,2142
44.1945,1,2753,2377,2988,2041,2141
44.2150,8,2751,2378,2991,2042,2141
44.2361,15,2750,2378,2993,2044,2141
44.2562,21,2749,2376,2996,2047,2141
44.2766,27,2749,2374,2999,2050,2141
44.2970,34,2748,2374,3000,2052,2141
44.3173,39,2748,2374,3000,2052,2141
44.3376,45,2748,2374,3002,2051,2141
44.3583,51,2748,2374,3005,2051,2141
44.3786,57,2748,2373,3008,2053,2141
44.3987,62,2749,2372,3009,2054,2141
44.4192,67,2750,2372,3009,2054,2140
44.4396,72,2751,2372,3010,2054,2140
44.4597,77,2752,2371,3013,2056,2140
44.4797,82,2754,2370,3016,2057,2140
44.4999,87,2755,2368,3021,2058,2140
44.5207,92,2757,2365,3028,2060,2140
44.5413,97,2758,2360,3038,2062,2141
44.5616,102,2760,2354,3048,2065,2143
44.5820,106,2761,2348,3058,2066,2145
44.6024,110,2762,2343,3065,2068,2146
44.6228,114,2763,2339,3071,2070,2148
44.6430,118,2764,2335,3074,2071,2152
44.6631,121,2764,2332,3077,2071,2155
44.6835,124,2765,2329,3078,2071,2156
44.7036,126,2766,2326,3079,2071,2157
44.7242,128,2768,2323,3082,2071,2159
44.7449,130,2770,2318,3085,2072,2160
44.7650,131,2772,2315,3086,2072,2162
44.7858,132,2774,2312,3089,2071,2164
44.8063,132,2776,2309,3093,2071,2165
44.8266,132,2777,2306,3098,2071,2166
44.8469,132,2779,2305,3101,2071,2167
44.8677,131,2780,2304,3105,2070,2168
44.8879,130,2781,2304,3107,2068,2168
44.9085,129,2782,2304,3110,2066,2168
44.9289,126,2782,2305,3112,2064,2168
44.9494,124,2782,2307,3113,2064,2167
44.9697,122,2782,2310,3113,2063,2167
44.9899,120,2782,2312,3113,2061,2167
45.0101,118,2782,2314,3113,2059,2166
45.0306,115,2783,2316,3113,2057,2166
45.0511,113,2784,2317,3112,2055,2166
45.0716,111,2786,2318,3112,2053,2166
45.0921,109,2788,2318,3112,2051,2166
45.1124,107,2790,2318,3112,2048,2166
45.1329,104,2792,2318,3112,2045,2165
45.1534,102,2795,2316,3112,2044,2165
45.1739,99,2797,2314,3112,2043,2165
45.1947,95,2800,2312,3112,2042,2165
45.2151,92,2802,2310,3112,2041,2165
45.2356,88,2804,2308,3113,2039,2165
45.2559,85,2806,2305,3115,2037,2165
45.2760,82,2807,2302,3120,2035,2165
45.2965,79,2809,2299,3126,2033,2165
45.3170,76,2812,2295,3133,2032,2165
45.3375,74,2814,2290,3142,2031,2163
45.3577,72,2816,2286,3149,2031,2162
45.3780,69,2819,2282,3154,2031,2162
45.3981,67,2822,2280,3157,2031,2162
45.4184,65,2825,2277,3160,2031,2160
45.4388,62,2828,2274,3163,2032,2160
45.4589,59,2831,2271,3166,2032,2159
45.4793,57,2834,2267,3169,2033,2159
45.4998,55,2837,2264,3174,2033,2159
45.5202,53,2839,2260,3180,2033,2159
45.5403,51,2842,2256,3188,2034,2159
45.5608,49,2844,2251,3197,2034,2159
45.5813,48,2846,2246,3207,2035,2159
45.6016,46,2848,2241,3214,2037,2159
45.6220,45,2849,2237,3220,2038,2159
45.6426,44,2850,2235,3223,2038,2159
45.6629,43,2850,2233,3225,2039,2159
45.6836,42,2851,2231,3225,2040,2160
45.7040,41,2852,2230,3225,2040,2160
45.7242,41,2854,2228,3225,2040,2160
45.7444,41,2855,2227,3225,2040,2161
45.7648,41,2857,2226,3223,2040,2161
45.7852,41,2859,2226,3220,2040,2161
45.8052,42,2860,2226,3217,2040,2161
45.8258,42,2863,2224,3214,2042,2162
45.8461,43,2865,2222,3210,2045,2165
45.8666,44,2867,2220,3208,2047,2169
45.8868,45,2869,2219,3205,2047,2172
45.9071,46,2871,2219,3201,2047,2173
45.9275,47,2873,2219,3196,2047,2176
45.9477,48,2875,2219,3191,2049,2182
45.9683,49,2876,2219,3187,2050,2185
45.9887,49,2877,2219,3185,2050,2189
46.0089,50,2878,2219,3180,2050,2194
46.0293,50,2879,2221,3175,2050,2199
46.0501,50,2880,2222,3170,2050,2204
46.0711,50,2881,2224,3164,2050,2213
46.0915,50,2881,2225,3158,2051,2224
46.1125,50,2882,2225,3153,2052,2233
46.1330,50,2883,2226,3149,2052,2243
46.1532,50,2884,2226,3145,2053,2253
46.1737,50,2884,2226,3141,2055,2269
46.1943,50,2885,2226,3139,2056,2281
46.2148,50,2885,2226,3138,2056,2288
46.2350,50,2885,2226,3138,2055,2291
46.2557,50,2886,2227,3138,2054,2292
46.2757,51,2886,2228,3136,2053,2293
46.2960,51,2886,2230,3133,2053,2295
46.3164,51,2886,2232,3130,2052,2298
46.3368,51,2886,2235,3127,2051,2299
46.3571,51,2886,2236,3125,2050,2301
46.3776,50,2886,2237,3124,2050,2305
46.3978,50,2886,2238,3123,2049,2312
46.4183,49,2886,2239,3122,2046,2316
46.4386,48,2886,2240,3120,2044,2319
46.4589,47,2887,2241,3119,2044,2321
46.4794,47,2887,2241,3117,2043,2321
46.4995,46,2888,2242,3114,2043,2321
46.5197,45,2889,2242,3112,2042,2321
46.5400,44,2890,2242,3108,2042,2322
46.5600,43,2891,2242,3105,2042,2322
46.5805,42,2892,2242,3101,2040,2323
46.6008,41,2893,2242,3098,2039,2323
46.6211,41,2895,2242,3095,2039,2326
46.6417,40,2896,2242,3090,2039,2326
46.6621,39,2898,2242,3086,2039,2327
46.6823,39,2900,2242,3082,2038,2327
46.7031,39,2902,2241,3078,2035,2327
46.7234,38,2904,2241,3074,2034,2328
46.7435,38,2907,2241,3069,2033,2328
46.7636,38,2910,2241,3066,2032,2329
46.7840,38,2912,2241,3064,2032,2329
46.8047,38,2915,2241,3063,2031,2329
46.8248,38,2917,2241,3062,2030,2329
46.8453,38,2920,2241,3060,2029,2329
46.8659,38,2922,2240,3058,2029,2329
46.8860,38,2924,2240,3057,2029,2329
46.9062,38,2926,2239,3056,2030,2328
46.9271,38,2928,2238,3056,2031,2327
46.9474,38,2929,2237,3055,2031,2326
46.9679,38,2931,2237,3055,2031,2325
46.9888,38,2932,2236,3055,2031,2324
47.0093,38,2934,2235,3055,2031,2324
47.0294,38,2935,2235,3055,2030,2323
47.0498,38,2936,2234,3054,2030,2322
47.0702,39,2938,2234,3054,2029,2322
47.0906,39,2938,2234,3054,2029,2321
47.1111,39,2939,2234,3054,2029,2320
47.1321,39,2940,2234,3054,2029,2320
47.1525,39,2941,2234,3054,2029,2319
47.1732,39,2942,2234,3054,2029,2319
47.1936,39,2943,2235,3054,2028,2319
47.2146,39,2943,2236,3054,2027,2319
47.2351,39,2944,2237,3054,2026,2318
47.2557,39,2945,2237,3054,2025,2317
47.2762,39,2947,2237,3054,2024,2317
47.2964,39,2949,2237,3054,2024,2315
47.3171,39,2951,2237,3053,2024,2315
47.3372,39,2952,2237,3052,2024,2314
47.3574,39,2954,2237,3051,2024,2314
47.3778,40,2955,2237,3051,2024,2313
47.3982,40,2957,2237,3051,2023,2312
47.4184,40,2958,2237,3051,2023,2311
47.4385,40,2960,2237,3050,2022,2310
47.4592,40,2961,2237,3050,2021,2309
47.4797,40,2962,2237,3049,2020,2307
47.5001,40,2964,2237,3049,2019,2307
47.5204,40,2965,2237,3049,2018,2307
47.5406,39,2966,2239,3046,2016,2306
47.5610,39,2967,2240,3043,2014,2306
47.5811,38,2969,2241,3041,2013,2306
47.6017,37,2971,2242,3041,2011,2305
47.6224,37,2972,2243,3040,2009,2305
47.6429,36,2973,2244,3040,2009,2304
47.6632,35,2974,2244,3040,2009,2304
47.6835,34,2975,2245,3040,2009,2304
47.7043,33,2975,2245,3040,2009,2303
47.7256,33,2975,2244,3040,2010,2303
47.7460,32,2973,2243,3040,2012,2303
47.7662,32,2970,2243,3040,2012,2303
47.7864,32,2967,2242,3040,2013,2302
47.8070,32,2962,2242,3040,2014,2302
47.8274,32,2956,2242,3040,2015,2302
47.8477,32,2950,2242,3040,2017,2302
47.8687,32,2942,2242,3041,2018,2302
47.8890,33,2934,2242,3042,2020,2302
47.9095,33,2925,2243,3044,2020,2302
47.9301,34,2917,2245,3045,2021,2302
47.9506,35,2907,2248,3046,2022,2302
47.9710,35,2898,2251,3047,2023,2301
47.9913,36,2888,2254,3049,2024,2301
48.0116,36,2879,2258,3049,2025,2301
48.0323,36,2869,2263,3050,2026,2300
48.0529,37,2860,2269,3050,2026,2298
48.0732,37,2850,2274,3050,2026,2296
48.0934,38,2841,2280,3050,2026,2295
48.1135,38,2834,2284,3050,2027,2295
48.1338,38,2826,2289,3050,2027,2294
48.1542,38,2819,2293,3050,2027,2293
48.1748,38,2812,2297,3048,2027,2292
48.1955,37,2806,2299,3046,2027,2291
48.2156,37,2802,2301,3044,2027,2290
48.2361,35,2798,2303,3043,2026,2290
48.2566,34,2795,2303,3041,2025,2289
48.2770,32,2793,2303,3038,2024,2288
48.2974,30,2791,2303,3035,2022,2288
48.3182,28,2790,2303,3033,2021,2287
48.3384,25,2789,2302,3031,2019,2286
48.3586,22,2789,2301,3031,2017,2286
48.3786,19,2789,2299,3030,2016,2286
48.3986,16,2788,2298,3030,2014,2286
48.4191,13,2788,2297,3030,2011,2286
48.4396,9,2788,2297,3028,2009,2286
48.4596,6,2788,2297,3026,2006,2286
48.4798,1,2788,2297,3024,2003,2286
48.5003,4094,2788,2297,3023,2000,2287
48.5206,4089,2788,2297,3022,1998,2287
48.5410,4085,2788,2297,3020,1994,2287
48.5611,4080,2789,2298,3018,1990,2288
48.5816,4075,2790,2299,3017,1985,2288
48.6020,4070,2791,2300,3014,1982,2289
48.6224,4065,2792,2300,3011,1979,2289
48.6428,4060,2793,2300,3010,1977,2289
48.6632,4054,2794,2300,3010,1974,2288
48.6834,4049,2795,2299,3009,1970,2288
48.7039,4044,2796,2299,3008,1965,2289
48.7241,4039,2796,2300,3007,1963,2290
48.7445,4034,2797,2300,3007,1960,2290
48.7647,4029,2798,2301,3007,1956,2290
48.7852,4023,2799,2301,3007,1951,2290
48.8055,4018,2801,2303,3007,1947,2290
48.8268,4012,2803,2304,3007,1941,2290
48.8471,4008,2805,2305,3006,1937,2289
48.8672,4003,2807,2306,3006,1933,2289
48.8874,3998,2810,2306,3006,1931,2289
48.9076,3993,2812,2306,3006,1929,2288
48.9281,3988,2814,2306,3005,1928,2287
48.9483,3983,2815,2306,3004,1928,2287
48.9688,3979,2817,2306,3002,1926,2287
48.9893,3974,2818,2306,3001,1923,2287
49.0099,3969,2819,2306,2998,1919,2287
49.0307,3965,2821,2307,2996,1916,2287
49.0511,3960,2822,2308,2995,1914,2287
49.0712,3956,2823,2308,2994,1911,2287
49.0915,3952,2825,2308,2994,1906,2287
49.1116,3947,2826,2308,2993,1901,2287
49.1317,3943,2827,2308,2992,1898,2287
49.1521,3938,2829,2308,2990,1895,2287
49.1726,3933,2831,2308,2990,1894,2287
49.1932,3929,2835,2306,2990,1891,2287
49.2133,3924,2838,2304,2989,1887,2287
49.2338,3920,2842,2304,2987,1883,2287
49.2546,3915,2845,2303,2986,1882,2287
49.2750,3911,2849,2302,2984,1881,2287
49.2953,3907,2853,2301,2984,1879,2287
49.3156,3903,2858,2299,2984,1876,2287
49.3363,3899,2864,2298,2982,1874,2287
49.3566,3896,2869,2297,2979,1872,2288
49.3770,3892,2875,2296,2976,1872,2288
49.3975,3889,2880,2294,2976,1871,2288
49.4182,3886,2885,2292,2976,1868,2289
49.4394,3884,2889,2291,2976,1866,2289
49.4598,3882,2893,2290,2976,1865,2289
49.4805,3879,2896,2288,2976,1865,2289
49.5012,3878,2898,2286,2976,1865,2289
49.5222,3876,2901,2285,2976,1865,2289
49.5423,3875,2902,2284,2975,1864,2288
49.5632,3874,2903,2283,2974,1864,2288
49.5834,3874,2904,2281,2974,1865,2287
49.6046,3874,2905,2279,2973,1868,2287
49.6252,3875,2906,2276,2973,1871,2287
49.6452,3877,2907,2275,2973,1871,2287
49.6656,3878,2908,2273,2973,1872,2287
49.6861,3880,2908,2273,2972,1874,2287
49.7066,3881,2908,2272,2971,1875,2286
49.7270,3883,2908,2271,2970,1877,2285
49.7472,3884,2908,2271,2969,1878,2285
49.7673,3885,2908,2271,2967,1879,2284
49.7878,3886,2908,2271,2965,1882,2284
49.8081,3887,2908,2271,2962,1884,2284
49.8287,3888,2909,2271,2960,1886,2284
49.8488,3889,2909,2271,2958,1888,2284
49.8691,3891,2909,2271,2955,1890,2283
49.8898,3891,2909,2271,2953,1892,2283
49.9099,3893,2909,2271,2952,1894,2283
49.9304,3893,2909,2271,2948,1896,2283
49.9509,3894,2909,2272,2944,1898,2283
49.9712,3895,2908,2273,2942,1900,2283
49.9917,3895,2908,2273,2939,1900,2283
50.0118,3896,2907,2274,2934,1900,2283
50.0321,3896,2907,2276,2928,1901,2283
50.0528,3897,2907,2278,2921,1902,2283
50.0728,3898,2907,2279,2915,1903,2283
50.0930,3898,2907,2280,2911,1903,2284
50.1133,3898,2908,2281,2909,1903,2284
50.1334,3898,2908,2281,2907,1903,2284
50.1537,3899,2909,2281,2907,1903,2284
50.1740,3899,2909,2281,2906,1903,2283
50.1945,3899,2910,2282,2906,1903,2283
50.2150,3899,2912,2282,2905,1903,2283
50.2358,3900,2913,2282,2904,1903,2283
50.2562,3900,2914,2283,2903,1904,2283
50.2763,3900,2916,2283,2902,1904,2283
50.2968,3901,2917,2284,2901,1904,2283
50.3168,3901,2919,2284,2900,1904,2283
50.3379,3901,2921,2284,2899,1905,2283
50.3586,3901,2923,2284,2898,1905,2283
50.3788,3901,2925,2284,2898,1905,2282
50.3994,3902,2927,2284,2897,1905,2282
50.4194,3902,2930,2284,2895,1905,2282
50.4395,3902,2932,2284,2894,1904,2281
50.4600,3902,2935,2284,2892,1903,2281
50.4804,3902,2938,2284,2890,1902,2281
50.5007,3902,2941,2284,2889,1901,2281
50.5212,3902,2944,2283,2887,1901,2281
50.5417,3902,2946,2282,2886,1901,2281
50.5620,3902,2949,2281,2886,1901,2280
50.5828,3901,2951,2279,2886,1901,2280
50.6032,3901,2952,2279,2886,1901,2280
50.6239,3901,2954,2278,2886,1901,2280
50.6445,3901,2955,2278,2886,1901,2280
50.6647,3902,2956,2278,2886,1901,2280
50.6848,3902,2958,2278,2886,1901,2280
50.7050,3903,2959,2278,2886,1901,2280
50.7257,3904,2960,2278,2886,1901,2279
50.7461,3904,2961,2278,2886,1901,2279
50.7662,3905,2963,2278,2886,1901,2279
50.7865,3906,2963,2278,2886,1901,2278
50.8070,3906,2965,2279,2885,1901,2278
50.8271,3907,2965,2280,2885,1901,2277
50.8475,3907,2966,2281,2884,1901,2277
50.8679,3908,2967,2283,2883,1901,2277
50.8882,3908,2967,2285,2882,1900,2277
50.9086,3908,2968,2287,2881,1899,2276
50.9292,3908,2968,2288,2881,1898,2276
50.9495,3908,2969,2290,2881,1897,2276
50.9698,3908,2970,2291,2881,1897,2276
50.9908,3908,2971,2292,2881,1897,2276
51.0112,3908,2971,2293,2881,1896,2276
51.0319,3908,2972,2294,2881,1895,2276
51.0525,3908,2973,2295,2881,1895,2276
51.0727,3908,2973,2295,2881,1894,2276
51.0931,3907,2974,2297,2881,1893,2275
51.1134,3907,2974,2298,2881,1893,2275
51.1336,3907,2975,2299,2881,1892,2275
51.1537,3907,2975,2300,2881,1891,2275
51.1744,3906,2975,2301,2881,1891,2275
51.1947,3906,2975,2303,2881,1890,2275
51.2149,3906,2975,2304,2881,1889,2275
51.2358,3906,2975,2306,2881,1888,2275
51.2562,3906,2975,2308,2881,1887,2275
51.2769,3906,2975,2309,2881,1886,2274
51.2974,3906,2975,2311,2881,1886,2274
51.3175,3906,2975,2313,2881,1886,2274
51.3378,3906,2975,2314,2881,1886,2273
51.3581,3906,2975,2316,2881,1886,2273
51.3785,3906,2975,2317,2881,1886,2273
51.3990,3906,2975,2319,2881,1886,2273
51.4194,3906,2975,2320,2881,1886,2273
51.4395,3906,2975,2322,2881,1885,2272
51.4595,3906,2975,2324,2881,1885,2272
51.4808,3906,2975,2325,2881,1884,2272
51.5011,3906,2976,2327,2881,1883,2272
51.5214,3906,2976,2328,2881,1882,2271
51.5420,3906,2977,2329,2881,1882,2271
51.5624,3905,2977,2330,2881,1881,2270
51.5827,3905,2978,2330,2881,1880,2270
51.6027,3904,2979,2330,2881,1880,2270
51.6233,3903,2981,2330,2880,1879,2270
51.6434,3903,2982,2331,2880,1878,2270
51.6638,3902,2983,2331,2879,1877,2270
51.6844,3901,2984,2332,2879,1875,2269
51.7049,3900,2986,2333,2879,1874,2269
51.7254,3900,2987,2334,2879,1873,2269
51.7457,3899,2988,2335,2878,1872,2268
51.7669,3899,2989,2337,2878,1871,2268
51.7871,3897,2990,2337,2878,1871,2268
51.8077,3896,2992,2338,2878,1870,2268
51.8279,3896,2993,2340,2878,1869,2268
51.8480,3895,2994,2343,2878,1868,2268
51.8689,3894,2994,2344,2878,1867,2268
51.8893,3894,2995,2346,2877,1867,2267
51.9099,3894,2996,2346,2876,1867,2267
51.9302,3894,2995,2346,2876,1869,2267
51.9512,3893,2993,2346,2876,1871,2267
51.9723,3893,2990,2346,2876,1873,2267
51.9931,3893,2987,2345,2876,1874,2267
52.0132,3894,2983,2342,2876,1878,2267
52.0336,3895,2978,2340,2876,1881,2267
52.0539,3896,2971,2337,2875,1885,2266
52.0749,3897,2964,2335,2874,1887,2266
52.0956,3898,2956,2333,2873,1890,2266
52.1161,3899,2947,2332,2872,1893,2265
52.1365,3900,2938,2331,2871,1895,2265
52.1567,3901,2929,2331,2868,1897,2264
52.1773,3902,2919,2330,2867,1899,2263
52.1973,3903,2910,2329,2866,1901,2263
52.2176,3905,2901,2328,2865,1903,2263
52.2381,3906,2892,2328,2865,1904,2263
52.2584,3906,2883,2328,2864,1907,2262
52.2793,3907,2875,2328,2864,1909,2262
52.2996,3908,2868,2328,2864,1911,2262
52.3201,3909,2860,2328,2864,1913,2261
52.3407,3909,2853,2329,2864,1915,2261
52.3608,3910,2845,2331,2864,1916,2260
52.3809,3910,2838,2332,2864,1918,2260
52.4013,3910,2831,2334,2864,1919,2260
52.4214,3910,2824,2336,2864,1919,2260
52.4418,3910,2817,2338,2864,1919,2259
52.4621,3910,2809,2342,2864,1919,2259
52.4822,3910,2801,2346,2864,1919,2258
52.5024,3910,2793,2350,2864,1919,2258
52.5228,3911,2785,2354,2862,1920,2257
52.5429,3911,2778,2359,2859,1920,2256
52.5634,3911,2770,2364,2855,1921,2255
52.5846,3912,2763,2368,2851,1921,2254
52.6050,3913,2756,2374,2844,1921,2254
52.6255,3914,2748,2383,2834,1921,2252
52.6462,3916,2740,2392,2823,1921,2251
52.6665,3917,2733,2400,2811,1921,2250
52.6874,3919,2725,2407,2800,1921,2249
52.7077,3921,2718,2415,2789,1921,2249
52.7281,3923,2710,2423,2778,1922,2249
52.7488,3926,2702,2430,2767,1923,2249
52.7697,3928,2695,2436,2759,1925,2248
52.7901,3931,2688,2442,2751,1927,2248
52.8102,3934,2681,2447,2744,1928,2248
52.8305,3937,2673,2455,2734,1929,2247
52.8508,3941,2667,2461,2726,1930,2247
52.8714,3944,2661,2467,2717,1930,2246
52.8917,3948,2654,2474,2706,1931,2246
52.9121,3951,2649,2481,2695,1932,2245
52.9325,3956,2643,2490,2682,1933,2243
52.9530,3961,2636,2498,2670,1934,2243
52.9732,3966,2630,2504,2660,1934,2242
52.9936,3972,2625,2509,2652,1934,2242
53.0144,3978,2618,2514,2646,1934,2242
53.0349,3984,2612,2519,2642,1933,2242
53.0550,3990,2606,2522,2640,1934,2242
53.0753,3997,2600,2525,2638,1936,2242
53.0957,4003,2596,2527,2636,1937,2241
53.1158,4009,2590,2529,2635,1937,2241
53.1361,4015,2585,2530,2634,1938,2242
53.1563,4021,2579,2533,2633,1940,2242
53.1768,4028,2574,2534,2633,1942,2243
53.1974,4034,2568,2535,2632,1943,2243
53.2176,4041,2564,2536,2632,1944,2244
53.2380,4047,2558,2538,2632,1944,2244
53.2580,4054,2553,2540,2632,1944,2244
53.2785,4060,2547,2542,2632,1942,2243
53.2987,4067,2541,2544,2632,1941,2241
53.3192,4073,2535,2547,2632,1941,2241
53.3393,4079,2529,2550,2632,1943,2240
53.3597,4084,2522,2553,2631,1944,2240
53.3799,4090,2515,2556,2630,1943,2240
53.4002,0,2509,2561,2628,1941,2239
53.4203,5,2501,2565,2628,1938,2238
53.4407,11,2493,2570,2627,1937,2236
53.4614,16,2484,2576,2622,1936,2234
53.4817,22,2476,2580,2616,1935,2231
53.5025,27,2468,2586,2609,1934,2229
53.5227,30,2460,2594,2599,1932,2229
53.5427,33,2452,2604,2586,1928,2226
53.5634,36,2444,2611,2574,1921,2225
53.5839,42,2435,2614,2561,1914,2224
53.6052,47,2426,2624,2548,1909,2223
53.6257,49,2417,2635,2535,1907,2223
53.6462,49,2409,2645,2523,1905,2221
53.6665,49,2402,2653,2513,1903,2220
53.6868,49,2394,2662,2501,1901,2220
53.7072,47,2387,2672,2488,1899,2220
53.7276,45,2380,2682,2477,1899,2219
53.7478,43,2373,2689,2467,1899,2219
53.7678,41,2367,2695,2458,1898,2218
53.7883,40,2360,2702,2450,1897,2218
53.8085,38,2353,2709,2442,1897,2218
53.8291,35,2347,2714,2437,1897,2218
53.8493,33,2339,2720,2430,1896,2217
53.8696,31,2332,2727,2423,1896,2216
53.8908,29,2325,2734,2416,1896,2215
53.9112,28,2318,2741,2406,1896,2215
53.9321,28,2310,2749,2397,1895,2214
53.9523,26,2304,2756,2388,1895,2214
53.9728,25,2297,2765,2376,1895,2213
53.9932,25,2290,2774,2365,1894,2212
54.0137,25,2283,2782,2354,1893,2211
54.0345,24,2276,2790,2345,1892,2210
54.0546,24,2270,2797,2338,1892,2210
54.0750,24,2264,2804,2330,1892,2209
54.0955,24,2259,2811,2323,1892,2208
54.1156,24,2254,2817,2315,1892,2207
54.1365,24,2249,2822,2309,1892,2206
54.1572,24,2244,2829,2302,1892,2206
54.1776,25,2239,2832,2296,1891,2205
54.1987,27,2234,2835,2288,1889,2205
54.2190,29,2229,2839,2281,1887,2204
54.2395,30,2224,2843,2271,1886,2202
54.2599,32,2219,2846,2262,1886,2202
54.2802,34,2214,2850,2251,1886,2201
54.3005,36,2209,2855,2240,1886,2200
54.3206,37,2204,2859,2228,1884,2199
54.3409,40,2199,2863,2216,1883,2198
54.3614,42,2194,2868,2204,1882,2197
54.3817,44,2189,2872,2191,1881,2197
54.4020,46,2184,2876,2178,1880,2196
54.4224,47,2180,2879,2168,1878,2196
54.4424,48,2176,2881,2160,1876,2195
54.4628,50,2172,2883,2152,1873,2193
54.4834,51,2168,2885,2146,1872,2193
54.5039,53,2164,2888,2140,1871,2192
54.5240,54,2160,2889,2135,1869,2191
54.5443,56,2155,2892,2130,1868,2189
54.5646,57,2150,2895,2125,1868,2188
54.5847,59,2146,2898,2119,1867,2187
54.6049,62,2140,2902,2113,1866,2186
54.6253,63,2135,2908,2106,1865,2185
54.6458,65,2130,2913,2097,1865,2185
54.6662,67,2124,2919,2090,1864,2184
54.6866,70,2118,2925,2083,1862,2183
54.7068,72,2113,2931,2076,1861,2183
54.7273,74,2107,2937,2068,1860,2182
54.7480,75,2102,2942,2060,1859,2182
54.7685,76,2097,2947,2053,1859,2181
54.7889,77,2091,2951,2046,1858,2181
54.8093,78,2086,2957,2040,1858,2180
54.8297,79,2081,2961,2032,1857,2180
54.8505,80,2076,2965,2026,1857,2180
54.8708,82,2070,2969,2020,1857,2179
54.8913,83,2066,2973,2012,1857,2177
54.9116,84,2062,2978,2004,1857,2176
54.9318,85,2056,2982,1995,1856,2176
54.9521,86,2052,2986,1985,1856,2176
54.9723,87,2048,2990,1977,1856,2175
54.9925,88,2042,2994,1969,1856,2174
55.0129,90,2037,2997,1962,1856,2174
55.0338,91,2033,2999,1957,1856,2174
55.0539,91,2028,3002,1952,1856,2174
55.0742,91,2024,3003,1949,1856,2174
55.0944,91,2021,3004,1946,1854,2173
55.1145,91,2017,3005,1944,1853,2173
55.1348,92,2014,3006,1941,1853,2173
55.1549,92,2011,3008,1938,1854,2173
55.1751,90,2009,3008,1934,1855,2172
55.1962,88,2006,3009,1931,1856,2171
55.2166,87,2002,3010,1929,1857,2170
55.2368,85,1999,3012,1924,1857,2170
55.2575,82,1995,3013,1920,1860,2169
55.2775,80,1991,3014,1916,1864,2168
55.2980,77,1986,3016,1908,1867,2167
55.3182,74,1981,3018,1902,1869,2166
55.3387,72,1975,3022,1897,1870,2163
55.3589,71,1971,3025,1892,1871,2163
55.3792,69,1966,3028,1887,1873,2162
55.3998,67,1961,3031,1882,1874,2161
55.4198,66,1957,3035,1878,1874,2160
55.4402,65,1953,3039,1874,1875,2160
55.4606,64,1948,3043,1871,1876,2159
55.4810,63,1943,3046,1868,1877,2157
55.5016,62,1938,3050,1866,1879,2155
55.5223,62,1933,3053,1863,1880,2153
55.5424,61,1929,3057,1861,1881,2151
55.5628,60,1925,3059,1858,1881,2148
55.5831,59,1922,3063,1856,1881,2144
55.6036,59,1917,3066,1853,1881,2142
55.6240,59,1914,3068,1849,1881,2142
55.6443,59,1911,3070,1847,1881,2140
55.6646,59,1908,3072,1845,1881,2136
55.6849,59,1905,3073,1843,1880,2132
55.7049,59,1902,3075,1841,1880,2129
55.7250,59,1898,3078,1841,1878,2125
55.7457,59,1894,3081,1840,1876,2117
55.7660,59,1890,3085,1837,1875,2109
55.7863,59,1887,3088,1834,1876,2098
55.8064,59,1883,3090,1831,1878,2092
55.8267,59,1880,3091,1828,1879,2086
55.8475,59,1878,3093,1826,1879,2078
55.8680,59,1875,3095,1826,1878,2072
55.8888,59,1871,3098,1825,1876,2067
55.9097,59,1867,3101,1825,1875,2064
55.9304,59,1863,3105,1823,1874,2062
55.9507,59,1859,3105,1823,1874,2058
55.9710,59,1857,3105,1823,1875,2055
55.9917,59,1855,3105,1823,1875,2051
56.0120,59,1853,3105,1822,1874,2047
56.0327,59,1849,3105,1822,1874,2044
56.0531,59,1846,3105,1822,1873,2041
56.0735,59,1843,3105,1822,1872,2037
56.0940,59,1840,3105,1821,1872,2030
56.1141,59,1837,3105,1820,1873,2023
56.1342,58,1833,3105,1819,1878,2018
56.1544,56,1829,3105,1819,1881,2016
56.1745,53,1824,3105,1819,1883,2015
56.1949,52,1820,3105,1819,1883,2013
56.2154,52,1817,3105,1819,1881,2008
56.2360,52,1814,3105,1819,1881,2003
56.2560,50,1809,3105,1819,1884,2001
56.2768,47,1802,3105,1819,1887,1999
56.2975,45,1796,3105,1819,1888,1998
56.3177,43,1790,3105,1818,1889,1994
56.3382,42,1787,3105,1816,1890,1992
56.3587,39,1781,3105,1816,1893,1989
56.3793,36,1774,3105,1816,1896,1988
56.3996,35,1766,3105,1815,1898,1982
56.4199,34,1761,3105,1813,1900,1981
56.4404,33,1758,3105,1809,1901,1981
56.4607,31,1754,3105,1807,1901,1981
56.4809,30,1752,3105,1803,1901,1981
56.5010,30,1752,3105,1798,1901,1981
56.5213,31,1752,3105,1794,1899,1981
56.5417,32,1752,3105,1789,1899,1981
56.5622,32,1752,3105,1786,1898,1981
56.5825,32,1752,3105,1783,1896,1981
56.6027,32,1752,3105,1778,1893,1981
56.6232,32,1752,3105,1771,1892,1981
56.6434,32,1752,3105,1762,1892,1981
56.6638,32,1751,3105,1753,1892,1981
56.6840,32,1751,3105,1744,1892,1981
56.7045,31,1751,3105,1735,1892,1981
56.7245,28,1751,3105,1725,1896,1981
56.7446,26,1751,3105,1715,1900,1981
56.7649,24,1751,3105,1703,1902,1981
56.7857,23,1751,3105,1690,1903,1981
56.8061,23,1751,3105,1678,1903,1981
56.8264,23,1751,3105,1668,1903,1981
56.8468,22,1751,3105,1660,1902,1981
56.8671,22,1751,3105,1652,1902,1981
56.8873,22,1751,3105,1645,1901,1981
56.9075,20,1751,3105,1644,1901,1981
56.9277,20,1751,3105,1644,1898,1981
56.9479,19,1751,3105,1644,1895,1980
56.9687,19,1751,3105,1644,1893,1980
56.9891,19,1751,3105,1644,1891,1980
57.0094,19,1751,3105,1644,1891,1980
57.0299,19,1751,3105,1644,1891,1980
57.0503,19,1751,3105,1644,1892,1980
57.0707,18,1751,3105,1644,1893,1980
57.0912,18,1751,3105,1644,1898,1983
57.1116,18,1751,3105,1644,1905,1981
57.1319,18,1751,3105,1644,1915,1981
57.1522,17,1751,3105,1644,1926,1981
57.1723,17,1750,3105,1644,1937,1981
57.1926,17,1750,3105,1644,1947,1981
57.2133,17,1750,3105,1644,1954,1981
57.2338,17,1750,3105,1644,1961,1981
57.2540,17,1750,3105,1644,1965,1981
57.2745,17,1750,3105,1644,1970,1981
57.2949,17,1750,3105,1644,1973,1981
57.3151,17,1750,3105,1644,1975,1981
57.3353,17,1750,3105,1644,1977,1981
57.3558,17,1750,3105,1644,1978,1981
57.3762,17,1750,3105,1644,1978,1981
57.3962,17,1750,3105,1644,1979,1981
57.4165,17,1750,3105,1644,1979,1981
57.4368,17,1750,3105,1644,1979,1981
57.4573,17,1750,3105,1644,1980,1981
57.4773,17,1750,3105,1644,1980,1981
57.4977,17,1750,3105,1644,1980,1981
57.5181,17,1750,3105,1644,1980,1981
57.5385,17,1750,3105,1644,1980,1981
57.5587,17,1750,3105,1644,1980,1981
57.5791,17,1750,3105,1644,1980,1981
57.5996,17,1750,3105,1644,1980,1981
57.6196,17,1750,3105,1644,1981,1981
57.6397,17,1750,3105,1644,1981,1981
57.6605,17,1750,3105,1644,1981,1981
57.6809,17,1750,3105,1644,1981,1981
57.7010,17,1750,3105,1644,1981,1981
57.7213,17,1750,3105,1644,1981,1981
57.7418,17,1750,3105,1644,1981,1981
57.7623,17,1750,3105,1644,1981,1981
57.7830,17,1750,3105,1644,1981,1981
57.8032,17,1750,3105,1644,1981,1981
57.8236,17,1750,3105,1644,1981,1981
57.8438,17,1750,3105,1644,1981,1981
57.8638,17,1750,3105,1644,1981,1981
57.8843,17,1750,3105,1644,1981,1981
57.9044,17,1750,3105,1644,1981,1981
57.9246,17,1750,3105,1644,1981,1981
57.9450,17,1750,3105,1644,1981,1981
57.9653,17,1750,3105,1644,1981,1981
57.9854,17,1750,3105,1644,1981,1981
58.0060,17,1750,3105,1644,1982,1981
58.0264,17,1750,3105,1644,1982,1981
58.0466,17,1750,3105,1644,1982,1981
58.0669,17,1750,3105,1644,1982,1981
58.0872,17,1750,3105,1644,1982,1981
58.1074,17,1750,3105,1644,1982,1981
58.1276,17,1750,3105,1644,1982,1981
58.1482,17,1750,3105,1644,1982,1981
58.1687,17,1750,3105,1644,1982,1981
58.1891,17,1750,3105,1644,1982,1981
58.2092,17,1750,3105,1644,1982,1981
58.2294,17,1750,3105,1644,1982,1981
58.2495,17,1750,3105,1644,1982,1981
58.2699,17,1750,3105,1644,1982,1981
58.2904,17,1750,3105,1644,1982,1981
58.3107,17,1750,3105,1644,1982,1981
58.3313,17,1750,3105,1644,1982,1981
58.3518,17,1750,3105,1644,1982,1981
58.3722,17,1750,3105,1644,1982,1981
58.3924,17,1750,3105,1644,1982,1981
58.4124,17,1750,3105,1644,1982,1981
58.4329,17,1750,3105,1644,1982,1981
58.4533,17,1750,3105,1644,1982,1981
58.4738,17,1750,3105,1644,1982,1981
58.4940,17,1750,3105,1644,1982,1981
58.5145,17,1750,3105,1644,1982,1981
58.5351,17,1750,3105,1644,1982,1981
58.5555,17,1750,3105,1644,1982,1981
58.5759,17,1750,3105,1644,1982,1981
58.5962,17,1750,3105,1644,1982,1981
58.6163,17,1750,3105,1644,1982,1981
58.6367,17,1750,3105,1644,1982,1981
58.6569,17,1750,3105,1644,1982,1981
58.6769,17,1750,3105,1644,1982,1981
58.6972,17,1750,3105,1644,1982,1981
58.7174,17,1750,3105,1644,1982,1981
58.7374,17,1750,3105,1644,1982,1981
58.7579,17,1750,3105,1644,1982,1981
58.7781,17,1750,3105,1644,1982,1981
58.7986,17,1750,3105,1644,1982,1981
58.8188,17,1750,3105,1644,1982,1981
58.8388,17,1750,3105,1644,1982,1981
58.8592,17,1750,3105,1644,1982,1981
58.8793,17,1750,3105,1644,1982,1981
58.9000,17,1750,3105,1644,1982,1981
58.9205,17,1750,3105,1644,1982,1981
58.9413,17,1750,3105,1644,1982,1981
58.9617,17,1750,3105,1644,1982,1981
58.9822,17,1750,3105,1644,1982,1981
59.0031,17,1750,3105,1644,1982,1981
59.0236,17,1750,3105,1644,1982,1981
59.0438,17,1750,3105,1644,1982,1981
59.0644,17,1750,3105,1644,1982,1981
59.0846,17,1750,3105,1644,1982,1981
59.1048,17,1750,3105,1644,1982,1981
59.1253,17,1750,3105,1644,1982,1981
59.1460,17,1750,3105,1644,1982,1981
59.1674,17,1750,3105,1644,1982,1981
59.1875,17,1750,3105,1644,1982,1981
59.2079,17,1750,3105,1644,1982,1981
59.2282,17,1750,3105,1644,1982,1981
59.2484,17,1750,3105,1644,1982,1981
59.2684,17,1750,3105,1644,1982,1981
59.2885,17,1750,3105,1644,1982,1981
59.3090,17,1750,3105,1644,1982,1981
