timestamp_sec,id_1,id_2,id_3,id_4,id_5,id_6
0.0001,24,1749,3106,1644,1982,1981
0.0203,24,1749,3106,1644,1982,1981
0.0409,24,1749,3106,1644,1982,1981
0.0611,24,1749,3106,1644,1982,1981
0.0812,24,1749,3106,1644,1982,1981
0.1022,24,1749,3106,1644,1982,1981
0.1227,24,1749,3106,1644,1982,1981
0.1431,24,1749,3106,1644,1982,1981
0.1632,24,1749,3106,1644,1982,1981
0.1836,24,1749,3106,1644,1982,1981
0.2042,24,1749,3106,1644,1982,1981
0.2246,24,1749,3106,1644,1982,1981
0.2451,24,1749,3106,1644,1982,1981
0.2653,24,1749,3106,1644,1982,1981
0.2860,24,1749,3106,1644,1982,1981
0.3063,24,1749,3106,1644,1982,1981
0.3263,24,1749,3106,1644,1982,1981
0.3470,24,1749,3106,1644,1982,1981
0.3673,24,1749,3106,1644,1982,1981
0.3874,24,1749,3106,1644,1982,1981
0.4082,24,1749,3106,1644,1982,1981
0.4286,24,1749,3106,1644,1982,1981
0.4487,24,1749,3106,1644,1982,1981
0.4692,24,1749,3106,1644,1982,1981
0.4897,24,1749,3106,1644,1982,1981
0.5097,24,1749,3106,1644,1982,1981
0.5299,24,1749,3106,1644,1982,1981
0.5499,24,1749,3106,1644,1982,1981
0.5703,24,1749,3106,1644,1982,1981
0.5908,24,1749,3106,1644,1982,1981
0.6113,24,1749,3106,1644,1982,1981
0.6329,24,1749,3106,1644,1982,1981
0.6533,24,1749,3106,1644,1982,1981
0.6735,24,1749,3106,1644,1982,1981
0.6937,24,1749,3106,1644,1982,1981
0.7141,24,1749,3106,1644,1982,1981
0.7345,24,1749,3106,1644,1982,1981
0.7548,24,1749,3106,1644,1982,1981
0.7758,24,1749,3106,1644,1982,1981
0.7963,24,1749,3106,1644,1982,1981
0.8166,24,1749,3106,1644,1982,1981
0.8370,24,1749,3106,1644,1982,1981
0.8576,24,1749,3106,1644,1982,1981
0.8781,24,1749,3106,1644,1982,1981
0.8989,24,1749,3106,1644,1982,1981
0.9200,24,1749,3106,1644,1982,1981
0.9403,24,1749,3106,1644,1982,1981
0.9607,24,1749,3106,1644,1982,1981
0.9808,24,1749,3106,1644,1982,1981
1.0011,24,1749,3106,1644,1982,1981
1.0217,24,1749,3106,1644,1982,1981
1.0419,24,1749,3106,1644,1982,1981
1.0625,24,1749,3106,1644,1982,1981
1.0829,24,1749,3106,1644,1982,1981
1.1036,24,1749,3106,1644,1982,1981
1.1238,24,1749,3106,1644,1982,1981
1.1439,24,1749,3106,1644,1982,1981
1.1644,24,1749,3106,1644,1982,1981
1.1849,24,1749,3106,1644,1982,1981
1.2055,24,1749,3106,1644,1982,1981
1.2256,24,1749,3106,1644,1982,1981
1.2459,24,1749,3106,1644,1982,1981
1.2661,24,1749,3106,1644,1982,1981
1.2862,24,1749,3106,1644,1982,1981
1.3065,24,1749,3106,1644,1982,1981
1.3268,24,1749,3106,1644,1982,1981
1.3469,24,1749,3106,1644,1982,1981
1.3670,24,1749,3106,1644,1982,1981
1.3875,24,1749,3106,1644,1982,1981
1.4078,24,1749,3106,1644,1982,1981
1.4279,24,1749,3106,1644,1982,1981
1.4483,24,1749,3106,1644,1982,1981
1.4688,24,1749,3106,1644,1982,1981
1.4891,24,1749,3106,1644,1982,1981
1.5093,24,1749,3106,1644,1982,1981
1.5300,24,1749,3106,1644,1982,1981
1.5502,24,1749,3106,1644,1982,1981
1.5702,24,1749,3106,1644,1982,1981
1.5903,24,1749,3106,1644,1982,1981
1.6104,24,1749,3106,1644,1982,1981
1.6304,24,1749,3106,1644,1982,1981
1.6508,24,1749,3106,1644,1982,1981
1.6710,24,1749,3106,1644,1982,1981
1.6910,24,1749,3106,1644,1982,1981
1.7118,24,1749,3106,1644,1982,1981
1.7320,24,1749,3106,1644,1982,1981
1.7523,24,1749,3106,1644,1982,1981
1.7727,24,1749,3106,1644,1982,1981
1.7931,24,1749,3106,1644,1982,1981
1.8135,24,1749,3106,1644,1982,1981
1.8338,24,1749,3106,1644,1982,1981
1.8541,24,1749,3106,1644,1982,1981
1.8745,24,1749,3106,1644,1982,1981
1.8952,24,1749,3106,1644,1982,1981
1.9157,24,1749,3106,1644,1982,1981
1.9359,24,1749,3106,1644,1982,1981
1.9567,24,1749,3106,1644,1982,1981
1.9769,24,1749,3106,1644,1982,1981
1.9972,24,1749,3106,1644,1982,1981
2.0177,24,1749,3106,1644,1982,1981
2.0378,24,1749,3106,1644,1982,1981
2.0583,24,1749,3106,1644,1982,1981
2.0790,24,1749,3106,1644,1982,1981
2.0994,24,1749,3106,1644,1982,1981
2.1201,24,1749,3106,1644,1982,1981
2.1407,24,1749,3106,1644,1982,1981
2.1612,24,1749,3106,1644,1982,1981
2.1818,24,1749,3106,1644,1982,1981
2.2019,24,1749,3106,1644,1982,1981
2.2220,24,1749,3106,1644,1982,1981
2.2424,24,1749,3106,1644,1982,1981
2.2625,24,1749,3106,1644,1982,1981
2.2831,24,1749,3106,1644,1982,1981
2.3033,24,1749,3106,1644,1982,1981
2.3235,24,1749,3106,1644,1982,1981
2.3440,24,1749,3106,1644,1982,1981
2.3644,24,1749,3106,1644,1982,1981
2.3847,24,1749,3106,1644,1982,1981
2.4057,24,1749,3106,1644,1982,1981
2.4260,24,1749,3106,1644,1982,1981
2.4466,24,1749,3106,1644,1982,1981
2.4667,24,1749,3106,1644,1982,1981
2.4870,24,1749,3106,1644,1982,1981
2.5073,24,1749,3106,1644,1982,1981
2.5278,24,1749,3106,1644,1982,1981
2.5481,24,1749,3106,1644,1982,1981
2.5684,24,1749,3106,1644,1982,1981
2.5884,24,1749,3106,1644,1982,1981
2.6091,24,1749,3106,1644,1982,1981
2.6297,24,1749,3106,1644,1982,1981
2.6502,24,1749,3106,1644,1982,1981
2.6703,24,1749,3106,1644,1982,1981
2.6907,24,1749,3106,1644,1982,1981
2.7116,24,1749,3106,1644,1982,1981
2.7320,24,1749,3106,1644,1982,1981
2.7526,24,1749,3106,1644,1982,1981
2.7731,24,1749,3106,1644,1982,1981
2.7932,24,1749,3106,1644,1982,1981
2.8135,24,1749,3106,1644,1982,1981
2.8337,24,1749,3106,1644,1982,1981
2.8540,24,1749,3106,1644,1982,1981
2.8745,24,1749,3106,1644,1982,1981
2.8947,24,1749,3106,1644,1982,1981
2.9150,24,1749,3106,1644,1982,1981
2.9352,24,1749,3106,1644,1982,1981
2.9555,24,1749,3106,1644,1982,1981
2.9762,24,1749,3106,1644,1982,1981
2.9964,24,1749,3106,1644,1982,1981
3.0169,24,1749,3106,1644,1982,1981
3.0372,24,1749,3106,1644,1982,1981
3.0575,24,1749,3106,1644,1982,1981
3.0780,24,1749,3106,1644,1982,1981
3.0980,24,1749,3106,1644,1982,1981
3.1186,24,1749,3106,1644,1982,1981
3.1388,24,1749,3106,1644,1982,1981
3.1593,24,1749,3106,1644,1982,1981
3.1793,24,1749,3106,1644,1982,1981
3.1996,24,1749,3106,1644,1982,1981
3.2199,24,1749,3106,1644,1982,1981
3.2402,24,1749,3106,1644,1982,1981
3.2609,24,1749,3106,1644,1982,1981
3.2812,24,1749,3106,1644,1982,1981
3.3019,24,1749,3106,1644,1982,1981
3.3225,24,1749,3106,1644,1982,1981
3.3429,24,1749,3106,1644,1982,1981
3.3634,24,1749,3106,1644,1982,1981
3.3838,24,1749,3106,1644,1982,1981
3.4047,24,1749,3106,1644,1982,1981
3.4251,24,1749,3106,1644,1982,1981
3.4452,24,1749,3106,1644,1982,1981
3.4657,24,1749,3106,1644,1982,1981
3.4863,24,1749,3106,1644,1982,1981
3.5068,24,1749,3106,1644,1982,1981
3.5274,24,1749,3106,1644,1982,1981
3.5476,24,1749,3106,1644,1982,1981
3.5677,24,1749,3106,1644,1982,1981
3.5880,24,1749,3106,1644,1982,1981
3.6089,24,1749,3106,1644,1982,1981
3.6289,24,1749,3106,1644,1982,1981
3.6490,24,1749,3106,1644,1982,1981
3.6691,24,1749,3106,1644,1982,1981
3.6892,24,1749,3106,1644,1982,1981
3.7101,24,1749,3106,1644,1982,1981
3.7304,24,1749,3106,1644,1982,1981
3.7507,24,1749,3106,1644,1982,1981
3.7713,24,1749,3106,1644,1982,1981
3.7917,24,1749,3106,1644,1982,1981
3.8118,24,1749,3106,1644,1982,1981
3.8321,24,1749,3106,1644,1982,1981
3.8525,24,1749,3106,1644,1982,1981
3.8731,24,1749,3106,1644,1982,1981
3.8938,24,1749,3106,1644,1982,1981
3.9141,24,1749,3106,1644,1982,1981
3.9343,24,1749,3106,1644,1982,1981
3.9549,24,1749,3106,1644,1982,1981
3.9752,24,1749,3106,1644,1982,1981
3.9953,24,1749,3106,1644,1982,1981
4.0155,24,1749,3106,1644,1982,1981
4.0360,24,1749,3106,1644,1982,1981
4.0564,24,1749,3106,1644,1982,1981
4.0767,24,1749,3106,1644,1982,1981
4.0967,24,1749,3106,1644,1982,1981
4.1171,24,1749,3106,1644,1982,1981
4.1376,24,1749,3106,1644,1982,1981
4.1578,24,1749,3106,1644,1982,1981
4.1781,24,1749,3106,1644,1982,1981
4.1987,24,1749,3106,1644,1982,1981
4.2188,24,1749,3106,1644,1982,1981
4.2393,24,1749,3106,1644,1982,1981
4.2596,24,1749,3106,1644,1982,1981
4.2800,24,1749,3106,1644,1982,1981
4.3007,24,1749,3106,1644,1983,1986
4.3208,24,1749,3106,1644,1983,2001
4.3413,25,1749,3106,1644,1982,2024
4.3622,25,1749,3106,1644,1978,2031
4.3822,25,1749,3106,1644,1974,2030
4.4024,24,1749,3106,1644,1970,2028
4.4229,24,1749,3106,1644,1968,2025
4.4432,24,1749,3106,1644,1968,2024
4.4637,24,1749,3106,1644,1971,2021
4.4840,24,1749,3106,1644,1972,2018
4.5046,25,1749,3106,1644,1968,2015
4.5252,25,1749,3106,1644,1960,2011
4.5453,25,1749,3106,1644,1957,2006
4.5658,26,1749,3105,1644,1957,2002
4.5862,26,1749,3105,1645,1960,1999
4.6067,26,1749,3105,1645,1964,1996
4.6283,26,1749,3105,1645,1966,1995
4.6485,26,1749,3105,1645,1967,1994
4.6692,26,1749,3105,1645,1969,1993
4.6896,26,1749,3105,1645,1971,1993
4.7096,26,1749,3105,1645,1972,1992
4.7298,25,1752,3105,1647,1972,1992
4.7502,27,1755,3105,1652,1972,1990
4.7706,30,1757,3105,1658,1972,1986
4.7908,32,1759,3105,1667,1970,1985
4.8114,35,1761,3105,1678,1967,1984
4.8315,39,1764,3104,1688,1964,1983
4.8519,43,1769,3104,1696,1963,1982
4.8724,45,1774,3104,1701,1962,1981
4.8932,47,1781,3104,1706,1960,1981
4.9134,48,1789,3104,1711,1960,1981
4.9339,49,1795,3104,1717,1960,1981
4.9544,50,1801,3104,1724,1963,1981
4.9748,49,1807,3104,1732,1965,1981
4.9951,46,1815,3104,1739,1968,1981
5.0154,43,1823,3104,1747,1970,1981
5.0357,42,1830,3104,1754,1972,1981
5.0559,41,1839,3103,1763,1973,1981
5.0763,41,1849,3102,1770,1974,1980
5.0967,41,1859,3101,1779,1977,1980
5.1173,41,1871,3099,1788,1979,1980
5.1380,41,1883,3094,1799,1984,1980
5.1590,39,1894,3089,1810,1988,1980
5.1794,37,1904,3084,1822,1995,1980
5.1997,34,1916,3083,1834,2001,1980
5.2198,31,1928,3081,1845,2006,1980
5.2399,28,1940,3079,1856,2011,1980
5.2616,22,1955,3077,1863,2018,1980
5.2819,17,1968,3073,1871,2025,1980
5.3024,14,1978,3070,1883,2031,1980
5.3228,10,1989,3066,1894,2038,1980
5.3431,8,1999,3061,1906,2043,1980
5.3632,5,2011,3055,1918,2049,1980
5.3837,3,2023,3049,1929,2055,1980
5.4049,1,2033,3042,1941,2062,1980
5.4251,4095,2044,3035,1954,2067,1980
5.4457,4093,2056,3027,1967,2073,1980
5.4663,4090,2070,3018,1981,2079,1980
5.4868,4087,2082,3010,1992,2085,1980
5.5073,4083,2094,3002,2004,2091,1980
5.5280,4081,2108,2994,2016,2097,1980
5.5485,4078,2120,2985,2029,2103,1980
5.5690,4076,2132,2976,2041,2108,1980
5.5898,4074,2144,2967,2053,2113,1980
5.6100,4071,2156,2958,2063,2117,1980
5.6304,4068,2168,2951,2074,2122,1980
5.6510,4064,2181,2943,2084,2128,1980
5.6714,4062,2191,2933,2096,2133,1980
5.6919,4059,2201,2924,2107,2138,1980
5.7124,4056,2211,2918,2118,2144,1980
5.7326,4052,2222,2912,2129,2150,1980
5.7530,4049,2232,2904,2140,2152,1980
5.7737,4047,2242,2894,2153,2156,1980
5.7954,4045,2253,2883,2167,2162,1980
5.8158,4042,2262,2874,2184,2169,1980
5.8373,4039,2271,2863,2202,2174,1980
5.8575,4035,2282,2853,2222,2179,1980
5.8781,4031,2292,2843,2243,2184,1980
5.8984,4029,2303,2830,2265,2189,1980
5.9188,4028,2314,2818,2287,2192,1980
5.9389,4027,2324,2806,2306,2197,1980
5.9594,4026,2334,2795,2328,2204,1980
5.9795,4025,2344,2783,2351,2209,1980
5.9997,4023,2353,2771,2374,2212,1980
6.0198,4022,2362,2761,2393,2215,1980
6.0417,4021,2372,2751,2408,2217,1980
6.0623,4021,2382,2743,2421,2220,1980
6.0825,4021,2392,2734,2435,2223,1980
6.1029,4021,2401,2726,2450,2225,1980
6.1232,4021,2410,2718,2464,2226,1980
6.1436,4021,2419,2711,2473,2229,1980
6.1639,4021,2429,2704,2483,2233,1980
6.1848,4021,2438,2695,2498,2236,1980
6.2052,4021,2446,2685,2518,2237,1980
6.2256,4021,2454,2676,2540,2238,1980
6.2457,4021,2461,2666,2561,2240,1980
6.2661,4021,2470,2656,2582,2242,1980
6.2867,4021,2477,2648,2601,2243,1980
6.3070,4021,2484,2638,2625,2243,1980
6.3275,4021,2491,2629,2647,2244,1980
6.3479,4021,2499,2620,2669,2246,1980
6.3681,4021,2506,2614,2686,2248,1980
6.3888,4022,2514,2608,2702,2250,1980
6.4088,4022,2522,2605,2713,2251,1980
6.4290,4023,2531,2601,2727,2253,1980
6.4494,4024,2539,2598,2740,2256,1980
6.4699,4025,2547,2595,2751,2259,1980
6.4903,4026,2556,2593,2761,2262,1980
6.5108,4027,2563,2591,2771,2266,1980
6.5308,4028,2572,2590,2778,2268,1980
6.5513,4029,2580,2590,2784,2272,1980
6.5714,4030,2589,2588,2789,2276,1980
6.5918,4031,2599,2585,2798,2280,1980
6.6123,4031,2607,2583,2809,2282,1980
6.6327,4031,2614,2579,2823,2284,1980
6.6530,4031,2621,2576,2834,2287,1980
6.6734,4031,2627,2572,2846,2292,1980
6.6941,4031,2634,2565,2860,2297,1980
6.7148,4031,2639,2558,2876,2300,1980
6.7352,4032,2644,2549,2893,2304,1980
6.7557,4032,2650,2541,2911,2310,1980
6.7762,4032,2656,2532,2926,2315,1980
6.7964,4032,2662,2524,2938,2321,1980
6.8165,4033,2669,2517,2948,2327,1979
6.8369,4033,2675,2510,2955,2333,1979
6.8573,4034,2681,2503,2963,2339,1979
6.8778,4035,2687,2496,2971,2345,1979
6.8987,4037,2694,2489,2978,2348,1979
6.9191,4037,2701,2483,2984,2352,1979
6.9396,4037,2709,2477,2988,2354,1979
6.9596,4037,2715,2471,2992,2358,1979
6.9800,4037,2723,2467,2994,2361,1979
7.0004,4037,2729,2463,2996,2363,1979
7.0210,4037,2735,2460,2996,2366,1979
7.0411,4037,2742,2457,2996,2370,1979
7.0613,4037,2749,2454,2996,2374,1979
7.0817,4037,2756,2451,2996,2377,1979
7.1021,4036,2763,2448,2996,2378,1979
7.1222,4036,2769,2445,2996,2378,1979
7.1425,4035,2775,2444,2996,2379,1979
7.1626,4034,2780,2442,2995,2379,1979
7.1833,4034,2785,2441,2995,2380,1979
7.2042,4033,2789,2440,2995,2381,1979
7.2248,4031,2793,2439,2995,2381,1979
7.2450,4030,2796,2439,2994,2380,1979
7.2650,4029,2799,2439,2993,2380,1979
7.2852,4028,2802,2439,2992,2380,1979
7.3056,4027,2805,2439,2992,2380,1979
7.3259,4026,2808,2439,2991,2379,1979
7.3463,4026,2812,2439,2990,2377,1979
7.3666,4026,2815,2439,2989,2377,1979
7.3873,4026,2818,2439,2989,2379,1979
7.4074,4025,2822,2440,2988,2379,1979
7.4278,4024,2824,2441,2986,2378,1979
7.4479,4023,2827,2442,2984,2378,1979
7.4682,4022,2830,2442,2983,2378,1979
7.4885,4021,2832,2442,2982,2378,1979
7.5091,4020,2834,2442,2982,2378,1979
7.5293,4019,2836,2443,2981,2377,1979
7.5499,4018,2838,2443,2980,2375,1979
7.5704,4017,2840,2443,2979,2374,1979
7.5905,4016,2842,2443,2976,2373,1979
7.6112,4015,2844,2443,2974,2373,1979
7.6313,4014,2846,2443,2970,2372,1979
7.6520,4013,2847,2443,2966,2372,1979
7.6724,4012,2849,2443,2963,2372,1979
7.6928,4011,2851,2443,2961,2372,1979
7.7129,4010,2852,2441,2959,2372,1979
7.7334,4009,2854,2439,2958,2372,1979
7.7538,4009,2855,2438,2957,2373,1979
7.7740,4008,2857,2437,2957,2373,1979
7.7946,4008,2858,2436,2955,2373,1979
7.8148,4008,2859,2435,2955,2373,1979
7.8350,4008,2860,2434,2954,2373,1979
7.8555,4009,2861,2434,2953,2373,1979
7.8764,4011,2862,2433,2952,2373,1979
7.8968,4012,2864,2433,2951,2374,1979
7.9169,4014,2865,2432,2950,2374,1979
7.9374,4016,2866,2432,2950,2375,1979
7.9579,4018,2867,2432,2950,2375,1979
7.9780,4020,2868,2431,2950,2376,1979
7.9982,4021,2869,2431,2950,2377,1979
8.0183,4023,2869,2430,2950,2378,1979
8.0387,4024,2869,2430,2950,2378,1979
8.0592,4025,2869,2429,2950,2379,1979
8.0793,4025,2869,2428,2950,2380,1979
8.0998,4026,2869,2428,2950,2380,1979
8.1199,4027,2869,2428,2950,2381,1979
8.1400,4027,2869,2427,2950,2382,1979
8.1605,4028,2870,2427,2950,2382,1979
8.1807,4029,2870,2426,2950,2383,1979
8.2010,4030,2871,2426,2950,2383,1979
8.2216,4032,2872,2426,2950,2384,1979
8.2418,4033,2874,2425,2950,2384,1979
8.2622,4034,2875,2425,2950,2385,1979
8.2825,4035,2876,2425,2950,2385,1979
8.3028,4035,2877,2425,2950,2385,1979
8.3233,4036,2878,2425,2950,2385,1979
8.3442,4036,2879,2425,2950,2385,1979
8.3650,4036,2879,2425,2950,2385,1979
8.3850,4036,2879,2426,2950,2385,1979
8.4054,4036,2880,2426,2950,2385,1979
8.4257,4035,2880,2427,2950,2385,1979
8.4462,4035,2880,2428,2950,2385,1979
8.4664,4034,2881,2428,2950,2385,1979
8.4865,4034,2881,2428,2950,2385,1979
8.5069,4034,2882,2429,2950,2384,1979
8.5272,4034,2883,2429,2950,2383,1979
8.5479,4034,2883,2430,2950,2383,1979
8.5689,4033,2884,2430,2950,2383,1979
8.5900,4033,2885,2430,2950,2382,1979
8.6103,4033,2886,2431,2949,2382,1979
8.6304,4033,2886,2431,2949,2382,1979
8.6508,4033,2887,2432,2949,2382,1979
8.6713,4033,2887,2432,2949,2382,1979
8.6917,4033,2888,2432,2949,2382,1979
8.7119,4033,2889,2433,2948,2382,1979
8.7323,4033,2890,2433,2947,2382,1979
8.7530,4033,2891,2434,2946,2382,1979
8.7732,4034,2892,2435,2945,2382,1979
8.7937,4035,2893,2436,2944,2382,1979
8.8140,4035,2894,2436,2944,2382,1979
8.8341,4036,2895,2437,2944,2382,1979
8.8545,4036,2896,2438,2943,2382,1979
8.8750,4036,2896,2439,2943,2382,1979
8.8954,4036,2897,2440,2943,2382,1979
8.9163,4036,2897,2441,2943,2382,1979
8.9365,4036,2898,2442,2943,2382,1979
8.9567,4036,2898,2442,2943,2382,1979
8.9773,4036,2899,2443,2943,2383,1979
8.9976,4036,2899,2443,2943,2383,1979
9.0179,4036,2900,2444,2943,2383,1979
9.0382,4036,2900,2444,2943,2383,1979
9.0586,4036,2901,2445,2943,2383,1979
9.0791,4036,2902,2446,2943,2382,1979
9.0997,4036,2902,2446,2943,2382,1979
9.1208,4035,2903,2447,2943,2382,1979
9.1412,4035,2904,2447,2943,2382,1979
9.1618,4034,2906,2447,2943,2382,1979
9.1822,4034,2907,2447,2943,2382,1979
9.2030,4033,2908,2447,2943,2382,1979
9.2234,4033,2909,2447,2943,2382,1979
9.2439,4032,2910,2448,2943,2382,1979
9.2644,4032,2911,2448,2943,2382,1979
9.2849,4032,2912,2449,2943,2383,1979
9.3050,4031,2913,2449,2943,2383,1979
9.3252,4031,2914,2450,2943,2383,1979
9.3456,4031,2915,2451,2943,2383,1979
9.3661,4031,2917,2451,2943,2383,1979
9.3871,4031,2917,2452,2943,2383,1979
9.4072,4031,2918,2452,2943,2383,1979
9.4272,4031,2919,2453,2943,2383,1979
9.4476,4031,2919,2454,2943,2383,1979
9.4682,4031,2920,2455,2943,2383,1979
9.4884,4031,2920,2456,2943,2384,1979
9.5088,4031,2921,2457,2943,2384,1979
9.5295,4031,2921,2458,2943,2384,1979
9.5503,4031,2922,2459,2943,2383,1979
9.5707,4031,2923,2461,2943,2383,1979
9.5907,4031,2925,2462,2943,2383,1979
9.6109,4031,2926,2463,2943,2383,1979
9.6311,4031,2927,2464,2943,2382,1979
9.6515,4031,2927,2465,2943,2382,1979
9.6717,4031,2928,2465,2943,2382,1979
9.6920,4031,2929,2466,2943,2382,1979
9.7122,4031,2929,2466,2943,2382,1979
9.7328,4030,2929,2466,2943,2382,1979
9.7533,4030,2930,2466,2943,2381,1979
9.7737,4030,2930,2467,2943,2381,1979
9.7942,4030,2930,2467,2943,2381,1979
9.8144,4030,2931,2467,2943,2380,1979
9.8350,4030,2931,2467,2943,2380,1979
9.8555,4030,2931,2467,2943,2379,1979
9.8758,4030,2930,2465,2942,2379,1979
9.8961,4031,2928,2463,2936,2379,1979
9.9163,4031,2925,2460,2930,2379,1979
9.9367,4031,2921,2458,2925,2379,1979
9.9569,4030,2917,2455,2919,2379,1979
9.9778,4029,2913,2451,2913,2378,1979
9.9981,4029,2909,2449,2904,2378,1979
10.0186,4028,2905,2447,2898,2377,1979
10.0387,4027,2902,2446,2894,2377,1979
10.0592,4026,2899,2445,2890,2377,1979
10.0793,4026,2896,2444,2885,2376,1979
10.1000,4026,2893,2443,2879,2376,1979
10.1206,4025,2890,2443,2874,2376,1979
10.1408,4025,2887,2443,2871,2376,1979
10.1613,4025,2884,2443,2868,2376,1979
10.1824,4024,2880,2443,2863,2378,1979
10.2025,4023,2877,2443,2857,2378,1979
10.2227,4023,2874,2444,2854,2379,1979
10.2431,4021,2871,2445,2852,2379,1979
10.2632,4019,2868,2446,2851,2380,1979
10.2834,4018,2866,2446,2849,2381,1979
10.3036,4016,2863,2446,2847,2381,1979
10.3239,4014,2861,2446,2846,2381,1979
10.3440,4012,2860,2447,2845,2381,1979
10.3646,4009,2858,2447,2840,2381,1979
10.3859,4006,2855,2447,2831,2381,1979
10.4063,4004,2853,2448,2825,2380,1979
10.4266,4001,2851,2448,2821,2379,1979
10.4471,3999,2848,2449,2819,2378,1979
10.4676,3996,2846,2449,2816,2378,1979
10.4878,3995,2843,2449,2813,2378,1979
10.5080,3994,2841,2449,2810,2378,1979
10.5282,3993,2839,2449,2807,2378,1979
10.5486,3992,2838,2449,2804,2378,1979
10.5686,3992,2838,2450,2803,2378,1979
10.5890,3991,2838,2450,2803,2378,1979
10.6092,3991,2838,2450,2803,2378,1979
10.6296,3991,2838,2451,2803,2378,1979
10.6498,3991,2838,2452,2803,2377,1979
10.6705,3991,2839,2454,2803,2377,1979
10.6908,3991,2840,2455,2803,2377,1979
10.7112,3991,2840,2456,2803,2377,1979
10.7316,3990,2841,2457,2803,2376,1979
10.7518,3989,2842,2458,2803,2376,1979
10.7722,3988,2842,2460,2803,2376,1979
10.7924,3987,2843,2461,2803,2375,1979
10.8128,3985,2843,2461,2803,2375,1979
10.8335,3984,2844,2462,2803,2374,1979
10.8539,3982,2845,2462,2803,2373,1979
10.8744,3980,2845,2462,2803,2373,1979
10.8950,3978,2846,2462,2803,2372,1979
10.9160,3977,2846,2462,2803,2371,1979
10.9363,3975,2847,2462,2803,2370,1979
10.9564,3973,2848,2462,2803,2370,1979
10.9767,3972,2848,2462,2803,2369,1979
10.9973,3972,2849,2462,2803,2369,1979
11.0177,3971,2849,2462,2803,2368,1979
11.0380,3971,2849,2462,2803,2368,1979
11.0582,3971,2850,2462,2803,2368,1979
11.0787,3971,2850,2462,2803,2368,1979
11.0993,3972,2850,2463,2803,2368,1979
11.1198,3973,2849,2464,2803,2368,1979
11.1398,3974,2849,2466,2803,2369,1979
11.1603,3975,2848,2466,2803,2370,1979
11.1808,3976,2848,2468,2803,2371,1979
11.2018,3977,2847,2469,2803,2371,1979
11.2223,3977,2847,2470,2803,2371,1979
11.2427,3977,2847,2472,2803,2371,1979
11.2633,3977,2847,2472,2803,2371,1979
11.2836,3975,2847,2472,2803,2370,1979
11.3041,3973,2848,2473,2803,2370,1979
11.3245,3970,2850,2473,2803,2368,1979
11.3446,3968,2852,2473,2803,2367,1979
11.3651,3965,2855,2473,2803,2365,1979
11.3860,3961,2858,2473,2803,2363,1979
11.4063,3957,2861,2472,2803,2362,1979
11.4267,3952,2865,2471,2803,2360,1979
11.4467,3948,2868,2469,2803,2359,1979
11.4672,3943,2872,2467,2803,2357,1979
11.4876,3940,2876,2464,2803,2355,1979
11.5076,3936,2880,2461,2803,2354,1979
11.5277,3932,2884,2458,2803,2352,1979
11.5479,3928,2889,2455,2803,2351,1979
11.5685,3925,2894,2451,2803,2349,1979
11.5892,3920,2899,2448,2803,2348,1979
11.6095,3916,2903,2444,2802,2347,1979
11.6298,3913,2908,2442,2800,2345,1979
11.6502,3910,2912,2440,2799,2344,1979
11.6709,3907,2917,2437,2795,2342,1979
11.6912,3906,2921,2435,2790,2341,1979
11.7117,3903,2926,2434,2787,2341,1979
11.7317,3901,2930,2432,2786,2341,1979
11.7520,3899,2934,2430,2786,2341,1979
11.7726,3897,2938,2427,2786,2341,1979
11.7930,3896,2942,2425,2786,2341,1979
11.8136,3895,2945,2423,2786,2341,1979
11.8341,3894,2949,2420,2786,2341,1979
11.8542,3894,2951,2416,2785,2342,1979
11.8748,3894,2953,2412,2785,2342,1979
11.8950,3894,2955,2408,2785,2342,1979
11.9157,3894,2956,2405,2786,2342,1979
11.9358,3894,2956,2401,2787,2342,1979
11.9562,3894,2957,2397,2792,2342,1979
11.9763,3894,2958,2391,2801,2342,1979
11.9969,3894,2958,2384,2812,2342,1979
12.0174,3894,2959,2378,2820,2343,1979
12.0380,3894,2960,2371,2828,2345,1979
12.0583,3894,2960,2366,2836,2346,1979
12.0791,3894,2962,2360,2844,2347,1979
12.0993,3894,2963,2353,2856,2349,1979
12.1194,3894,2964,2347,2867,2349,1979
12.1399,3895,2965,2340,2876,2350,1979
12.1601,3895,2966,2334,2886,2350,1979
12.1803,3896,2967,2330,2893,2351,1979
12.2006,3896,2967,2325,2901,2351,1979
12.2208,3896,2968,2322,2909,2351,1979
12.2419,3897,2969,2318,2917,2350,1979
12.2622,3898,2970,2314,2926,2350,1979
12.2828,3898,2972,2311,2934,2350,1979
12.3032,3898,2973,2306,2941,2350,1979
12.3238,3899,2975,2302,2951,2351,1979
12.3441,3899,2977,2296,2962,2352,1979
12.3646,3899,2979,2290,2974,2352,1979
12.3847,3899,2981,2283,2985,2353,1979
12.4049,3900,2982,2276,2998,2356,1979
12.4256,3900,2984,2268,3010,2359,1979
12.4466,3900,2986,2261,3020,2361,1979
12.4669,3900,2987,2255,3026,2364,1979
12.4877,3901,2989,2250,3030,2366,1979
12.5082,3901,2990,2245,3034,2369,1979
12.5285,3901,2992,2239,3038,2372,1979
12.5498,3902,2994,2233,3044,2376,1979
12.5708,3903,2995,2227,3049,2379,1979
12.5915,3903,2996,2222,3054,2382,1979
12.6119,3904,2997,2216,3061,2385,1979
12.6327,3905,2998,2210,3068,2388,1979
12.6532,3906,2999,2204,3073,2391,1979
12.6734,3906,3001,2198,3078,2394,1979
12.6936,3907,3002,2192,3083,2396,1979
12.7136,3908,3003,2188,3087,2398,1979
12.7337,3909,3004,2183,3089,2400,1979
12.7538,3910,3005,2179,3090,2402,1979
12.7743,3910,3007,2175,3091,2404,1979
12.7947,3911,3009,2169,3093,2405,1979
12.8151,3912,3011,2165,3095,2406,1979
12.8362,3912,3013,2161,3095,2406,1979
12.8563,3913,3016,2157,3095,2407,1979
12.8766,3913,3019,2154,3096,2407,1979
12.8970,3913,3022,2151,3096,2407,1979
12.9174,3913,3025,2148,3096,2407,1979
12.9379,3913,3029,2146,3096,2406,1979
12.9583,3913,3031,2144,3096,2406,1979
12.9789,3913,3035,2143,3096,2404,1979
12.9996,3912,3038,2142,3096,2404,1979
13.0200,3911,3041,2141,3096,2403,1979
13.0401,3911,3044,2139,3096,2402,1979
13.0605,3910,3046,2138,3096,2402,1979
13.0812,3909,3049,2138,3096,2401,1979
13.1017,3909,3051,2137,3096,2401,1979
13.1223,3909,3052,2137,3096,2400,1979
13.1429,3909,3054,2137,3096,2400,1979
13.1634,3909,3055,2138,3096,2400,1979
13.1843,3909,3056,2138,3096,2400,1979
13.2048,3909,3057,2139,3096,2400,1979
13.2251,3910,3058,2140,3096,2400,1979
13.2457,3910,3059,2141,3096,2400,1979
13.2658,3911,3060,2141,3096,2400,1979
13.2887,3911,3061,2142,3096,2400,1979
13.3087,3911,3062,2143,3096,2400,1979
13.3290,3911,3063,2144,3096,2400,1979
13.3493,3911,3063,2145,3096,2400,1979
13.3695,3912,3064,2147,3095,2399,1979
13.3898,3912,3065,2149,3094,2399,1979
13.4103,3912,3065,2151,3093,2399,1979
13.4307,3912,3066,2152,3093,2398,1979
13.4523,3912,3067,2154,3092,2398,1979
13.4729,3912,3068,2155,3090,2398,1979
13.4932,3912,3069,2157,3089,2398,1979
13.5138,3912,3070,2159,3089,2398,1979
13.5343,3912,3070,2160,3088,2397,1979
13.5544,3913,3071,2162,3088,2397,1979
13.5749,3913,3072,2163,3087,2397,1979
13.5957,3913,3072,2165,3085,2396,1979
13.6158,3913,3072,2168,3084,2396,1979
13.6359,3913,3073,2170,3082,2395,1979
13.6565,3913,3073,2172,3082,2395,1979
13.6766,3913,3074,2174,3081,2394,1979
13.6971,3913,3074,2176,3079,2394,1979
13.7176,3913,3075,2178,3078,2393,1979
13.7377,3913,3075,2179,3076,2393,1979
13.7580,3913,3076,2181,3075,2393,1979
13.7786,3913,3077,2182,3074,2392,1979
13.7990,3913,3077,2183,3073,2392,1979
13.8193,3913,3078,2184,3072,2392,1979
13.8396,3913,3079,2185,3071,2392,1979
13.8598,3913,3080,2186,3070,2392,1979
13.8802,3913,3080,2186,3070,2391,1979
13.9015,3913,3081,2187,3069,2391,1979
13.9218,3913,3082,2188,3069,2391,1979
13.9419,3913,3083,2189,3069,2391,1979
13.9621,3913,3084,2189,3069,2391,1979
13.9823,3913,3086,2190,3068,2390,1979
14.0028,3913,3087,2191,3068,2390,1979
14.0232,3912,3088,2193,3067,2390,1979
14.0437,3912,3089,2194,3067,2390,1979
14.0641,3912,3090,2195,3066,2389,1979
14.0844,3912,3092,2196,3066,2389,1979
14.1047,3912,3093,2197,3066,2389,1979
14.1250,3912,3093,2198,3066,2389,1979
14.1453,3912,3094,2199,3066,2389,1979
14.1657,3912,3094,2200,3066,2389,1979
14.1860,3912,3095,2201,3066,2389,1979
14.2065,3912,3096,2203,3066,2388,1979
14.2266,3912,3096,2204,3066,2387,1979
14.2471,3912,3097,2206,3066,2386,1979
14.2676,3912,3097,2207,3066,2386,1979
14.2882,3912,3098,2208,3066,2385,1979
14.3085,3912,3098,2208,3065,2385,1979
14.3286,3912,3099,2209,3064,2385,1979
14.3491,3912,3099,2209,3062,2385,1979
14.3695,3912,3097,2208,3061,2385,1979
14.3897,3912,3095,2206,3061,2386,1979
14.4097,3913,3093,2205,3061,2387,1979
14.4298,3913,3090,2203,3061,2388,1979
14.4500,3913,3087,2201,3061,2390,1979
14.4701,3914,3082,2198,3061,2393,1979
14.4904,3915,3077,2196,3061,2395,1979
14.5107,3916,3072,2192,3061,2397,1979
14.5311,3917,3066,2190,3061,2399,1979
14.5515,3918,3060,2187,3061,2402,1979
14.5718,3919,3054,2184,3061,2406,1979
14.5920,3920,3048,2181,3061,2409,1979
14.6126,3922,3042,2177,3061,2411,1979
14.6329,3923,3036,2175,3061,2413,1979
14.6534,3924,3030,2173,3061,2415,1979
14.6740,3926,3023,2172,3061,2417,1979
14.6945,3927,3017,2171,3061,2419,1979
14.7149,3928,3011,2171,3061,2421,1979
14.7351,3930,3006,2171,3061,2422,1979
14.7556,3932,3001,2171,3061,2424,1979
14.7764,3934,2996,2171,3061,2425,1979
14.7966,3936,2991,2171,3061,2426,1979
14.8169,3938,2987,2172,3061,2427,1979
14.8370,3940,2983,2174,3061,2427,1979
14.8572,3942,2980,2176,3061,2427,1979
14.8772,3944,2977,2179,3060,2427,1979
14.8974,3946,2974,2183,3060,2427,1979
14.9175,3948,2972,2186,3059,2427,1979
14.9378,3949,2969,2190,3058,2427,1979
14.9584,3951,2967,2195,3057,2427,1979
14.9789,3953,2965,2200,3056,2427,1979
14.9993,3955,2963,2206,3055,2427,1979
15.0194,3958,2961,2212,3055,2427,1979
15.0396,3961,2959,2218,3055,2427,1979
15.0599,3963,2957,2224,3053,2427,1979
15.0805,3966,2954,2231,3052,2427,1979
15.1010,3969,2952,2239,3050,2428,1979
15.1217,3973,2949,2246,3048,2429,1979
15.1417,3977,2946,2254,3047,2430,1979
15.1620,3982,2944,2261,3047,2431,1979
15.1826,3986,2942,2269,3047,2432,1979
15.2028,3990,2939,2276,3046,2433,1979
15.2229,3996,2937,2283,3045,2434,1979
15.2433,4000,2934,2289,3045,2436,1979
15.2635,4005,2932,2295,3045,2438,1979
15.2836,4009,2930,2301,3045,2440,1979
15.3037,4013,2928,2306,3045,2442,1979
15.3242,4017,2925,2310,3045,2444,1979
15.3447,4021,2923,2314,3045,2447,1979
15.3652,4024,2921,2317,3045,2450,1979
15.3863,4028,2919,2320,3045,2451,1979
15.4066,4031,2917,2322,3045,2453,1979
15.4270,4034,2914,2325,3045,2456,1979
15.4475,4037,2911,2327,3045,2459,1979
15.4685,4040,2909,2328,3045,2461,1979
15.4890,4043,2906,2329,3045,2462,1979
15.5091,4046,2903,2331,3045,2464,1979
15.5292,4048,2899,2332,3045,2466,1979
15.5497,4050,2896,2332,3045,2468,1979
15.5701,4052,2892,2333,3045,2469,1979
15.5909,4054,2889,2333,3045,2470,1979
15.6113,4056,2885,2334,3045,2471,1979
15.6314,4057,2882,2334,3045,2472,1979
15.6517,4059,2878,2335,3045,2472,1979
15.6725,4060,2875,2336,3045,2472,1979
15.6930,4061,2872,2337,3045,2472,1979
15.7140,4062,2869,2338,3045,2472,1979
15.7344,4064,2867,2340,3045,2472,1979
15.7549,4065,2865,2342,3045,2472,1979
15.7756,4067,2862,2344,3045,2472,1979
15.7963,4068,2860,2346,3045,2472,1979
15.8168,4070,2858,2349,3045,2472,1979
15.8372,4072,2855,2352,3045,2473,1979
15.8575,4074,2853,2354,3046,2473,1979
15.8781,4076,2850,2358,3046,2473,1979
15.8983,4077,2848,2361,3047,2473,1979
15.9185,4079,2846,2364,3047,2473,1979
15.9390,4081,2843,2368,3047,2473,1979
15.9595,4082,2841,2372,3048,2473,1979
15.9797,4084,2839,2375,3049,2473,1979
15.9999,4086,2837,2378,3050,2473,1979
16.0206,4088,2835,2380,3050,2473,1979
16.0410,4089,2834,2383,3050,2473,1979
16.0613,4090,2834,2385,3050,2473,1979
16.0815,4092,2832,2387,3050,2474,1979
16.1018,4093,2832,2388,3050,2474,1979
16.1225,4094,2831,2389,3050,2475,1979
16.1428,4095,2831,2389,3050,2475,1979
16.1631,0,2830,2390,3050,2476,1979
16.1835,0,2829,2391,3050,2477,1979
16.2037,1,2828,2391,3050,2477,1979
16.2242,2,2827,2392,3050,2477,1979
16.2447,3,2826,2392,3050,2477,1979
16.2648,4,2826,2393,3050,2477,1979
16.2853,5,2825,2393,3050,2477,1979
16.3063,7,2824,2394,3050,2477,1979
16.3269,8,2823,2394,3050,2478,1979
16.3472,10,2823,2394,3050,2479,1979
16.3677,11,2822,2394,3050,2479,1979
16.3881,12,2821,2393,3050,2480,1979
16.4088,13,2821,2393,3050,2481,1979
16.4291,13,2820,2392,3050,2482,1979
16.4494,14,2820,2390,3050,2483,1979
16.4699,14,2820,2389,3050,2484,1979
16.4906,13,2820,2387,3050,2484,1979
16.5109,12,2820,2386,3050,2484,1979
16.5314,10,2820,2384,3050,2484,1979
16.5518,8,2820,2381,3050,2485,1979
16.5719,5,2821,2380,3050,2485,1979
16.5924,2,2822,2377,3050,2484,1979
16.6125,0,2824,2374,3050,2483,1979
16.6326,4092,2825,2372,3050,2483,1979
16.6528,4088,2827,2369,3050,2482,1979
16.6729,4085,2828,2366,3050,2481,1979
16.6932,4081,2830,2363,3050,2480,1979
16.7142,4077,2832,2360,3049,2479,1979
16.7348,4074,2833,2358,3049,2479,1979
16.7552,4071,2834,2356,3048,2478,1979
16.7753,4069,2834,2354,3047,2478,1979
16.7961,4066,2834,2353,3045,2478,1979
16.8162,4064,2834,2352,3042,2478,1979
16.8370,4062,2834,2352,3039,2477,1979
16.8571,4062,2834,2351,3038,2477,1979
16.8775,4061,2833,2351,3036,2477,1979
16.8979,4061,2832,2351,3035,2478,1979
16.9185,4061,2830,2351,3033,2479,1979
16.9386,4062,2829,2351,3031,2480,1979
16.9593,4064,2827,2352,3030,2482,1979
16.9799,4067,2825,2353,3028,2484,1979
17.0002,4070,2823,2354,3027,2485,1979
17.0211,4074,2821,2357,3024,2486,1979
17.0417,4079,2819,2359,3021,2487,1979
17.0620,4084,2817,2361,3018,2488,1979
17.0823,4089,2815,2363,3015,2489,1979
17.1026,4094,2813,2365,3010,2491,1979
17.1232,1,2811,2368,3004,2492,1979
17.1434,6,2810,2370,2999,2493,1979
17.1642,10,2808,2373,2993,2495,1979
17.1844,14,2806,2376,2986,2496,1979
17.2048,17,2805,2379,2978,2497,1979
17.2252,21,2804,2382,2970,2498,1979
17.2455,24,2803,2385,2960,2499,1979
17.2657,27,2802,2388,2950,2499,1979
17.2862,30,2801,2391,2939,2499,1979
17.3064,33,2801,2393,2930,2500,1979
17.3266,36,2800,2394,2923,2501,1979
17.3472,38,2800,2394,2920,2502,1979
17.3679,40,2800,2394,2918,2503,1979
17.3882,42,2800,2394,2917,2503,1979
17.4083,44,2800,2394,2916,2504,1979
17.4288,45,2800,2394,2916,2505,1979
17.4494,47,2800,2394,2916,2507,1979
17.4698,48,2800,2394,2916,2509,1979
17.4902,49,2800,2394,2916,2510,1979
17.5109,49,2800,2395,2916,2511,1979
17.5311,50,2800,2397,2916,2512,1979
17.5519,51,2801,2400,2916,2512,1979
17.5724,53,2801,2403,2918,2513,1979
17.5927,55,2801,2407,2921,2513,1979
17.6131,57,2801,2411,2924,2513,1979
17.6334,60,2801,2414,2927,2514,1979
17.6537,63,2801,2418,2929,2516,1979
17.6741,66,2800,2423,2930,2517,1979
17.6942,70,2800,2429,2932,2518,1979
17.7146,73,2799,2433,2934,2519,1979
17.7350,76,2798,2436,2936,2520,1979
17.7551,78,2797,2441,2937,2521,1979
17.7752,80,2796,2445,2938,2522,1979
17.7954,82,2794,2449,2938,2523,1979
17.8159,83,2793,2452,2940,2523,1979
17.8361,84,2792,2455,2940,2524,1979
17.8566,85,2790,2458,2941,2524,1979
17.8768,86,2789,2462,2941,2524,1979
17.8973,86,2788,2465,2941,2524,1979
17.9173,86,2787,2468,2941,2524,1979
17.9377,86,2787,2471,2941,2524,1979
17.9583,86,2787,2473,2941,2524,1979
17.9789,86,2787,2474,2941,2523,1979
17.9989,86,2787,2475,2941,2523,1979
18.0192,86,2787,2476,2941,2522,1979
18.0394,86,2787,2478,2941,2522,1979
18.0598,84,2787,2480,2941,2522,1979
18.0801,83,2788,2481,2941,2521,1979
18.1003,82,2788,2481,2941,2520,1979
18.1204,80,2789,2481,2941,2519,1979
18.1406,78,2789,2481,2942,2519,1979
18.1607,77,2790,2481,2944,2518,1979
18.1809,76,2790,2482,2946,2517,1979
18.2013,74,2791,2481,2949,2516,1979
18.2217,72,2791,2480,2952,2516,1979
18.2422,71,2792,2480,2954,2515,1979
18.2623,70,2792,2480,2957,2513,1979
18.2825,68,2793,2479,2959,2512,1979
18.3033,67,2794,2479,2960,2512,1979
18.3235,66,2795,2479,2962,2512,1979
18.3440,65,2796,2479,2963,2511,1979
18.3645,65,2797,2479,2965,2510,1979
18.3851,64,2798,2479,2966,2510,1979
18.4054,64,2799,2479,2967,2510,1979
18.4259,63,2800,2479,2968,2510,1979
18.4471,63,2800,2479,2969,2510,1979
18.4675,63,2801,2480,2969,2510,1979
18.4879,63,2801,2480,2969,2510,1979
18.5083,63,2801,2481,2970,2510,1979
18.5288,63,2801,2482,2970,2510,1979
18.5495,63,2801,2482,2970,2510,1979
18.5702,63,2801,2483,2970,2511,1979
18.5905,63,2801,2483,2970,2511,1979
18.6108,64,2801,2483,2970,2512,1979
18.6308,64,2801,2483,2970,2512,1979
18.6515,64,2801,2483,2970,2512,1979
18.6722,64,2802,2484,2970,2512,1979
18.6927,64,2803,2484,2970,2512,1979
18.7131,64,2803,2484,2970,2512,1979
18.7334,64,2804,2485,2970,2513,1979
18.7541,64,2805,2485,2970,2513,1979
18.7747,64,2806,2485,2970,2513,1979
18.7952,64,2807,2485,2970,2512,1979
18.8154,64,2809,2485,2970,2512,1979
18.8357,63,2810,2485,2970,2512,1979
18.8562,63,2812,2485,2970,2512,1979
18.8764,62,2813,2485,2970,2511,1979
18.8969,62,2815,2485,2970,2511,1979
18.9175,61,2816,2485,2970,2511,1979
18.9381,61,2817,2485,2970,2511,1979
18.9585,61,2818,2485,2970,2511,1979
18.9791,61,2819,2485,2970,2511,1979
18.9996,61,2819,2485,2970,2510,1979
19.0198,61,2820,2485,2970,2510,1979
19.0401,61,2821,2485,2970,2510,1979
19.0605,62,2822,2485,2970,2510,1979
19.0812,62,2823,2485,2970,2510,1979
19.1017,63,2824,2485,2970,2510,1979
19.1218,64,2825,2486,2970,2510,1979
19.1424,64,2825,2486,2970,2510,1979
19.1630,64,2826,2486,2970,2510,1979
19.1831,65,2827,2487,2970,2510,1979
19.2032,65,2828,2487,2970,2510,1979
19.2236,65,2829,2488,2969,2510,1979
19.2436,66,2830,2489,2969,2510,1979
19.2641,66,2830,2490,2969,2510,1979
19.2847,66,2831,2491,2969,2510,1979
19.3051,66,2833,2492,2969,2509,1979
19.3255,67,2834,2493,2969,2509,1979
19.3457,67,2835,2493,2969,2509,1979
19.3660,67,2837,2493,2969,2509,1979
19.3863,67,2838,2494,2969,2509,1979
19.4064,67,2839,2494,2969,2508,1979
19.4269,67,2840,2495,2969,2508,1979
19.4473,67,2841,2496,2969,2507,1979
19.4681,67,2842,2497,2969,2506,1979
19.4886,67,2843,2497,2969,2506,1979
19.5090,67,2845,2497,2969,2505,1979
19.5292,66,2846,2497,2969,2505,1979
19.5495,66,2847,2497,2969,2504,1979
19.5699,65,2848,2497,2969,2504,1979
19.5905,65,2849,2497,2969,2504,1979
19.6109,65,2850,2497,2969,2504,1979
19.6313,65,2851,2497,2969,2504,1979
19.6516,65,2853,2497,2969,2504,1979
19.6718,65,2854,2497,2969,2504,1979
19.6920,65,2855,2497,2969,2505,1979
19.7121,65,2856,2497,2969,2505,1979
19.7323,65,2857,2497,2969,2506,1979
19.7525,66,2857,2496,2969,2506,1979
19.7726,67,2858,2496,2969,2507,1979
19.7927,68,2859,2495,2969,2508,1979
19.8131,69,2860,2494,2969,2508,1979
19.8335,70,2861,2494,2969,2509,1979
19.8538,70,2862,2494,2969,2510,1979
19.8739,70,2862,2494,2969,2510,1979
19.8943,70,2863,2493,2969,2511,1979
19.9152,71,2864,2493,2969,2511,1979
19.9359,71,2864,2492,2969,2511,1979
19.9564,71,2865,2491,2969,2511,1979
19.9768,71,2867,2490,2969,2511,1979
19.9975,71,2868,2490,2969,2511,1979
20.0183,71,2869,2490,2969,2511,1979
20.0385,71,2871,2489,2969,2511,1979
20.0587,71,2872,2489,2969,2511,1979
20.0793,71,2873,2489,2969,2512,1979
20.0998,71,2875,2489,2969,2512,1979
20.1200,71,2876,2489,2969,2512,1979
20.1403,70,2877,2489,2969,2512,1979
20.1608,70,2878,2489,2969,2512,1979
20.1814,70,2879,2489,2969,2512,1979
20.2014,70,2880,2490,2969,2512,1979
20.2220,70,2881,2490,2969,2512,1979
20.2425,70,2882,2490,2969,2512,1979
20.2631,70,2883,2490,2969,2512,1979
20.2836,69,2884,2490,2969,2512,1979
20.3043,69,2885,2490,2969,2513,1979
20.3246,69,2885,2490,2969,2513,1979
20.3448,69,2885,2489,2968,2513,1979
20.3652,69,2885,2489,2968,2513,1979
20.3858,69,2886,2488,2968,2513,1979
20.4060,69,2886,2488,2967,2513,1979
20.4264,69,2886,2487,2967,2513,1979
20.4469,69,2885,2486,2966,2514,1979
20.4674,69,2885,2485,2966,2514,1979
20.4878,69,2884,2485,2966,2515,1979
20.5081,69,2883,2484,2966,2515,1979
20.5286,69,2883,2484,2966,2516,1979
20.5491,69,2882,2484,2966,2516,1979
20.5691,70,2882,2482,2966,2516,1979
20.5891,71,2881,2481,2966,2517,1979
20.6094,71,2881,2479,2966,2517,1979
20.6298,72,2880,2479,2966,2517,1979
20.6503,72,2880,2478,2966,2517,1979
20.6706,73,2879,2477,2966,2517,1979
20.6910,73,2879,2477,2966,2517,1979
20.7115,73,2879,2477,2966,2517,1979
20.7315,73,2878,2477,2966,2517,1979
20.7518,73,2877,2477,2966,2517,1979
20.7724,73,2876,2477,2966,2517,1979
20.7928,73,2875,2478,2966,2516,1979
20.8132,73,2874,2479,2966,2516,1979
20.8342,72,2873,2479,2966,2515,1979
20.8545,72,2872,2479,2966,2515,1979
20.8746,72,2872,2479,2966,2515,1979
20.8947,71,2871,2479,2966,2514,1979
20.9152,71,2870,2480,2965,2513,1979
20.9355,71,2869,2480,2964,2512,1979
20.9556,70,2868,2481,2963,2512,1979
20.9760,69,2866,2482,2960,2511,1979
20.9966,68,2864,2483,2956,2511,1979
21.0172,67,2861,2485,2951,2511,1979
21.0375,66,2859,2487,2946,2511,1979
21.0580,65,2857,2488,2943,2511,1979
21.0783,64,2854,2489,2940,2511,1979
21.0996,63,2852,2490,2939,2511,1979
21.1197,62,2849,2491,2938,2511,1979
21.1401,61,2847,2491,2938,2511,1979
21.1605,60,2844,2491,2938,2511,1979
21.1809,60,2842,2491,2938,2511,1979
21.2014,59,2840,2491,2938,2511,1979
21.2221,59,2839,2491,2937,2512,1979
21.2424,59,2838,2491,2937,2512,1979
21.2626,59,2837,2491,2937,2512,1979
21.2831,59,2837,2491,2937,2513,1979
21.3033,60,2836,2491,2937,2513,1979
21.3235,61,2835,2491,2937,2513,1979
21.3440,62,2834,2492,2937,2513,1979
21.3644,62,2831,2493,2937,2514,1979
21.3850,62,2829,2495,2937,2514,1979
21.4051,63,2826,2496,2937,2514,1979
21.4255,63,2824,2498,2937,2514,1979
21.4462,63,2820,2500,2937,2514,1979
21.4662,63,2818,2501,2937,2514,1979
21.4866,63,2816,2503,2937,2514,1979
21.5069,63,2813,2504,2937,2514,1979
21.5270,63,2812,2505,2937,2514,1979
21.5484,63,2811,2505,2937,2514,1979
21.5685,63,2811,2505,2937,2514,1979
21.5889,63,2811,2505,2937,2514,1979
21.6090,63,2811,2505,2937,2514,1979
21.6294,63,2811,2505,2937,2514,1979
21.6497,63,2812,2505,2937,2514,1979
21.6707,63,2814,2504,2937,2514,1979
21.6910,64,2816,2503,2937,2514,1979
21.7111,64,2818,2503,2937,2514,1979
21.7315,65,2820,2502,2937,2514,1979
21.7518,66,2821,2502,2937,2514,1979
21.7724,67,2822,2501,2937,2514,1979
21.7929,69,2823,2501,2937,2514,1979
21.8136,70,2825,2501,2937,2514,1979
21.8341,71,2825,2500,2936,2514,1979
21.8545,72,2826,2499,2936,2515,1979
21.8750,73,2828,2498,2935,2515,1979
21.8955,74,2829,2497,2933,2515,1979
21.9159,75,2831,2495,2932,2516,1979
21.9364,76,2833,2494,2931,2516,1979
21.9569,77,2834,2493,2931,2517,1979
21.9773,78,2836,2490,2931,2518,1979
21.9975,78,2837,2489,2931,2519,1979
22.0182,79,2839,2488,2931,2519,1979
22.0385,79,2840,2486,2931,2519,1979
22.0587,79,2841,2486,2931,2518,1979
22.0791,79,2841,2485,2931,2517,1979
22.0994,79,2842,2485,2933,2516,1979
22.1200,79,2842,2484,2934,2515,1979
22.1406,79,2842,2483,2936,2515,1979
22.1607,78,2842,2481,2938,2514,1979
22.1809,78,2842,2480,2940,2513,1979
22.2014,77,2842,2477,2944,2513,1979
22.2219,77,2841,2475,2947,2512,1979
22.2427,76,2840,2472,2951,2512,1979
22.2631,75,2838,2470,2954,2512,1979
22.2837,74,2836,2467,2957,2511,1979
22.3038,73,2833,2465,2960,2511,1979
22.3243,72,2830,2461,2965,2511,1979
22.3449,71,2827,2457,2972,2511,1979
22.3654,70,2824,2452,2980,2509,1979
22.3858,69,2821,2446,2990,2509,1979
22.4059,68,2819,2440,3000,2509,1979
22.4264,68,2817,2433,3009,2511,1979
22.4468,67,2815,2426,3016,2512,1979
22.4672,66,2814,2420,3023,2512,1979
22.4875,66,2813,2415,3029,2513,1979
22.5077,65,2812,2409,3034,2515,1979
22.5282,64,2812,2402,3038,2517,1979
22.5485,64,2811,2397,3043,2518,1979
22.5688,63,2810,2392,3046,2519,1979
22.5896,62,2810,2388,3049,2521,1979
22.6097,62,2810,2383,3052,2523,1979
22.6301,61,2809,2379,3055,2525,1979
22.6503,60,2809,2376,3058,2527,1979
22.6706,60,2809,2373,3060,2530,1979
22.6910,59,2808,2371,3062,2534,1979
22.7114,59,2808,2370,3064,2537,1979
22.7318,59,2808,2369,3067,2540,1979
22.7519,59,2808,2368,3072,2543,1979
22.7725,59,2808,2367,3076,2545,1979
22.7928,59,2808,2367,3080,2548,1979
22.8129,60,2809,2367,3084,2551,1979
22.8334,61,2809,2367,3090,2555,1979
22.8540,62,2810,2367,3096,2558,1979
22.8741,64,2811,2367,3101,2562,1979
22.8943,65,2812,2367,3106,2567,1979
22.9146,66,2812,2366,3111,2572,1979
22.9350,68,2813,2366,3116,2578,1979
22.9555,69,2814,2365,3120,2582,1979
22.9759,71,2814,2365,3122,2587,1979
22.9963,72,2815,2365,3123,2591,1979
23.0169,73,2815,2364,3125,2597,1979
23.0373,74,2816,2362,3126,2602,1979
23.0576,74,2816,2361,3128,2606,1979
23.0781,74,2816,2359,3129,2610,1979
23.0986,75,2817,2357,3130,2614,1979
23.1193,75,2818,2355,3130,2618,1979
23.1399,75,2818,2352,3130,2621,1979
23.1599,75,2820,2349,3130,2624,1979
23.1801,75,2821,2347,3130,2626,1979
23.2005,75,2822,2345,3130,2627,1979
23.2207,75,2824,2342,3130,2628,1979
23.2408,75,2825,2340,3130,2630,1979
23.2614,75,2827,2337,3130,2631,1979
23.2819,74,2829,2335,3130,2631,1979
23.3024,74,2830,2332,3127,2631,1979
23.3229,73,2832,2331,3125,2632,1979
23.3431,72,2833,2329,3124,2632,1979
23.3637,72,2834,2328,3123,2631,1979
23.3839,72,2835,2327,3123,2631,1979
23.4045,72,2837,2326,3123,2630,1979
23.4249,72,2838,2326,3123,2629,1979
23.4463,72,2839,2326,3123,2629,1979
23.4671,72,2840,2326,3123,2629,1979
23.4875,72,2841,2326,3123,2628,1979
23.5078,72,2843,2326,3123,2628,1979
23.5281,72,2844,2326,3123,2627,1979
23.5484,72,2845,2326,3123,2627,1979
23.5689,72,2846,2327,3122,2626,1979
23.5894,72,2848,2327,3121,2625,1979
23.6094,72,2849,2327,3120,2625,1979
23.6299,72,2851,2327,3118,2624,1979
23.6507,72,2852,2327,3117,2624,1979
23.6711,72,2854,2328,3116,2623,1979
23.6914,72,2856,2329,3115,2623,1979
23.7119,71,2857,2329,3113,2622,1979
23.7325,71,2859,2330,3112,2621,1979
23.7525,71,2860,2330,3111,2621,1979
23.7731,70,2862,2331,3111,2621,1979
23.7936,70,2864,2331,3110,2621,1979
23.8141,69,2866,2331,3109,2621,1979
23.8342,69,2868,2331,3109,2620,1979
23.8545,68,2869,2331,3109,2620,1979
23.8750,68,2871,2331,3109,2620,1979
23.8954,67,2872,2331,3109,2620,1979
23.9155,67,2874,2331,3109,2620,1979
23.9357,66,2875,2332,3109,2620,1979
23.9560,66,2877,2332,3109,2620,1979
23.9764,66,2878,2333,3109,2620,1979
23.9969,65,2880,2334,3109,2619,1979
24.0173,65,2881,2334,3108,2619,1979
24.0379,65,2882,2335,3108,2619,1979
24.0580,65,2883,2336,3108,2619,1979
24.0786,65,2884,2336,3108,2619,1979
24.0991,65,2886,2337,3107,2619,1979
24.1198,65,2887,2337,3107,2620,1979
24.1401,66,2888,2337,3107,2620,1979
24.1603,66,2889,2338,3107,2621,1979
24.1806,67,2890,2339,3107,2621,1979
24.2010,67,2892,2340,3106,2621,1979
24.2212,67,2893,2340,3106,2621,1979
24.2413,67,2894,2341,3106,2621,1979
24.2619,67,2895,2343,3105,2621,1979
24.2827,67,2896,2344,3104,2621,1979
24.3030,67,2896,2346,3103,2621,1979
24.3232,67,2896,2347,3102,2621,1979
24.3437,67,2897,2349,3102,2621,1979
24.3640,67,2897,2351,3101,2621,1979
24.3843,67,2898,2352,3100,2621,1979
24.4045,67,2899,2354,3099,2621,1979
24.4246,67,2900,2356,3098,2621,1979
24.4449,67,2900,2358,3097,2621,1979
24.4653,67,2901,2359,3096,2621,1979
24.4857,67,2901,2360,3095,2621,1979
24.5060,67,2902,2362,3095,2621,1979
24.5265,67,2902,2364,3095,2621,1979
24.5467,67,2903,2366,3094,2621,1979
24.5672,67,2904,2367,3093,2621,1979
24.5880,67,2904,2369,3091,2620,1979
24.6086,66,2905,2371,3091,2620,1979
24.6290,66,2906,2372,3090,2620,1979
24.6496,66,2906,2373,3089,2620,1979
24.6700,66,2907,2375,3088,2620,1979
24.6905,66,2908,2376,3088,2620,1979
24.7105,66,2908,2377,3088,2620,1979
24.7309,66,2909,2378,3087,2620,1979
24.7512,66,2909,2378,3087,2620,1979
24.7716,66,2910,2379,3087,2620,1979
24.7918,66,2911,2379,3087,2620,1979
24.8124,66,2912,2379,3087,2620,1979
24.8324,66,2913,2379,3087,2621,1979
24.8528,66,2915,2380,3087,2621,1979
24.8728,66,2916,2380,3087,2621,1979
24.8933,66,2917,2381,3087,2621,1979
24.9137,66,2919,2382,3087,2621,1979
24.9341,66,2920,2383,3087,2621,1979
24.9547,66,2922,2384,3087,2621,1979
24.9748,66,2923,2385,3087,2621,1979
24.9953,65,2924,2385,3087,2621,1979
25.0158,65,2925,2386,3087,2622,1979
25.0362,64,2926,2387,3087,2622,1979
25.0566,64,2927,2387,3087,2622,1979
25.0769,63,2928,2388,3087,2622,1979
25.0971,63,2929,2388,3087,2622,1979
25.1173,62,2930,2388,3087,2622,1979
25.1383,62,2931,2389,3087,2622,1979
25.1587,61,2932,2389,3087,2622,1979
25.1787,61,2933,2390,3087,2622,1979
25.1991,60,2934,2390,3087,2622,1979
25.2193,60,2935,2391,3087,2622,1979
25.2395,59,2935,2392,3087,2622,1979
25.2599,59,2936,2393,3087,2622,1979
25.2803,59,2936,2393,3086,2622,1979
25.3006,59,2936,2393,3086,2622,1979
25.3210,59,2936,2393,3085,2622,1979
25.3412,59,2934,2393,3085,2622,1979
25.3617,59,2932,2392,3084,2622,1979
25.3817,58,2930,2392,3084,2622,1979
25.4020,58,2926,2392,3084,2623,1979
25.4226,58,2923,2392,3084,2624,1979
25.4433,58,2919,2390,3084,2624,1979
25.4637,59,2914,2387,3084,2625,1979
25.4838,60,2909,2384,3085,2626,1979
25.5040,62,2904,2381,3085,2626,1979
25.5244,63,2899,2379,3085,2626,1979
25.5445,64,2893,2376,3086,2627,1979
25.5647,66,2887,2374,3087,2627,1979
25.5850,67,2881,2371,3088,2628,1979
25.6052,69,2875,2368,3092,2629,1979
25.6253,70,2868,2365,3096,2629,1979
25.6456,71,2863,2361,3101,2630,1979
25.6658,71,2859,2358,3105,2632,1979
25.6861,72,2855,2355,3108,2632,1979
25.7064,73,2852,2352,3111,2633,1979
25.7267,74,2850,2350,3114,2633,1979
25.7473,74,2848,2348,3115,2633,1979
25.7678,75,2847,2347,3116,2633,1979
25.7881,75,2846,2347,3116,2633,1979
25.8084,75,2846,2346,3116,2633,1979
25.8285,75,2846,2346,3116,2633,1979
25.8488,75,2846,2346,3116,2633,1979
25.8691,75,2846,2346,3116,2632,1979
25.8892,75,2846,2347,3116,2632,1979
25.9101,75,2846,2348,3116,2632,1979
25.9304,75,2846,2349,3116,2632,1979
25.9509,75,2846,2351,3116,2631,1979
25.9717,75,2846,2352,3116,2631,1979
25.9920,76,2846,2352,3116,2631,1979
26.0123,77,2846,2353,3116,2631,1979
26.0329,77,2846,2354,3116,2631,1979
26.0533,77,2846,2354,3116,2631,1979
26.0736,78,2846,2355,3116,2631,1979
26.0940,78,2846,2355,3116,2631,1979
26.1144,78,2846,2355,3115,2631,1979
26.1351,78,2847,2355,3115,2631,1979
26.1552,78,2847,2355,3115,2631,1979
26.1758,78,2848,2355,3114,2631,1979
26.1965,77,2849,2355,3114,2631,1979
26.2169,77,2850,2355,3114,2631,1979
26.2379,77,2851,2355,3114,2630,1979
26.2586,76,2852,2355,3113,2630,1979
26.2791,76,2854,2355,3112,2630,1979
26.2996,75,2855,2355,3112,2630,1979
26.3198,75,2857,2355,3112,2628,1979
26.3402,74,2858,2356,3111,2628,1979
26.3607,74,2860,2356,3110,2627,1979
26.3812,73,2862,2356,3109,2627,1979
26.4016,73,2864,2356,3108,2627,1979
26.4217,73,2865,2356,3107,2626,1979
26.4419,73,2867,2356,3105,2626,1979
26.4619,73,2869,2357,3104,2626,1979
26.4821,73,2871,2357,3102,2625,1979
26.5025,73,2872,2358,3102,2625,1979
26.5227,73,2874,2359,3101,2625,1979
26.5436,72,2876,2359,3100,2625,1979
26.5642,72,2877,2360,3098,2624,1979
26.5844,71,2879,2360,3097,2624,1979
26.6045,71,2880,2360,3096,2624,1979
26.6246,70,2881,2361,3095,2624,1979
26.6452,69,2882,2361,3094,2623,1979
26.6658,69,2884,2362,3093,2623,1979
26.6859,68,2885,2362,3092,2622,1979
26.7061,68,2886,2362,3091,2622,1979
26.7265,67,2887,2362,3090,2622,1979
26.7471,67,2888,2362,3090,2622,1979
26.7674,66,2889,2363,3089,2622,1979
26.7882,66,2890,2363,3088,2622,1979
26.8084,65,2891,2363,3087,2621,1979
26.8294,65,2893,2364,3085,2621,1979
26.8497,64,2894,2366,3083,2620,1979
26.8701,64,2896,2367,3082,2620,1979
26.8902,63,2898,2368,3082,2620,1979
26.9111,63,2900,2370,3081,2620,1979
26.9317,62,2902,2372,3079,2620,1979
26.9522,61,2904,2373,3077,2620,1979
26.9724,61,2907,2375,3076,2620,1979
26.9925,61,2909,2377,3075,2620,1979
27.0130,60,2910,2379,3073,2620,1979
27.0331,60,2912,2381,3072,2619,1979
27.0537,60,2913,2382,3072,2619,1979
27.0740,60,2914,2383,3072,2619,1979
27.0944,60,2915,2384,3072,2619,1979
27.1149,60,2916,2384,3072,2619,1979
27.1357,60,2917,2385,3071,2619,1979
27.1558,60,2917,2385,3071,2619,1979
27.1760,61,2917,2385,3071,2619,1979
27.1963,61,2918,2386,3071,2619,1979
27.2164,61,2918,2386,3071,2619,1979
27.2366,61,2918,2387,3071,2619,1979
27.2568,61,2919,2388,3071,2619,1979
27.2776,62,2919,2389,3071,2619,1979
27.2979,62,2919,2390,3071,2619,1979
27.3183,62,2920,2391,3071,2619,1979
27.3383,62,2920,2391,3071,2619,1979
27.3588,63,2920,2392,3071,2619,1979
27.3791,63,2921,2392,3070,2619,1979
27.4000,64,2921,2392,3069,2619,1979
27.4208,64,2920,2392,3069,2619,1979
27.4409,64,2920,2392,3069,2620,1979
27.4613,64,2919,2392,3069,2620,1979
27.4821,64,2918,2392,3069,2621,1979
27.5025,65,2917,2392,3069,2621,1979
27.5230,65,2916,2392,3069,2621,1979
27.5430,65,2915,2392,3069,2622,1979
27.5631,65,2914,2392,3069,2622,1979
27.5837,64,2912,2391,3069,2622,1979
27.6044,64,2911,2390,3069,2622,1979
27.6248,63,2910,2389,3069,2621,1979
27.6456,61,2908,2388,3069,2621,1979
27.6658,60,2907,2387,3069,2620,1979
27.6862,59,2905,2386,3069,2620,1979
27.7067,58,2904,2385,3069,2620,1979
27.7279,57,2903,2385,3069,2620,1979
27.7481,57,2901,2384,3069,2620,1979
27.7684,56,2899,2383,3069,2620,1979
27.7888,56,2898,2382,3069,2620,1979
27.8089,55,2897,2382,3069,2620,1979
27.8294,55,2894,2381,3069,2620,1979
27.8494,55,2891,2381,3069,2621,1979
27.8706,55,2888,2381,3069,2621,1979
27.8911,55,2885,2381,3069,2622,1979
27.9111,55,2883,2381,3069,2623,1979
27.9313,55,2879,2380,3069,2624,1979
27.9517,55,2877,2380,3069,2624,1979
27.9721,55,2874,2380,3069,2625,1979
27.9926,55,2871,2380,3069,2625,1979
28.0127,55,2868,2379,3069,2625,1979
28.0329,55,2866,2378,3069,2626,1979
28.0537,56,2865,2377,3069,2626,1979
28.0740,56,2863,2376,3069,2626,1979
28.0949,56,2861,2374,3069,2626,1979
28.1152,56,2859,2373,3069,2627,1979
28.1364,56,2857,2372,3069,2627,1979
28.1565,57,2856,2372,3069,2627,1979
28.1769,57,2854,2371,3069,2627,1979
28.1980,57,2853,2370,3069,2627,1979
28.2187,58,2853,2369,3069,2627,1979
28.2393,59,2852,2369,3069,2627,1979
28.2595,60,2852,2369,3069,2627,1979
28.2799,61,2852,2369,3069,2627,1979
28.3004,62,2852,2369,3069,2627,1979
28.3209,63,2852,2369,3069,2627,1979
28.3412,64,2852,2370,3069,2627,1979
28.3616,66,2851,2371,3069,2627,1979
28.3816,67,2851,2372,3069,2627,1979
28.4024,68,2851,2373,3069,2628,1979
28.4225,70,2851,2374,3069,2629,1979
28.4428,71,2851,2374,3069,2629,1979
28.4630,72,2850,2375,3069,2630,1979
28.4835,74,2850,2376,3069,2630,1979
28.5039,75,2849,2376,3069,2631,1979
28.5241,77,2848,2376,3069,2632,1979
28.5449,77,2848,2376,3069,2632,1979
28.5650,79,2847,2376,3069,2633,1979
28.5853,80,2846,2376,3069,2633,1979
28.6057,81,2845,2376,3069,2633,1979
28.6262,82,2844,2376,3069,2633,1979
28.6466,83,2844,2376,3069,2633,1979
28.6669,83,2844,2376,3069,2633,1979
28.6877,83,2845,2376,3069,2633,1979
28.7079,83,2845,2376,3069,2633,1979
28.7284,83,2846,2376,3069,2633,1979
28.7489,83,2847,2376,3069,2633,1979
28.7693,83,2848,2376,3069,2633,1979
28.7894,82,2849,2376,3069,2632,1979
28.8101,81,2850,2377,3069,2632,1979
28.8314,81,2851,2377,3069,2631,1979
28.8518,80,2852,2378,3069,2631,1979
28.8721,80,2853,2378,3069,2630,1979
28.8924,79,2853,2378,3069,2630,1979
28.9125,79,2854,2379,3069,2630,1979
28.9326,78,2855,2379,3068,2630,1979
28.9531,78,2856,2379,3068,2629,1979
28.9737,78,2857,2379,3068,2629,1979
28.9937,78,2858,2379,3068,2628,1979
29.0138,77,2860,2379,3068,2628,1979
29.0341,77,2862,2379,3067,2628,1979
29.0541,77,2863,2379,3067,2627,1979
29.0745,76,2865,2380,3067,2627,1979
29.0948,76,2866,2380,3066,2627,1979
29.1149,76,2868,2380,3066,2627,1979
29.1351,75,2870,2381,3066,2627,1979
29.1554,75,2872,2382,3065,2626,1979
29.1756,75,2874,2382,3065,2626,1979
29.1960,75,2876,2383,3063,2625,1979
29.2165,74,2878,2383,3061,2625,1979
29.2369,74,2880,2383,3060,2625,1979
29.2573,74,2882,2384,3060,2625,1979
29.2779,74,2883,2384,3060,2625,1979
29.2990,74,2885,2384,3060,2625,1979
29.3193,74,2887,2384,3059,2625,1979
29.3396,74,2888,2384,3059,2625,1979
29.3601,74,2890,2385,3059,2625,1979
29.3806,74,2891,2386,3059,2625,1979
29.4012,74,2893,2386,3059,2625,1979
29.4215,74,2894,2387,3059,2625,1979
29.4420,74,2896,2388,3059,2625,1979
29.4622,73,2896,2388,3059,2625,1979
29.4827,73,2898,2389,3059,2624,1979
29.5036,73,2899,2390,3059,2624,1979
29.5237,72,2900,2391,3059,2624,1979
29.5441,72,2901,2392,3059,2624,1979
29.5642,72,2902,2392,3059,2623,1979
29.5844,71,2902,2393,3059,2623,1979
29.6048,71,2903,2393,3059,2623,1979
29.6252,71,2904,2394,3059,2623,1979
29.6460,70,2904,2394,3059,2623,1979
29.6668,70,2905,2394,3059,2623,1979
29.6870,70,2906,2395,3059,2623,1979
29.7073,69,2907,2395,3059,2622,1979
29.7280,69,2907,2396,3059,2622,1979
29.7483,69,2908,2396,3059,2622,1979
29.7687,69,2908,2397,3060,2622,1979
29.7889,68,2909,2397,3060,2622,1979
29.8090,68,2909,2397,3061,2622,1979
29.8295,68,2909,2397,3063,2622,1979
29.8498,68,2910,2397,3065,2622,1979
29.8704,67,2910,2397,3066,2622,1979
29.8910,67,2910,2397,3067,2622,1979
29.9112,67,2910,2397,3068,2622,1979
29.9316,67,2910,2397,3068,2622,1979
29.9519,66,2911,2397,3068,2622,1979
29.9725,66,2912,2397,3068,2622,1979
29.9930,66,2912,2397,3068,2622,1979
30.0133,66,2913,2397,3069,2622,1979
30.0336,65,2913,2397,3069,2622,1979
30.0537,65,2914,2398,3069,2622,1979
30.0741,65,2915,2398,3069,2623,1979
30.0946,64,2915,2398,3069,2623,1979
30.1151,64,2916,2399,3069,2623,1979
30.1353,63,2917,2399,3069,2623,1979
30.1556,63,2918,2400,3069,2623,1979
30.1757,62,2918,2401,3069,2623,1979
30.1962,62,2919,2401,3069,2622,1979
30.2166,61,2919,2402,3069,2622,1979
30.2371,61,2920,2402,3069,2622,1979
30.2574,61,2920,2403,3069,2622,1979
30.2774,61,2920,2403,3069,2622,1979
30.2976,61,2920,2404,3069,2622,1979
30.3186,61,2920,2404,3069,2622,1979
30.3390,61,2920,2405,3069,2622,1979
30.3594,61,2920,2406,3069,2622,1979
30.3803,61,2920,2407,3069,2622,1979
30.4006,61,2920,2407,3069,2622,1979
30.4209,62,2920,2408,3069,2622,1979
30.4413,62,2920,2409,3069,2622,1979
30.4617,62,2920,2410,3069,2622,1979
30.4819,63,2920,2411,3069,2622,1979
30.5019,63,2920,2412,3069,2623,1979
30.5222,64,2920,2414,3069,2623,1979
30.5423,64,2920,2415,3069,2623,1979
30.5627,64,2920,2415,3069,2623,1979
30.5828,64,2920,2416,3069,2623,1979
30.6033,64,2920,2416,3069,2623,1979
30.6234,64,2920,2417,3069,2624,1979
30.6439,64,2919,2417,3069,2624,1979
30.6641,64,2919,2417,3069,2624,1979
30.6846,64,2919,2417,3069,2624,1979
30.7048,64,2918,2417,3069,2624,1979
30.7253,64,2918,2417,3069,2624,1979
30.7458,64,2918,2417,3069,2624,1979
30.7662,64,2918,2417,3069,2624,1979
30.7864,64,2918,2417,3069,2624,1979
30.8069,64,2917,2416,3069,2624,1979
30.8270,64,2915,2415,3069,2624,1979
30.8477,64,2913,2415,3069,2624,1979
30.8677,64,2910,2414,3069,2624,1979
30.8884,64,2906,2412,3069,2624,1979
30.9089,64,2902,2410,3069,2624,1979
30.9296,63,2897,2407,3069,2624,1979
30.9502,63,2892,2404,3069,2624,1979
30.9703,63,2886,2400,3069,2624,1979
30.9908,63,2881,2395,3069,2624,1979
31.0111,63,2875,2390,3069,2624,1979
31.0317,63,2869,2386,3069,2624,1979
31.0518,63,2863,2380,3069,2623,1979
31.0720,63,2858,2374,3069,2623,1979
31.0924,62,2852,2369,3070,2623,1979
31.1130,61,2847,2364,3070,2622,1979
31.1333,60,2841,2359,3071,2621,1979
31.1541,59,2836,2354,3072,2620,1979
31.1747,58,2832,2349,3073,2620,1979
31.1952,57,2828,2344,3075,2619,1979
31.2154,56,2825,2340,3077,2618,1979
31.2358,55,2822,2335,3080,2617,1979
31.2559,54,2820,2330,3082,2616,1979
31.2760,54,2819,2326,3084,2616,1979
31.2963,53,2818,2322,3086,2616,1979
31.3168,52,2817,2318,3088,2615,1979
31.3377,52,2817,2315,3091,2614,1979
31.3581,52,2817,2313,3092,2614,1979
31.3786,51,2818,2311,3093,2613,1979
31.3995,51,2819,2310,3094,2613,1979
31.4196,51,2821,2308,3096,2611,1979
31.4401,51,2823,2306,3097,2609,1979
31.4606,50,2826,2305,3098,2607,1979
31.4807,50,2828,2303,3099,2607,1979
31.5011,50,2831,2301,3101,2607,1979
31.5215,50,2834,2299,3104,2607,1979
31.5419,50,2837,2296,3106,2607,1979
31.5622,51,2839,2294,3108,2607,1979
31.5823,51,2842,2291,3111,2608,1979
31.6027,52,2846,2287,3116,2609,1979
31.6229,53,2849,2284,3118,2609,1979
31.6432,53,2852,2281,3121,2609,1979
31.6636,54,2855,2277,3123,2610,1979
31.6836,55,2859,2272,3128,2611,1979
31.7042,55,2863,2266,3133,2612,1979
31.7249,55,2867,2261,3138,2613,1979
31.7450,56,2870,2256,3142,2614,1979
31.7654,56,2874,2251,3146,2615,1979
31.7856,56,2878,2246,3149,2616,1979
31.8060,56,2882,2240,3152,2617,1979
31.8267,56,2886,2236,3155,2617,1979
31.8471,56,2889,2231,3158,2618,1979
31.8673,56,2894,2226,3161,2619,1979
31.8879,56,2898,2222,3163,2620,1979
31.9082,55,2902,2219,3163,2621,1979
31.9285,55,2905,2216,3164,2621,1979
31.9490,55,2909,2213,3166,2621,1979
31.9690,55,2912,2211,3167,2622,1979
31.9891,55,2916,2207,3169,2624,1979
32.0094,55,2921,2204,3171,2625,1979
32.0300,55,2924,2201,3173,2626,1979
32.0503,55,2928,2198,3175,2627,1979
32.0708,55,2931,2197,3175,2628,1979
32.0915,56,2935,2196,3176,2629,1979
32.1116,56,2938,2195,3176,2630,1979
32.1321,57,2940,2193,3178,2631,1979
32.1525,58,2943,2192,3179,2632,1979
32.1727,58,2946,2191,3179,2633,1979
32.1929,59,2949,2190,3180,2634,1979
32.2133,60,2952,2188,3180,2635,1979
32.2333,60,2955,2187,3180,2636,1979
32.2535,61,2958,2186,3180,2637,1979
32.2739,61,2961,2186,3180,2638,1979
32.2941,62,2964,2185,3180,2639,1979
32.3144,62,2967,2185,3180,2640,1979
32.3344,62,2969,2184,3180,2642,1979
32.3545,63,2972,2184,3180,2642,1979
32.3746,63,2975,2184,3180,2642,1979
32.3954,63,2977,2184,3180,2643,1979
32.4159,63,2979,2184,3180,2643,1979
32.4366,63,2981,2184,3180,2644,1979
32.4571,63,2982,2184,3180,2644,1979
32.4777,63,2983,2184,3180,2644,1979
32.4981,63,2984,2185,3180,2644,1979
32.5185,63,2985,2185,3180,2644,1979
32.5386,64,2985,2186,3180,2644,1979
32.5590,64,2986,2186,3180,2644,1979
32.5796,64,2986,2186,3180,2644,1979
32.5997,63,2987,2186,3180,2644,1979
32.6200,63,2987,2186,3180,2644,1979
32.6408,62,2988,2186,3180,2643,1979
32.6610,61,2989,2186,3180,2643,1979
32.6815,60,2990,2186,3179,2643,1979
32.7021,58,2992,2186,3179,2642,1979
32.7229,58,2993,2186,3178,2641,1979
32.7432,57,2994,2187,3177,2640,1979
32.7636,56,2996,2187,3176,2640,1979
32.7842,55,2998,2188,3173,2639,1979
32.8049,55,2999,2190,3171,2639,1979
32.8256,55,3000,2192,3168,2639,1979
32.8457,54,3001,2193,3166,2638,1979
32.8661,54,3001,2195,3165,2638,1979
32.8869,54,3002,2196,3164,2638,1979
32.9069,54,3002,2197,3162,2638,1979
32.9275,54,3002,2198,3160,2638,1979
32.9480,54,3003,2199,3158,2638,1979
32.9687,54,3003,2199,3157,2638,1979
32.9890,54,3004,2199,3157,2638,1979
33.0096,54,3004,2200,3157,2638,1979
33.0299,54,3005,2200,3156,2638,1979
33.0502,55,3005,2200,3155,2638,1979
33.0707,55,3006,2201,3155,2638,1979
33.0907,55,3006,2202,3154,2638,1979
33.1110,55,3006,2203,3153,2638,1979
33.1314,55,3007,2204,3152,2638,1979
33.1518,55,3007,2205,3152,2638,1979
33.1720,55,3007,2207,3151,2638,1979
33.1921,55,3008,2208,3151,2638,1979
33.2125,55,3008,2210,3150,2638,1979
33.2328,55,3009,2211,3149,2638,1979
33.2534,55,3009,2213,3148,2638,1979
33.2739,55,3010,2216,3147,2638,1979
33.2941,55,3010,2217,3145,2638,1979
33.3145,55,3011,2219,3144,2638,1979
33.3349,55,3012,2221,3143,2638,1979
33.3550,55,3012,2223,3142,2638,1979
33.3755,55,3012,2225,3141,2638,1979
33.3960,55,3013,2226,3141,2638,1979
33.4165,55,3013,2227,3140,2638,1979
33.4367,55,3013,2228,3139,2638,1979
33.4570,55,3013,2230,3139,2638,1979
33.4774,55,3014,2231,3139,2638,1979
33.4977,55,3014,2232,3139,2638,1979
33.5179,55,3014,2234,3138,2638,1979
33.5385,55,3014,2234,3138,2638,1979
33.5587,55,3014,2236,3138,2638,1979
33.5791,55,3014,2237,3138,2638,1979
33.5996,55,3014,2237,3138,2638,1979
33.6199,55,3014,2238,3138,2638,1979
33.6402,54,3015,2239,3138,2638,1979
33.6611,54,3016,2239,3138,2638,1979
33.6818,53,3016,2239,3138,2638,1979
33.7024,53,3016,2240,3138,2638,1979
33.7228,52,3017,2240,3138,2638,1979
33.7431,52,3018,2241,3138,2638,1979
33.7631,52,3018,2242,3138,2638,1979
33.7835,52,3019,2243,3138,2638,1979
33.8036,51,3019,2245,3138,2638,1979
33.8240,51,3020,2247,3138,2638,1979
33.8444,51,3020,2249,3138,2638,1979
33.8647,51,3021,2250,3138,2638,1979
33.8848,52,3021,2252,3138,2638,1979
33.9049,52,3022,2254,3138,2638,1979
33.9254,53,3022,2256,3138,2638,1979
33.9460,53,3022,2257,3138,2639,1979
33.9667,53,3022,2258,3138,2639,1979
33.9870,54,3022,2260,3138,2640,1979
34.0073,54,3022,2261,3138,2640,1979
34.0276,54,3022,2263,3138,2640,1979
34.0481,54,3022,2265,3138,2640,1979
34.0687,54,3022,2266,3138,2640,1979
34.0890,55,3022,2268,3138,2640,1979
34.1096,55,3022,2269,3138,2640,1979
34.1299,55,3022,2270,3138,2639,1979
34.1504,55,3022,2270,3138,2639,1979
34.1704,55,3022,2270,3136,2639,1979
34.1908,55,3020,2270,3135,2639,1979
34.2113,55,3017,2270,3134,2639,1979
34.2323,55,3014,2268,3133,2638,1979
34.2528,55,3011,2265,3133,2638,1979
34.2728,55,3008,2261,3133,2639,1979
34.2932,55,3004,2257,3133,2639,1979
34.3135,55,3000,2254,3133,2639,1979
34.3342,55,2995,2249,3134,2640,1979
34.3544,55,2990,2244,3135,2640,1979
34.3751,55,2986,2238,3137,2640,1979
34.3956,54,2980,2232,3138,2640,1979
34.4163,54,2975,2226,3139,2640,1979
34.4365,53,2969,2221,3140,2639,1979
34.4569,52,2963,2217,3140,2638,1979
34.4769,51,2957,2212,3141,2638,1979
34.4972,50,2950,2208,3142,2637,1979
34.5174,48,2944,2203,3144,2637,1979
34.5378,46,2938,2198,3146,2635,1979
34.5582,45,2931,2194,3148,2635,1979
34.5791,43,2926,2190,3150,2634,1979
34.5996,41,2920,2187,3153,2633,1979
34.6200,39,2915,2185,3156,2632,1979
34.6401,37,2909,2183,3160,2631,1979
34.6605,35,2904,2183,3164,2630,1979
34.6806,34,2898,2183,3168,2628,1979
34.7009,32,2893,2183,3173,2627,1979
34.7211,31,2887,2184,3179,2625,1979
34.7417,29,2882,2186,3185,2623,1979
34.7621,28,2876,2189,3191,2620,1979
34.7826,27,2869,2194,3197,2617,1979
34.8029,25,2863,2198,3204,2615,1979
34.8230,24,2857,2203,3210,2614,1979
34.8437,23,2851,2207,3216,2613,1979
34.8647,21,2845,2212,3223,2612,1979
34.8848,20,2840,2217,3228,2610,1979
34.9051,19,2834,2221,3233,2609,1979
34.9252,19,2829,2224,3238,2607,1979
34.9460,18,2825,2226,3242,2606,1979
34.9665,17,2821,2230,3248,2605,1979
34.9867,16,2818,2234,3253,2604,1979
35.0069,14,2815,2237,3257,2602,1979
35.0270,13,2813,2242,3259,2601,1979
35.0474,11,2812,2247,3261,2600,1979
35.0675,9,2810,2251,3263,2600,1979
35.0880,6,2808,2255,3266,2599,1979
35.1081,4,2806,2259,3269,2598,1979
35.1284,1,2805,2264,3271,2596,1979
35.1487,4095,2803,2269,3274,2595,1979
35.1687,4091,2801,2273,3277,2594,1979
35.1890,4088,2799,2276,3283,2592,1979
35.2094,4085,2798,2280,3287,2588,1979
35.2299,4082,2796,2283,3291,2586,1979
35.2510,4078,2795,2287,3294,2584,1979
35.2723,4075,2794,2290,3298,2583,1979
35.2930,4073,2793,2292,3301,2581,1979
35.3140,4070,2792,2295,3304,2580,1979
35.3352,4067,2792,2297,3305,2579,1979
35.3556,4064,2792,2300,3307,2579,1979
35.3759,4062,2791,2302,3309,2578,1979
35.3964,4059,2791,2304,3312,2577,1979
35.4167,4056,2790,2306,3316,2576,1979
35.4384,4054,2790,2307,3319,2575,1979
35.4593,4052,2790,2309,3322,2573,1979
35.4810,4049,2789,2311,3325,2572,1979
35.5138,4045,2787,2312,3331,2571,1979
35.5368,4042,2786,2312,3338,2571,1979
35.5602,4040,2783,2312,3345,2570,1979
35.5808,4037,2781,2312,3351,2569,1979
35.6009,4035,2779,2312,3358,2568,1979
35.6213,4032,2777,2312,3365,2568,1979
35.6419,4030,2776,2312,3373,2568,1979
35.6620,4028,2774,2311,3378,2567,1979
35.6824,4026,2773,2311,3382,2566,1979
35.7033,4024,2772,2311,3383,2566,1979
35.7235,4023,2772,2310,3385,2566,1979
35.7440,4021,2771,2310,3386,2566,1979
35.7647,4020,2771,2310,3387,2566,1979
35.7852,4018,2771,2310,3387,2566,1979
35.8054,4017,2771,2310,3387,2566,1979
35.8255,4016,2771,2310,3387,2565,1979
35.8459,4014,2771,2310,3387,2565,1979
35.8660,4013,2771,2310,3387,2564,1979
35.8864,4012,2771,2311,3387,2563,1979
35.9071,4012,2771,2311,3387,2563,1979
35.9273,4011,2771,2311,3387,2562,1979
35.9476,4010,2772,2311,3387,2562,1979
35.9684,4010,2774,2312,3387,2562,1979
35.9887,4010,2775,2313,3385,2562,1979
36.0100,4010,2778,2314,3382,2562,1979
36.0305,4010,2780,2315,3380,2562,1979
36.0507,4010,2782,2317,3377,2563,1979
36.0709,4010,2784,2318,3374,2563,1979
36.0910,4010,2786,2319,3370,2563,1979
36.1115,4010,2788,2321,3368,2563,1979
36.1321,4010,2789,2322,3366,2563,1979
36.1525,4010,2790,2324,3364,2563,1979
36.1729,4010,2792,2325,3361,2563,1979
36.1932,4010,2793,2326,3360,2563,1979
36.2137,4010,2794,2327,3359,2563,1979
36.2339,4010,2795,2327,3357,2563,1979
36.2541,4010,2796,2328,3355,2563,1979
36.2746,4010,2797,2328,3355,2563,1979
36.2951,4009,2798,2328,3354,2563,1979
36.3157,4009,2799,2328,3353,2563,1979
36.3360,4009,2801,2329,3351,2563,1979
36.3563,4009,2802,2329,3349,2563,1979
36.3769,4008,2803,2330,3348,2563,1979
36.3971,4008,2804,2331,3347,2563,1979
36.4176,4008,2805,2332,3346,2563,1979
36.4378,4008,2805,2333,3344,2563,1979
36.4580,4008,2806,2334,3344,2563,1979
36.4781,4008,2806,2335,3344,2563,1979
36.4986,4008,2807,2336,3343,2563,1979
36.5189,4008,2807,2336,3342,2563,1979
36.5390,4008,2808,2336,3342,2563,1979
36.5592,4008,2808,2337,3342,2563,1979
36.5804,4008,2808,2337,3342,2563,1979
36.6007,4008,2809,2337,3342,2563,1979
36.6210,4008,2810,2337,3342,2563,1979
36.6419,4008,2810,2338,3342,2563,1979
36.6621,4008,2811,2338,3342,2563,1979
36.6823,4007,2812,2339,3342,2563,1979
36.7034,4007,2813,2340,3341,2562,1979
36.7239,4007,2814,2340,3339,2562,1979
36.7457,4006,2815,2342,3338,2561,1979
36.7665,4006,2816,2344,3336,2561,1979
36.7868,4006,2817,2346,3334,2561,1979
36.8069,4006,2818,2348,3331,2561,1979
36.8275,4006,2819,2350,3330,2561,1979
36.8482,4006,2820,2351,3328,2560,1979
36.8685,4006,2821,2352,3327,2560,1979
36.8889,4006,2822,2355,3325,2560,1979
36.9096,4005,2822,2356,3324,2560,1979
36.9303,4005,2823,2357,3323,2560,1979
36.9506,4005,2824,2359,3321,2560,1979
36.9710,4005,2825,2359,3319,2559,1979
36.9916,4005,2826,2361,3316,2559,1979
37.0128,4005,2826,2361,3314,2559,1979
37.0334,4005,2827,2362,3313,2559,1979
37.0540,4005,2828,2364,3312,2559,1979
37.0759,4005,2829,2365,3310,2559,1979
37.0966,4005,2831,2366,3309,2559,1979
37.1168,4005,2832,2367,3307,2559,1979
37.1368,4004,2833,2368,3305,2558,1979
37.1571,4004,2834,2370,3303,2558,1979
37.1772,4004,2836,2372,3300,2558,1979
37.1979,4004,2838,2374,3297,2558,1979
37.2182,4004,2839,2376,3295,2558,1979
37.2385,4004,2841,2378,3293,2558,1979
37.2590,4004,2842,2379,3291,2557,1979
37.2792,4004,2843,2381,3288,2557,1979
37.2997,4003,2844,2383,3285,2557,1979
37.3203,4003,2845,2386,3282,2557,1979
37.3406,4003,2846,2388,3279,2556,1979
37.3609,4003,2847,2389,3277,2556,1979
37.3814,4003,2848,2391,3276,2556,1979
37.4014,4003,2849,2393,3274,2556,1979
37.4219,4003,2849,2394,3274,2556,1979
37.4420,4003,2850,2395,3273,2556,1979
37.4624,4003,2850,2395,3273,2556,1979
37.4828,4003,2851,2396,3272,2556,1979
37.5029,4003,2851,2398,3272,2555,1979
37.5234,4003,2852,2400,3271,2555,1979
37.5438,4003,2852,2401,3270,2555,1979
37.5639,4003,2853,2402,3270,2555,1979
37.5842,4003,2853,2403,3270,2554,1979
37.6045,4003,2852,2403,3270,2554,1979
37.6247,4003,2849,2403,3270,2554,1979
37.6448,4003,2847,2403,3270,2555,1979
37.6662,4003,2842,2403,3270,2556,1979
37.6863,4003,2837,2403,3272,2557,1979
37.7074,4003,2831,2403,3276,2559,1979
37.7278,4003,2825,2401,3281,2560,1979
37.7485,4005,2818,2397,3286,2562,1979
37.7692,4007,2812,2394,3292,2563,1979
37.7896,4009,2806,2390,3299,2565,1979
37.8099,4011,2799,2386,3305,2567,1979
37.8302,4014,2793,2381,3310,2570,1979
37.8507,4017,2786,2376,3316,2573,1979
37.8709,4020,2781,2372,3322,2576,1979
37.8910,4023,2775,2366,3330,2578,1979
37.9114,4026,2769,2360,3338,2581,1979
37.9322,4029,2764,2353,3348,2584,1979
37.9527,4033,2759,2347,3355,2586,1979
37.9732,4035,2754,2339,3364,2587,1979
37.9937,4037,2750,2331,3369,2589,1979
38.0141,4039,2747,2324,3372,2591,1979
38.0356,4040,2743,2317,3374,2593,1979
38.0561,4040,2739,2311,3376,2594,1979
38.0768,4041,2736,2304,3377,2595,1979
38.0972,4042,2734,2298,3378,2596,1979
38.1177,4043,2732,2291,3379,2598,1979
38.1379,4045,2731,2286,3379,2599,1979
38.1579,4047,2731,2281,3380,2600,1979
38.1782,4049,2731,2276,3380,2601,1979
38.1983,4051,2731,2271,3380,2603,1979
38.2185,4053,2733,2267,3380,2603,1979
38.2387,4055,2734,2263,3380,2604,1979
38.2593,4057,2736,2260,3380,2605,1979
38.2795,4059,2738,2257,3380,2605,1979
38.3000,4061,2739,2253,3380,2605,1979
38.3203,4064,2741,2250,3379,2606,1979
38.3411,4066,2743,2247,3379,2606,1979
38.3617,4068,2745,2246,3377,2607,1979
38.3819,4069,2746,2245,3375,2608,1979
38.4021,4072,2748,2244,3372,2609,1979
38.4226,4074,2750,2244,3369,2609,1979
38.4436,4076,2752,2244,3366,2609,1979
38.4642,4078,2754,2244,3362,2610,1979
38.4842,4079,2756,2244,3357,2611,1979
38.5047,4081,2758,2244,3353,2611,1979
38.5254,4083,2761,2244,3348,2611,1979
38.5461,4084,2764,2246,3343,2611,1979
38.5666,4085,2767,2247,3339,2612,1979
38.5871,4086,2769,2248,3335,2613,1979
38.6075,4087,2772,2250,3332,2613,1979
38.6276,4088,2774,2251,3329,2613,1979
38.6481,4089,2776,2253,3327,2614,1979
38.6682,4089,2778,2253,3325,2614,1979
38.6884,4090,2780,2255,3323,2615,1979
38.7088,4090,2782,2256,3321,2615,1979
38.7297,4091,2783,2257,3319,2616,1979
38.7502,4091,2785,2258,3318,2617,1979
38.7704,4092,2787,2258,3317,2617,1979
38.7910,4092,2788,2258,3315,2617,1979
38.8115,4092,2790,2259,3312,2618,1979
38.8319,4092,2792,2259,3309,2618,1979
38.8523,4091,2794,2260,3306,2618,1979
38.8728,4090,2796,2260,3304,2618,1979
38.8929,4089,2798,2260,3301,2618,1979
38.9133,4087,2802,2260,3298,2619,1979
38.9338,4085,2805,2260,3296,2619,1979
38.9544,4083,2809,2260,3292,2619,1979
38.9747,4082,2813,2260,3286,2620,1979
38.9952,4081,2817,2261,3279,2620,1979
39.0155,4080,2820,2261,3276,2620,1979
39.0358,4079,2823,2260,3275,2620,1979
39.0564,4077,2825,2258,3274,2620,1979
39.0770,4073,2827,2256,3273,2620,1979
39.0975,4071,2829,2254,3270,2620,1979
39.1176,4068,2832,2253,3267,2619,1979
39.1379,4066,2835,2251,3264,2618,1979
39.1583,4064,2839,2249,3260,2616,1979
39.1789,4061,2843,2248,3255,2614,1979
39.1994,4058,2848,2247,3248,2613,1979
39.2196,4054,2853,2244,3241,2613,1979
39.2403,4051,2859,2242,3234,2613,1979
39.2608,4047,2865,2241,3228,2611,1979
39.2812,4042,2870,2240,3222,2609,1979
39.3016,4037,2875,2240,3218,2608,1979
39.3220,4032,2879,2238,3216,2606,1979
39.3425,4028,2883,2235,3214,2605,1979
39.3627,4024,2887,2232,3210,2603,1979
39.3832,4020,2891,2230,3204,2601,1979
39.4037,4016,2896,2227,3199,2600,1979
39.4240,4012,2901,2223,3195,2598,1979
39.4449,4009,2905,2218,3193,2596,1979
39.4649,4005,2909,2213,3190,2595,1979
39.4857,4001,2913,2209,3186,2595,1979
39.5059,3998,2917,2205,3181,2595,1979
39.5268,3994,2920,2201,3178,2594,1979
39.5473,3991,2922,2196,3175,2594,1979
39.5681,3986,2925,2190,3172,2595,1979
39.5885,3983,2927,2185,3172,2595,1979
39.6089,3979,2929,2180,3170,2595,1979
39.6292,3975,2931,2175,3168,2595,1979
39.6497,3971,2933,2170,3165,2595,1979
39.6700,3967,2935,2166,3162,2595,1979
39.6904,3963,2938,2162,3159,2594,1979
39.7107,3959,2940,2157,3157,2593,1979
39.7308,3955,2943,2153,3153,2592,1979
39.7510,3950,2947,2150,3150,2590,1979
39.7715,3946,2951,2147,3147,2588,1979
39.7916,3942,2954,2143,3146,2587,1979
39.8117,3937,2959,2139,3146,2585,1979
39.8321,3933,2963,2136,3146,2581,1979
39.8523,3929,2968,2133,3144,2578,1979
39.8728,3925,2972,2132,3141,2573,1979
39.8933,3920,2976,2130,3139,2568,1979
39.9136,3917,2981,2128,3137,2562,1979
39.9342,3913,2985,2126,3135,2555,1979
39.9547,3909,2989,2124,3134,2546,1979
39.9748,3905,2993,2123,3134,2536,1979
39.9951,3901,2995,2121,3134,2527,1979
40.0153,3897,2998,2119,3134,2521,1979
40.0355,3893,3001,2116,3134,2516,1979
40.0555,3890,3003,2113,3134,2511,1979
40.0756,3886,3006,2110,3134,2508,1979
40.0957,3884,3008,2107,3136,2504,1979
40.1164,3883,3010,2103,3140,2501,1979
40.1365,3882,3012,2099,3145,2500,1979
40.1571,3880,3013,2095,3150,2499,1979
40.1774,3879,3015,2091,3155,2497,1979
40.1976,3878,3017,2087,3162,2495,1979
40.2178,3878,3020,2083,3168,2492,1979
40.2379,3877,3023,2080,3174,2492,1979
40.2583,3876,3025,2077,3179,2492,1979
40.2786,3874,3027,2074,3184,2491,1979
40.2990,3873,3029,2071,3187,2490,1979
40.3194,3871,3031,2069,3189,2488,1979
40.3399,3871,3033,2068,3190,2487,1979
40.3599,3869,3035,2066,3190,2487,1979
40.3808,3868,3038,2063,3191,2486,1979
40.4010,3866,3040,2059,3195,2484,1979
40.4211,3865,3044,2055,3200,2481,1979
40.4412,3865,3046,2051,3205,2478,1979
40.4615,3864,3049,2047,3210,2476,1979
40.4825,3863,3052,2043,3216,2475,1979
40.5026,3862,3057,2039,3222,2474,1979
40.5228,3862,3061,2034,3227,2473,1979
40.5430,3861,3065,2031,3230,2473,1979
40.5631,3860,3069,2027,3233,2473,1979
40.5831,3860,3072,2023,3236,2473,1979
40.6034,3860,3077,2019,3237,2473,1979
40.6235,3860,3080,2016,3238,2473,1979
40.6438,3859,3084,2013,3240,2472,1979
40.6638,3859,3088,2009,3242,2472,1979
40.6840,3859,3092,2006,3242,2472,1979
40.7043,3859,3096,2004,3243,2472,1979
40.7253,3858,3099,2001,3245,2472,1979
40.7457,3858,3103,1998,3248,2472,1979
40.7665,3858,3106,1995,3250,2472,1979
40.7869,3858,3109,1992,3252,2473,1979
40.8073,3858,3112,1991,3253,2473,1979
40.8274,3859,3114,1988,3254,2474,1979
40.8479,3859,3117,1986,3255,2476,1979
40.8682,3860,3119,1984,3256,2478,1979
40.8886,3861,3121,1982,3258,2479,1979
40.9093,3862,3122,1981,3260,2480,1979
40.9297,3862,3123,1979,3262,2481,1979
40.9498,3863,3124,1979,3264,2483,1979
40.9703,3864,3125,1978,3264,2484,1979
40.9905,3865,3126,1977,3264,2486,1979
41.0106,3865,3128,1975,3265,2488,1979
41.0312,3866,3129,1974,3266,2490,1979
41.0516,3867,3130,1972,3268,2491,1979
41.0720,3868,3131,1971,3268,2493,1979
41.0923,3869,3133,1968,3269,2495,1979
41.1124,3869,3134,1966,3270,2495,1979
41.1325,3869,3135,1965,3271,2496,1979
41.1526,3869,3137,1963,3271,2496,1979
41.1733,3869,3138,1960,3271,2498,1979
41.1940,3869,3141,1957,3271,2500,1979
41.2145,3869,3143,1955,3271,2500,1979
41.2351,3869,3145,1952,3271,2501,1979
41.2558,3869,3147,1949,3271,2502,1979
41.2767,3869,3150,1946,3271,2503,1979
41.2969,3869,3152,1944,3271,2503,1979
41.3172,3870,3154,1942,3271,2503,1979
41.3373,3870,3156,1940,3271,2505,1979
41.3582,3871,3158,1938,3271,2507,1979
41.3786,3872,3159,1936,3271,2508,1979
41.3989,3873,3160,1936,3271,2508,1979
41.4190,3874,3162,1936,3271,2508,1979
41.4400,3875,3163,1935,3270,2508,1979
41.4602,3876,3164,1935,3270,2508,1979
41.4808,3877,3164,1935,3270,2508,1979
41.5012,3877,3165,1935,3270,2508,1979
41.5215,3878,3166,1936,3270,2508,1979
41.5417,3878,3167,1937,3269,2508,1979
41.5621,3878,3168,1937,3269,2508,1979
41.5825,3878,3170,1938,3269,2507,1979
41.6028,3878,3170,1938,3268,2507,1979
41.6233,3878,3171,1939,3268,2506,1979
41.6438,3878,3172,1940,3267,2505,1979
41.6641,3878,3173,1940,3266,2505,1979
41.6845,3878,3174,1941,3266,2505,1979
41.7047,3878,3175,1941,3266,2505,1979
41.7251,3879,3176,1941,3266,2505,1979
41.7456,3879,3177,1942,3266,2505,1979
41.7658,3880,3178,1943,3265,2505,1979
41.7859,3880,3178,1944,3265,2505,1979
41.8062,3881,3179,1945,3264,2504,1979
41.8267,3881,3179,1946,3264,2504,1979
41.8470,3882,3180,1948,3264,2504,1979
41.8675,3882,3180,1949,3264,2504,1979
41.8880,3883,3180,1950,3264,2504,1979
41.9085,3883,3180,1952,3263,2503,1979
41.9286,3883,3181,1953,3263,2503,1979
41.9490,3883,3181,1954,3263,2502,1979
41.9692,3883,3181,1955,3262,2502,1979
41.9896,3883,3181,1956,3261,2501,1979
42.0100,3882,3182,1957,3259,2501,1979
42.0301,3882,3182,1958,3259,2501,1979
42.0502,3881,3183,1958,3258,2499,1979
42.0706,3881,3183,1959,3258,2498,1979
42.0910,3880,3184,1959,3258,2498,1979
42.1113,3880,3185,1959,3258,2497,1979
42.1315,3879,3186,1959,3258,2497,1979
42.1518,3879,3187,1960,3258,2496,1979
42.1719,3879,3188,1961,3258,2495,1979
42.1922,3879,3189,1961,3258,2494,1979
42.2132,3879,3190,1962,3258,2493,1979
42.2334,3879,3191,1963,3258,2493,1979
42.2534,3879,3192,1964,3258,2492,1979
42.2738,3879,3192,1964,3258,2491,1979
42.2960,3879,3193,1965,3258,2491,1979
42.3162,3879,3193,1965,3258,2490,1979
42.3367,3879,3194,1966,3258,2489,1979
42.3579,3880,3195,1967,3258,2489,1979
42.3779,3880,3195,1968,3258,2488,1979
42.3986,3880,3196,1969,3258,2488,1979
42.4190,3881,3197,1971,3258,2487,1979
42.4392,3881,3197,1973,3258,2486,1979
42.4597,3881,3198,1975,3258,2486,1979
42.4805,3882,3198,1976,3258,2486,1979
42.5007,3882,3199,1978,3258,2485,1979
42.5207,3883,3200,1979,3258,2485,1979
42.5411,3883,3200,1980,3258,2484,1979
42.5614,3884,3201,1981,3258,2484,1979
42.5821,3884,3202,1982,3258,2484,1979
42.6025,3884,3202,1982,3258,2483,1979
42.6232,3884,3203,1983,3258,2483,1979
42.6433,3884,3204,1983,3258,2482,1979
42.6635,3884,3204,1984,3258,2481,1979
42.6835,3884,3205,1984,3258,2481,1979
42.7040,3884,3206,1984,3258,2481,1979
42.7244,3884,3206,1984,3258,2481,1979
42.7450,3885,3206,1983,3258,2481,1979
42.7653,3885,3206,1981,3258,2481,1979
42.7854,3886,3204,1978,3258,2482,1979
42.8060,3887,3200,1975,3258,2484,1979
42.8263,3887,3194,1972,3258,2487,1979
42.8465,3887,3188,1969,3259,2491,1979
42.8666,3887,3182,1966,3263,2494,1979
42.8866,3886,3174,1963,3267,2497,1979
42.9069,3886,3165,1960,3271,2500,1979
42.9275,3885,3157,1959,3274,2503,1979
42.9477,3885,3148,1958,3275,2505,1979
42.9678,3885,3139,1958,3275,2507,1979
42.9889,3885,3130,1958,3276,2508,1979
43.0091,3885,3120,1957,3277,2511,1979
43.0295,3885,3112,1956,3279,2513,1979
43.0501,3885,3103,1955,3282,2515,1979
43.0705,3885,3094,1954,3284,2515,1979
43.0911,3885,3086,1954,3286,2515,1979
43.1116,3885,3078,1954,3288,2515,1979
43.1320,3885,3070,1955,3291,2516,1979
43.1525,3885,3064,1955,3296,2517,1979
43.1731,3886,3057,1956,3302,2517,1979
43.1933,3886,3051,1958,3308,2518,1979
43.2139,3887,3046,1959,3312,2519,1980
43.2343,3889,3041,1963,3316,2519,1980
43.2547,3891,3037,1967,3319,2520,1980
43.2751,3894,3033,1971,3321,2521,1980
43.2954,3897,3029,1975,3325,2523,1980
43.3161,3900,3026,1980,3329,2524,1980
43.3367,3904,3023,1985,3333,2527,1980
43.3570,3908,3021,1992,3337,2529,1980
43.3780,3913,3018,1999,3341,2531,1980
43.3982,3919,3015,2006,3348,2534,1980
43.4183,3925,3013,2013,3355,2536,1980
43.4390,3931,3010,2020,3363,2539,1980
43.4595,3937,3009,2026,3370,2542,1980
43.4795,3944,3007,2031,3377,2545,1980
43.4996,3951,3004,2038,3384,2549,1980
43.5199,3958,3002,2045,3390,2551,1980
43.5400,3965,3001,2049,3397,2555,1980
43.5606,3972,3000,2053,3403,2560,1979
43.5811,3979,2999,2057,3405,2567,1979
43.6015,3986,2999,2058,3405,2576,1979
43.6219,3992,2998,2059,3405,2585,1979
43.6421,3999,2997,2059,3405,2594,1979
43.6623,4005,2995,2059,3407,2602,1979
43.6827,4011,2992,2058,3407,2608,1979
43.7028,4016,2989,2057,3407,2614,1979
43.7232,4021,2985,2055,3408,2621,1979
43.7437,4025,2982,2054,3409,2629,1979
43.7638,4029,2977,2053,3411,2633,1979
43.7842,4033,2972,2053,3413,2636,1979
43.8044,4037,2967,2054,3413,2640,1979
43.8251,4041,2963,2054,3413,2645,1979
43.8454,4045,2960,2053,3412,2651,1979
43.8657,4050,2958,2051,3412,2655,1979
43.8865,4055,2955,2049,3412,2660,1979
43.9073,4061,2952,2046,3412,2664,1979
43.9279,4066,2949,2042,3412,2669,1979
43.9485,4072,2948,2038,3414,2673,1979
43.9690,4077,2946,2033,3417,2677,1979
43.9891,4082,2945,2027,3420,2680,1979
44.0097,4088,2943,2022,3422,2682,1979
44.0301,4093,2942,2018,3423,2684,1979
44.0507,0,2942,2014,3423,2687,1979
44.0709,5,2942,2010,3423,2691,1979
44.0911,9,2944,2005,3423,2696,1979
44.1113,13,2946,2000,3423,2701,1979
44.1316,18,2948,1994,3424,2707,1979
44.1526,23,2951,1988,3426,2712,1979
44.1729,28,2955,1979,3433,2716,1979
44.1943,33,2959,1969,3439,2720,1979
44.2147,39,2963,1960,3444,2726,1979
44.2350,44,2967,1953,3446,2730,1979
44.2554,49,2972,1946,3449,2733,1979
44.2761,53,2976,1939,3452,2736,1979
44.2965,57,2981,1932,3455,2739,1979
44.3170,60,2987,1926,3459,2741,1979
44.3371,62,2991,1921,3462,2744,1979
44.3576,64,2996,1916,3467,2746,1979
44.3780,66,3002,1912,3472,2749,1979
44.3984,67,3007,1908,3478,2752,1979
44.4187,68,3012,1904,3484,2754,1979
44.4391,68,3017,1901,3490,2755,1979
44.4593,68,3022,1898,3494,2756,1979
44.4799,68,3027,1895,3497,2758,1979
44.5002,68,3031,1895,3498,2761,1979
44.5210,68,3036,1893,3499,2763,1979
44.5414,67,3040,1892,3500,2765,1979
44.5619,66,3045,1890,3501,2766,1979
44.5825,65,3050,1888,3501,2767,1979
44.6028,64,3055,1884,3503,2767,1979
44.6233,63,3060,1880,3508,2767,1979
44.6434,62,3065,1874,3513,2767,1979
44.6640,60,3070,1870,3517,2767,1979
44.6843,59,3074,1867,3518,2767,1979
44.7047,58,3078,1865,3519,2768,1979
44.7248,57,3081,1862,3519,2768,1979
44.7450,55,3085,1860,3519,2767,1979
44.7651,53,3089,1857,3518,2767,1979
44.7856,52,3093,1856,3515,2767,1979
44.8058,50,3096,1855,3512,2767,1979
44.8262,49,3099,1853,3511,2765,1979
44.8467,47,3103,1851,3509,2764,1979
44.8670,46,3106,1851,3506,2763,1979
44.8871,45,3109,1850,3505,2763,1979
44.9073,44,3112,1850,3503,2762,1979
44.9275,44,3115,1849,3500,2761,1979
44.9478,43,3118,1851,3496,2760,1979
44.9680,42,3121,1852,3491,2759,1979
44.9884,42,3124,1854,3488,2758,1979
45.0089,42,3127,1856,3484,2757,1979
45.0291,41,3130,1858,3480,2756,1979
45.0493,41,3134,1860,3476,2755,1979
45.0697,41,3137,1862,3471,2754,1979
45.0898,41,3140,1865,3465,2753,1979
45.1103,42,3142,1868,3459,2753,1979
45.1307,43,3143,1870,3456,2753,1979
45.1511,44,3145,1870,3455,2754,1979
45.1717,46,3147,1871,3453,2754,1979
45.1923,48,3147,1873,3451,2754,1979
45.2128,50,3147,1875,3448,2754,1979
45.2331,53,3147,1878,3446,2754,1979
45.2536,55,3146,1880,3444,2754,1979
45.2737,57,3146,1882,3442,2754,1979
45.2940,58,3144,1886,3440,2753,1979
45.3144,59,3144,1889,3438,2753,1979
45.3350,60,3142,1892,3436,2752,1979
45.3552,61,3141,1896,3432,2751,1979
45.3761,62,3139,1900,3429,2749,1979
45.3968,63,3138,1904,3425,2746,1979
45.4174,64,3136,1907,3423,2743,1979
45.4380,64,3134,1912,3420,2739,1979
45.4582,65,3132,1916,3419,2735,1979
45.4786,67,3129,1920,3419,2734,1979
45.4988,68,3126,1924,3418,2733,1979
45.5190,69,3123,1928,3416,2733,1979
45.5391,69,3120,1932,3415,2732,1979
45.5596,70,3117,1936,3414,2731,1979
45.5798,71,3114,1940,3412,2731,1979
45.5999,71,3110,1944,3411,2730,1979
45.6201,71,3108,1947,3410,2730,1979
45.6408,71,3106,1950,3409,2729,1979
45.6608,72,3103,1955,3407,2729,1979
45.6822,72,3102,1958,3405,2729,1979
45.7023,72,3101,1961,3403,2728,1979
45.7225,72,3099,1965,3400,2728,1979
45.7426,72,3098,1968,3397,2727,1979
45.7630,72,3097,1971,3395,2726,1979
45.7833,72,3095,1974,3393,2726,1979
45.8041,72,3094,1977,3390,2725,1979
45.8243,72,3093,1980,3387,2724,1979
45.8453,71,3091,1982,3385,2723,1979
45.8655,71,3090,1984,3384,2722,1979
45.8859,70,3089,1985,3382,2722,1979
45.9061,70,3088,1986,3381,2721,1979
45.9269,69,3087,1988,3379,2720,1979
45.9470,69,3087,1989,3378,2719,1979
45.9670,69,3086,1990,3377,2719,1979
45.9875,69,3085,1991,3376,2719,1979
46.0078,69,3085,1991,3376,2718,1979
46.0279,69,3084,1992,3376,2717,1979
46.0485,69,3083,1993,3376,2714,1979
46.0686,69,3081,1994,3376,2713,1979
46.0892,70,3080,1994,3376,2712,1979
46.1097,70,3079,1995,3376,2712,1979
46.1299,70,3078,1995,3376,2712,1979
46.1504,70,3076,1995,3376,2712,1979
46.1708,71,3075,1996,3377,2711,1979
46.1912,71,3073,1996,3377,2711,1979
46.2115,71,3072,1997,3378,2711,1979
46.2322,71,3070,1999,3379,2711,1979
46.2524,71,3068,2000,3379,2711,1979
46.2732,71,3066,2001,3379,2711,1979
46.2934,72,3065,2003,3379,2710,1979
46.3136,72,3063,2005,3379,2710,1979
46.3339,73,3062,2007,3380,2710,1979
46.3544,73,3060,2009,3380,2710,1979
46.3749,74,3058,2012,3380,2710,1979
46.3953,75,3055,2014,3380,2710,1979
46.4155,76,3053,2016,3380,2710,1979
46.4358,77,3051,2019,3380,2710,1979
46.4559,78,3049,2020,3380,2710,1979
46.4766,79,3047,2022,3380,2710,1979
46.4967,79,3045,2022,3380,2710,1979
46.5169,80,3044,2024,3380,2710,1979
46.5370,81,3043,2024,3380,2710,1979
46.5593,82,3042,2024,3380,2710,1979
46.5795,82,3042,2024,3380,2710,1979
46.5998,83,3041,2024,3380,2710,1979
46.6203,83,3041,2024,3380,2710,1979
46.6406,83,3040,2024,3380,2710,1979
46.6611,83,3040,2024,3379,2710,1979
46.6815,83,3040,2024,3379,2710,1979
46.7022,82,3040,2024,3379,2710,1979
46.7229,82,3040,2024,3378,2710,1979
46.7431,82,3040,2025,3378,2710,1979
46.7636,81,3040,2025,3378,2710,1979
46.7838,81,3040,2025,3378,2710,1979
46.8039,81,3040,2026,3378,2710,1979
46.8242,81,3041,2026,3378,2709,1979
46.8449,81,3041,2026,3378,2709,1979
46.8649,81,3041,2026,3377,2709,1979
46.8850,80,3042,2026,3377,2708,1979
46.9052,80,3042,2026,3377,2707,1979
46.9262,78,3042,2026,3376,2706,1979
46.9468,78,3042,2026,3375,2705,1979
46.9671,77,3042,2026,3374,2705,1979
46.9874,76,3042,2026,3373,2704,1979
47.0074,74,3043,2026,3372,2703,1979
47.0275,73,3043,2026,3371,2701,1979
47.0481,72,3043,2026,3370,2700,1979
47.0683,72,3043,2026,3368,2699,1979
47.0886,71,3043,2026,3368,2699,1979
47.1087,70,3043,2026,3367,2698,1979
47.1295,70,3042,2026,3366,2696,1979
47.1501,70,3042,2026,3363,2694,1979
47.1702,71,3040,2026,3360,2692,1979
47.1907,72,3039,2027,3357,2689,1979
47.2114,73,3038,2028,3354,2685,1979
47.2320,74,3036,2030,3349,2682,1979
47.2526,75,3034,2031,3344,2680,1979
47.2728,75,3031,2034,3340,2676,1979
47.2928,76,3029,2037,3334,2671,1979
47.3131,76,3025,2040,3328,2665,1979
47.3338,76,3022,2043,3321,2658,1979
47.3540,75,3018,2047,3313,2653,1979
47.3743,75,3014,2050,3307,2649,1979
47.3944,74,3011,2052,3300,2641,1979
47.4149,72,3007,2054,3295,2630,1979
47.4349,71,3004,2058,3289,2621,1979
47.4554,69,3001,2061,3282,2611,1979
47.4757,67,2997,2064,3277,2605,1979
47.4957,65,2995,2068,3271,2598,1979
47.5159,62,2993,2071,3269,2590,1979
47.5365,60,2992,2075,3266,2581,1979
47.5569,58,2991,2077,3262,2573,1979
47.5771,57,2991,2079,3260,2565,1979
47.5971,56,2990,2081,3257,2559,1979
47.6173,55,2990,2083,3255,2553,1979
47.6377,54,2990,2085,3254,2547,1979
47.6580,53,2990,2087,3253,2537,1979
47.6785,53,2989,2089,3252,2530,1979
47.6988,53,2989,2090,3252,2524,1979
47.7192,52,2989,2091,3252,2518,1979
47.7395,52,2988,2093,3252,2511,1979
47.7598,52,2987,2097,3252,2502,1979
47.7809,52,2984,2099,3252,2494,1979
47.8015,53,2982,2100,3253,2488,1979
47.8223,53,2980,2101,3254,2482,1979
47.8427,53,2977,2102,3255,2476,1979
47.8632,53,2976,2102,3256,2472,1979
47.8834,54,2974,2102,3260,2471,1979
47.9038,54,2972,2101,3266,2469,1979
47.9243,55,2971,2100,3272,2468,1979
47.9446,55,2969,2099,3278,2466,1979
47.9650,56,2968,2098,3286,2463,1979
47.9853,57,2967,2095,3296,2463,1979
48.0056,59,2966,2091,3309,2463,1979
48.0258,60,2966,2087,3321,2462,1979
48.0461,62,2965,2085,3330,2461,1979
48.0665,64,2964,2084,3336,2460,1979
48.0873,65,2963,2084,3341,2459,1979
48.1078,67,2961,2084,3346,2458,1979
48.1285,68,2960,2084,3348,2457,1979
48.1489,68,2959,2084,3350,2457,1979
48.1694,69,2957,2084,3350,2455,1979
48.1895,70,2955,2083,3351,2451,1979
48.2100,71,2952,2082,3352,2446,1979
48.2304,72,2950,2082,3352,2442,1979
48.2508,73,2948,2081,3353,2438,1979
48.2709,74,2946,2081,3353,2434,1979
48.2911,75,2944,2080,3353,2428,1979
48.3114,77,2943,2079,3353,2422,1979
48.3319,79,2942,2078,3353,2416,1979
48.3522,81,2941,2077,3351,2408,1979
48.3726,81,2940,2079,3344,2401,1979
48.3930,82,2939,2082,3335,2394,1979
48.4140,83,2939,2086,3325,2386,1979
48.4346,83,2939,2089,3314,2377,1979
48.4547,83,2939,2092,3302,2369,1979
48.4749,83,2940,2096,3293,2358,1979
48.4949,83,2941,2101,3282,2347,1979
48.5152,83,2942,2105,3271,2340,1979
48.5354,83,2943,2109,3263,2334,1979
48.5557,83,2945,2111,3259,2328,1979
48.5765,83,2946,2113,3257,2321,1979
48.5974,83,2947,2117,3254,2314,1979
48.6180,82,2948,2120,3250,2308,1979
48.6384,81,2950,2122,3248,2303,1979
48.6588,80,2951,2123,3246,2297,1979
48.6794,80,2952,2125,3245,2289,1979
48.6994,79,2954,2126,3244,2283,1979
48.7195,78,2955,2127,3243,2278,1979
48.7399,77,2957,2128,3241,2275,1979
48.7603,77,2958,2128,3240,2273,1979
48.7810,77,2959,2129,3239,2271,1979
48.8011,77,2960,2130,3238,2270,1979
48.8214,76,2961,2131,3237,2269,1979
48.8420,76,2962,2132,3236,2269,1979
48.8624,75,2963,2133,3236,2269,1979
48.8832,75,2964,2135,3236,2267,1979
48.9038,75,2965,2138,3235,2267,1979
48.9242,75,2965,2141,3235,2266,1979
48.9450,75,2966,2143,3235,2266,1979
48.9656,75,2967,2146,3235,2266,1979
48.9858,75,2967,2150,3235,2263,1979
49.0062,74,2968,2155,3232,2261,1979
49.0267,74,2969,2160,3228,2260,1979
49.0471,74,2969,2163,3227,2260,1979
49.0678,73,2969,2166,3227,2260,1979
49.0882,73,2970,2169,3227,2259,1979
49.1084,72,2970,2173,3225,2257,1979
49.1290,72,2970,2178,3222,2256,1979
49.1494,71,2970,2182,3219,2256,1979
49.1699,70,2971,2184,3216,2255,1979
49.1906,70,2973,2187,3213,2254,1979
49.2112,70,2973,2190,3209,2253,1979
49.2314,70,2974,2194,3204,2252,1979
49.2520,70,2975,2196,3201,2250,1979
49.2723,70,2975,2198,3198,2248,1979
49.2928,70,2975,2200,3194,2247,1979
49.3136,70,2975,2202,3190,2247,1979
49.3341,70,2975,2204,3185,2246,1979
49.3548,69,2975,2207,3179,2244,1979
49.3753,69,2974,2211,3170,2244,1979
49.3960,68,2972,2216,3160,2242,1979
49.4165,68,2971,2220,3150,2241,1979
49.4369,67,2970,2224,3140,2241,1979
49.4573,66,2970,2226,3133,2240,1979
49.4774,65,2969,2228,3128,2240,1979
49.4978,63,2969,2228,3125,2239,1979
49.5181,62,2969,2228,3124,2238,1979
49.5385,61,2969,2228,3124,2238,1979
49.5589,59,2970,2228,3124,2237,1979
49.5800,58,2971,2228,3124,2237,1979
49.6003,56,2972,2228,3124,2237,1979
49.6203,55,2973,2228,3124,2238,1979
49.6408,54,2973,2228,3124,2238,1979
49.6610,53,2974,2228,3124,2238,1979
49.6815,53,2975,2228,3124,2239,1979
49.7019,52,2975,2228,3124,2239,1979
49.7223,52,2975,2228,3124,2239,1979
49.7426,52,2975,2229,3124,2239,1979
49.7626,52,2975,2229,3124,2239,1979
49.7829,52,2976,2230,3124,2239,1979
49.8039,52,2976,2231,3124,2239,1979
49.8244,52,2977,2232,3124,2238,1979
49.8445,52,2977,2234,3124,2238,1979
49.8648,52,2978,2235,3124,2239,1979
49.8854,52,2979,2236,3124,2240,1979
49.9057,52,2980,2237,3124,2240,1979
49.9258,52,2980,2238,3125,2240,1979
49.9463,53,2981,2240,3125,2240,1979
49.9667,55,2981,2240,3125,2240,1979
49.9869,56,2982,2240,3125,2242,1979
50.0074,57,2982,2240,3125,2242,1979
50.0277,57,2982,2241,3125,2242,1979
50.0481,58,2982,2243,3125,2242,1979
50.0687,58,2983,2243,3125,2242,1979
50.0889,59,2983,2244,3125,2242,1979
50.1090,59,2983,2245,3125,2242,1979
50.1294,59,2983,2245,3125,2242,1979
50.1496,59,2984,2245,3125,2242,1979
50.1697,59,2985,2245,3125,2242,1979
50.1904,59,2985,2245,3125,2242,1979
50.2105,59,2986,2245,3125,2240,1979
50.2307,60,2988,2245,3125,2240,1979
50.2512,60,2989,2245,3125,2240,1979
50.2718,60,2990,2245,3125,2240,1979
50.2921,60,2992,2245,3125,2239,1979
50.3125,61,2993,2245,3125,2239,1979
50.3326,62,2994,2245,3125,2239,1979
50.3529,63,2996,2245,3125,2239,1979
50.3732,63,2996,2246,3125,2239,1979
50.3936,64,2996,2246,3125,2239,1979
50.4143,65,2997,2247,3125,2239,1979
50.4348,67,2998,2247,3125,2239,1979
50.4549,68,2999,2248,3125,2240,1979
50.4754,69,2999,2249,3125,2240,1979
50.4957,70,3000,2250,3125,2240,1979
50.5160,71,3001,2251,3125,2240,1979
50.5363,72,3001,2251,3125,2240,1979
50.5576,73,3002,2252,3125,2240,1979
50.5777,75,3002,2253,3125,2240,1979
50.5980,76,3002,2254,3125,2240,1979
50.6183,76,3003,2254,3125,2240,1979
50.6388,77,3004,2255,3125,2240,1979
50.6593,77,3004,2256,3125,2240,1979
50.6794,77,3005,2257,3125,2240,1979
50.6995,77,3005,2257,3125,2240,1979
50.7199,77,3005,2257,3125,2240,1979
50.7403,77,3006,2258,3125,2240,1979
50.7609,77,3007,2258,3125,2240,1979
50.7812,77,3007,2258,3125,2240,1979
50.8015,77,3008,2258,3125,2239,1979
50.8220,77,3009,2258,3125,2239,1979
50.8425,77,3010,2258,3125,2239,1979
50.8625,77,3011,2258,3125,2239,1979
50.8825,77,3011,2258,3125,2238,1979
50.9029,76,3012,2259,3125,2238,1979
50.9234,76,3012,2259,3125,2238,1979
50.9436,76,3013,2260,3125,2238,1979
50.9642,76,3013,2260,3125,2238,1979
50.9844,76,3014,2260,3125,2237,1979
51.0049,76,3014,2261,3125,2237,1979
51.0250,76,3014,2261,3125,2237,1979
51.0454,76,3014,2262,3125,2237,1979
51.0658,76,3014,2263,3124,2237,1979
51.0860,76,3014,2263,3124,2237,1979
51.1070,76,3015,2264,3124,2236,1979
51.1274,76,3015,2264,3124,2235,1979
51.1474,76,3015,2265,3122,2235,1979
51.1679,76,3015,2265,3121,2235,1979
51.1887,76,3015,2265,3121,2235,1979
51.2088,76,3015,2265,3121,2235,1979
51.2292,76,3014,2265,3118,2235,1979
51.2506,76,3012,2263,3116,2235,1979
51.2711,76,3010,2261,3115,2237,1979
51.2916,76,3007,2258,3115,2239,1979
51.3117,75,3003,2254,3115,2242,1979
51.3320,74,3000,2250,3115,2243,1979
51.3522,73,2995,2246,3115,2246,1979
51.3729,72,2991,2243,3115,2247,1979
51.3930,70,2986,2240,3115,2249,1979
51.4139,67,2981,2237,3115,2250,1979
51.4342,65,2977,2235,3117,2250,1979
51.4546,63,2973,2233,3119,2250,1979
51.4752,59,2969,2233,3120,2251,1979
51.4958,55,2966,2230,3121,2252,1979
51.5162,51,2963,2229,3123,2252,1979
51.5369,48,2960,2227,3125,2252,1979
51.5573,45,2957,2226,3126,2252,1979
51.5776,43,2953,2226,3126,2252,1979
51.5980,40,2948,2225,3128,2255,1979
51.6188,38,2943,2223,3131,2261,1979
51.6389,35,2937,2219,3139,2265,1979
51.6594,33,2931,2215,3149,2267,1979
51.6799,31,2925,2212,3157,2270,1979
51.7000,30,2920,2209,3163,2274,1979
51.7203,28,2913,2206,3167,2279,1979
51.7405,27,2907,2203,3175,2281,1979
51.7608,25,2902,2201,3183,2281,1979
51.7809,24,2896,2200,3187,2281,1979
51.8015,23,2890,2200,3190,2281,1979
51.8217,22,2884,2201,3192,2281,1979
51.8420,20,2881,2201,3194,2281,1979
51.8623,19,2877,2202,3195,2281,1979
51.8825,17,2874,2202,3197,2281,1979
51.9031,16,2872,2202,3197,2281,1979
51.9233,16,2871,2203,3197,2279,1979
51.9435,15,2870,2205,3197,2277,1979
51.9637,14,2869,2206,3197,2275,1979
51.9841,14,2869,2208,3197,2272,1979
52.0046,13,2869,2211,3197,2268,1979
52.0251,13,2869,2213,3197,2265,1979
52.0453,12,2870,2216,3195,2262,1979
52.0658,12,2872,2217,3194,2260,1979
52.0861,10,2874,2220,3193,2258,1979
52.1069,9,2876,2222,3193,2254,1979
52.1273,7,2878,2224,3191,2251,1979
52.1475,5,2880,2226,3187,2248,1979
52.1678,3,2883,2228,3183,2245,1979
52.1882,0,2886,2229,3180,2242,1979
52.2084,4094,2890,2229,3178,2238,1979
52.2297,4090,2894,2229,3174,2235,1979
52.2499,4087,2897,2229,3172,2232,1979
52.2702,4083,2901,2228,3170,2231,1979
52.2903,4077,2904,2227,3170,2227,1979
52.3110,4073,2907,2226,3168,2224,1979
52.3313,4069,2909,2225,3166,2220,1979
52.3517,4066,2911,2224,3164,2217,1979
52.3719,4062,2914,2222,3164,2213,1979
52.3924,4058,2916,2221,3164,2208,1979
52.4126,4054,2919,2218,3164,2205,1979
52.4328,4050,2923,2216,3163,2202,1979
52.4541,4046,2926,2214,3163,2199,1979
52.4743,4041,2930,2212,3162,2197,1979
52.4947,4036,2934,2209,3162,2193,1979
52.5153,4032,2938,2207,3162,2190,1979
52.5358,4027,2941,2205,3162,2185,1979
52.5563,4023,2945,2203,3162,2183,1979
52.5765,4018,2948,2201,3162,2179,1979
52.5969,4013,2952,2198,3162,2175,1979
52.6173,4009,2956,2196,3160,2175,1979
52.6378,4005,2959,2192,3160,2175,1979
52.6585,4000,2963,2189,3160,2174,1979
52.6787,3996,2965,2187,3160,2173,1979
52.6991,3992,2968,2184,3160,2172,1979
52.7196,3989,2971,2181,3160,2172,1979
52.7403,3986,2973,2177,3160,2172,1979
52.7610,3984,2975,2175,3161,2171,1979
52.7811,3981,2977,2173,3161,2171,1979
52.8013,3978,2980,2170,3161,2171,1979
52.8218,3976,2983,2167,3161,2173,1979
52.8420,3973,2986,2163,3161,2175,1979
52.8624,3971,2989,2160,3163,2177,1979
52.8829,3969,2992,2156,3164,2178,1979
52.9039,3967,2995,2152,3166,2179,1979
52.9243,3965,2997,2148,3169,2179,1979
52.9444,3963,2999,2144,3172,2179,1979
52.9650,3962,3001,2141,3176,2179,1979
52.9859,3959,3003,2136,3180,2179,1979
53.0059,3958,3005,2131,3185,2179,1979
53.0259,3956,3007,2127,3189,2180,1979
53.0461,3954,3009,2124,3192,2180,1979
53.0665,3952,3010,2121,3194,2180,1979
53.0868,3950,3011,2119,3195,2180,1979
53.1073,3949,3014,2116,3195,2180,1979
53.1278,3947,3016,2114,3196,2180,1979
53.1480,3946,3017,2112,3196,2180,1979
53.1684,3945,3019,2112,3196,2180,1979
53.1897,3944,3020,2111,3196,2180,1979
53.2099,3944,3022,2109,3197,2180,1979
53.2304,3943,3023,2108,3199,2181,1979
53.2512,3943,3025,2108,3199,2182,1979
53.2717,3943,3027,2108,3199,2183,1979
53.2920,3943,3028,2108,3200,2184,1979
53.3123,3943,3030,2108,3200,2184,1979
53.3327,3944,3032,2108,3200,2184,1979
53.3534,3944,3035,2109,3200,2185,1979
53.3736,3944,3037,2109,3200,2185,1979
53.3942,3945,3039,2110,3201,2185,1979
53.4146,3945,3041,2110,3201,2185,1979
53.4352,3945,3044,2110,3201,2185,1979
53.4554,3946,3046,2110,3201,2185,1979
53.4757,3946,3049,2110,3201,2186,1979
53.4962,3946,3051,2110,3201,2186,1979
53.5167,3947,3052,2110,3201,2186,1979
53.5372,3947,3054,2110,3200,2186,1979
53.5574,3948,3055,2110,3200,2187,1979
53.5777,3948,3056,2110,3200,2188,1979
53.5978,3949,3058,2110,3199,2189,1979
53.6186,3949,3059,2111,3199,2190,1979
53.6391,3950,3060,2111,3199,2190,1979
53.6595,3950,3060,2111,3199,2190,1979
53.6802,3950,3062,2111,3199,2191,1979
53.7006,3951,3063,2111,3198,2192,1979
53.7209,3951,3064,2111,3198,2192,1979
53.7410,3951,3065,2111,3197,2192,1979
53.7613,3951,3066,2111,3197,2192,1979
53.7816,3951,3067,2110,3196,2193,1979
53.8024,3951,3068,2109,3196,2193,1979
53.8229,3950,3069,2107,3196,2194,1979
53.8431,3950,3071,2106,3196,2194,1979
53.8633,3950,3072,2105,3196,2194,1979
53.8834,3949,3072,2104,3196,2194,1979
53.9034,3949,3073,2103,3196,2195,1979
53.9239,3949,3074,2102,3196,2195,1979
53.9443,3949,3075,2101,3196,2195,1979
53.9645,3949,3076,2101,3196,2195,1979
53.9849,3949,3077,2101,3196,2195,1979
54.0053,3949,3078,2101,3196,2195,1979
54.0257,3949,3079,2101,3195,2195,1979
54.0466,3949,3080,2101,3195,2195,1979
54.0670,3949,3080,2101,3195,2195,1979
54.0874,3949,3081,2102,3195,2195,1979
54.1079,3949,3081,2103,3195,2194,1979
54.1281,3949,3082,2104,3193,2193,1979
54.1485,3950,3082,2105,3192,2193,1979
54.1690,3950,3083,2106,3192,2192,1979
54.1898,3950,3084,2107,3190,2192,1979
54.2100,3950,3085,2109,3189,2191,1979
54.2303,3950,3086,2110,3186,2190,1979
54.2506,3951,3087,2112,3185,2190,1979
54.2710,3951,3089,2113,3183,2190,1979
54.2913,3951,3091,2114,3181,2189,1979
54.3120,3951,3092,2114,3180,2189,1979
54.3326,3951,3093,2115,3180,2188,1979
54.3528,3951,3094,2115,3180,2187,1979
54.3733,3951,3095,2115,3179,2186,1979
54.3934,3951,3095,2115,3178,2185,1979
54.4135,3951,3095,2116,3177,2184,1979
54.4340,3951,3096,2116,3175,2184,1979
54.4550,3951,3097,2117,3173,2183,1979
54.4751,3950,3098,2117,3171,2183,1979
54.4957,3950,3099,2118,3170,2182,1979
54.5164,3949,3100,2118,3168,2181,1979
54.5371,3949,3101,2118,3167,2180,1979
54.5577,3948,3102,2118,3165,2180,1979
54.5781,3948,3103,2118,3164,2180,1979
54.5982,3947,3103,2117,3164,2180,1979
54.6183,3947,3103,2117,3164,2180,1979
54.6384,3947,3103,2117,3164,2181,1979
54.6587,3947,3102,2116,3164,2183,1979
54.6789,3947,3100,2115,3164,2185,1979
54.6994,3947,3098,2113,3164,2186,1979
54.7195,3947,3094,2112,3164,2189,1979
54.7397,3947,3089,2112,3164,2193,1979
54.7600,3947,3084,2112,3164,2200,1979
54.7804,3947,3078,2110,3164,2207,1979
54.8005,3947,3072,2108,3170,2208,1979
54.8206,3947,3065,2107,3174,2209,1979
54.8407,3948,3057,2108,3177,2210,1979
54.8611,3949,3050,2110,3179,2213,1979
54.8812,3950,3041,2111,3182,2217,1979
54.9016,3950,3032,2112,3188,2221,1979
54.9219,3951,3023,2112,3196,2223,1979
54.9424,3951,3015,2113,3202,2225,1979
54.9626,3952,3008,2115,3206,2229,1979
54.9836,3953,2999,2116,3209,2233,1979
55.0041,3954,2991,2118,3214,2237,1979
55.0243,3954,2985,2118,3219,2238,1979
55.0448,3955,2978,2118,3223,2241,1979
55.0653,3956,2971,2120,3224,2245,1979
55.0856,3956,2966,2121,3226,2247,1979
55.1059,3956,2960,2121,3229,2248,1979
55.1260,3957,2954,2123,3231,2249,1979
55.1465,3957,2948,2125,3232,2251,1979
55.1669,3958,2943,2127,3234,2253,1979
55.1873,3959,2937,2130,3235,2256,1979
55.2082,3960,2932,2132,3238,2258,1979
55.2285,3962,2927,2136,3239,2259,1979
55.2488,3964,2922,2140,3241,2259,1979
55.2694,3967,2917,2145,3243,2260,1979
55.2899,3971,2912,2150,3245,2262,1979
55.3099,3975,2908,2155,3246,2267,1979
55.3303,3981,2903,2162,3247,2271,1979
55.3506,3986,2898,2169,3247,2272,1979
55.3712,3993,2894,2177,3247,2273,1979
55.3914,3999,2890,2184,3248,2276,1979
55.4119,4006,2885,2192,3248,2282,1979
55.4320,4013,2882,2199,3248,2287,1979
55.4521,4020,2878,2205,3250,2288,1979
55.4727,4026,2874,2210,3254,2288,1979
55.4934,4032,2871,2216,3256,2289,1979
55.5140,4038,2869,2222,3256,2293,1979
55.5343,4043,2867,2226,3256,2297,1979
55.5551,4048,2865,2230,3259,2301,1979
55.5754,4052,2863,2233,3260,2304,1979
55.5960,4056,2861,2235,3261,2308,1979
55.6162,4060,2859,2238,3261,2313,1979
55.6367,4063,2857,2240,3261,2319,1979
55.6568,4067,2855,2243,3261,2324,1979
55.6775,4071,2853,2244,3261,2327,1979
55.6980,4075,2851,2245,3261,2327,1979
55.7194,4080,2848,2246,3261,2329,1979
55.7395,4085,2846,2248,3261,2334,1979
55.7604,4091,2844,2249,3260,2337,1979
55.7805,0,2841,2250,3259,2339,1979
55.8007,7,2839,2250,3259,2339,1979
55.8215,13,2838,2250,3259,2341,1979
55.8418,20,2836,2250,3259,2347,1979
55.8620,27,2835,2250,3260,2353,1979
55.8822,34,2833,2250,3260,2358,1979
55.9024,41,2832,2250,3261,2361,1979
55.9225,47,2832,2250,3262,2365,1979
55.9429,53,2831,2249,3264,2368,1979
55.9632,58,2831,2249,3267,2372,1979
55.9833,64,2831,2248,3269,2376,1979
56.0034,69,2831,2247,3269,2382,1979
56.0238,74,2833,2245,3269,2387,1979
56.0442,79,2835,2242,3269,2392,1979
56.0643,84,2837,2239,3269,2397,1979
56.0846,88,2839,2236,3271,2401,1979
56.1055,92,2842,2232,3273,2404,1979
56.1259,95,2845,2228,3276,2408,1979
56.1464,99,2848,2226,3276,2413,1979
56.1671,102,2852,2223,3278,2416,1979
56.1875,105,2855,2219,3279,2419,1979
56.2080,107,2858,2217,3281,2422,1979
56.2282,110,2861,2214,3282,2426,1979
56.2484,112,2865,2212,3282,2431,1979
56.2688,114,2868,2209,3282,2437,1979
56.2893,115,2873,2205,3283,2442,1979
56.3096,116,2876,2202,3284,2445,1979
56.3303,117,2880,2198,3286,2448,1979
56.3506,118,2884,2195,3288,2449,1979
56.3707,118,2887,2192,3290,2452,1979
56.3914,118,2890,2190,3291,2455,1979
56.4119,118,2892,2188,3293,2457,1979
56.4319,117,2894,2186,3296,2458,1979
56.4522,115,2896,2184,3298,2458,1979
56.4729,114,2898,2183,3299,2456,1979
56.4934,113,2900,2183,3299,2449,1979
56.5138,112,2902,2183,3299,2438,1979
56.5342,111,2904,2183,3299,2421,1979
56.5543,109,2906,2182,3299,2404,1979
56.5746,107,2908,2182,3299,2390,1979
56.5955,106,2909,2182,3299,2379,1978
56.6161,104,2911,2182,3299,2372,1978
56.6367,103,2913,2182,3299,2365,1978
56.6568,102,2914,2183,3299,2357,1978
56.6777,101,2916,2183,3298,2349,1978
56.6983,101,2917,2186,3294,2342,1978
56.7186,100,2917,2189,3288,2336,1978
56.7389,99,2917,2193,3281,2330,1978
56.7592,98,2918,2196,3276,2325,1978
56.7794,97,2919,2197,3272,2318,1978
56.7998,96,2919,2201,3267,2312,1978
56.8203,95,2920,2204,3260,2309,1978
56.8406,95,2921,2207,3253,2305,1978
56.8616,94,2922,2210,3249,2301,1978
56.8822,94,2923,2211,3246,2297,1978
56.9027,93,2924,2213,3244,2293,1978
56.9232,92,2925,2215,3240,2289,1978
56.9435,92,2926,2219,3234,2283,1978
56.9636,91,2926,2221,3230,2279,1978
56.9840,89,2926,2223,3228,2274,1978
57.0041,88,2927,2224,3227,2270,1978
57.0246,87,2928,2225,3225,2265,1978
57.0455,86,2928,2228,3222,2259,1978
57.0657,84,2928,2231,3219,2255,1978
57.0862,83,2928,2233,3216,2253,1978
57.1069,82,2929,2235,3214,2250,1978
57.1274,80,2929,2237,3212,2246,1978
57.1477,80,2930,2239,3209,2242,1978
57.1677,79,2930,2243,3205,2239,1978
57.1882,79,2930,2246,3201,2237,1978
57.2086,78,2930,2248,3198,2235,1978
57.2292,78,2930,2251,3195,2233,1978
57.2494,78,2930,2253,3192,2232,1978
57.2696,78,2930,2255,3188,2231,1978
57.2899,78,2930,2258,3185,2230,1978
57.3111,78,2930,2259,3183,2229,1978
57.3320,78,2930,2261,3182,2228,1978
57.3526,78,2930,2263,3181,2227,1978
57.3728,77,2930,2264,3180,2226,1978
57.3938,77,2929,2265,3180,2225,1978
57.4144,77,2928,2267,3179,2225,1978
57.4349,77,2927,2269,3178,2223,1978
57.4557,77,2927,2271,3178,2221,1978
57.4759,76,2926,2273,3178,2218,1978
57.4964,75,2926,2275,3178,2217,1978
57.5167,74,2926,2278,3177,2215,1978
57.5371,74,2926,2280,3175,2213,1978
57.5574,73,2926,2283,3173,2211,1978
57.5779,72,2926,2287,3170,2210,1978
57.5984,71,2926,2290,3167,2209,1978
57.6192,71,2926,2292,3165,2207,1978
57.6392,70,2925,2295,3163,2206,1978
57.6596,70,2925,2298,3160,2205,1978
57.6801,70,2924,2301,3159,2205,1979
57.7007,70,2923,2304,3156,2209,1980
57.7213,70,2922,2306,3154,2210,1983
57.7417,70,2920,2308,3153,2210,1991
57.7624,70,2918,2310,3151,2210,1999
57.7832,70,2915,2312,3148,2211,2009
57.8035,70,2912,2313,3147,2213,2019
57.8238,70,2909,2314,3145,2215,2029
57.8439,70,2905,2314,3145,2217,2038
57.8644,70,2901,2315,3145,2217,2046
57.8848,70,2896,2317,3145,2215,2055
57.9053,70,2891,2319,3144,2214,2066
57.9258,69,2886,2321,3143,2213,2075
57.9461,68,2881,2321,3142,2214,2082
57.9666,66,2877,2322,3142,2215,2087
57.9872,65,2873,2324,3142,2213,2087
58.0072,65,2869,2327,3142,2212,2082
58.0278,65,2865,2329,3142,2212,2080
58.0483,64,2862,2331,3142,2212,2076
58.0688,63,2861,2332,3142,2211,2071
58.0893,63,2860,2335,3142,2208,2068
58.1096,63,2859,2337,3142,2207,2067
58.1300,64,2859,2339,3142,2207,2067
58.1503,64,2859,2342,3142,2205,2067
58.1709,65,2859,2344,3142,2203,2068
58.1913,66,2859,2347,3142,2202,2069
58.2114,67,2859,2348,3141,2201,2070
58.2319,67,2859,2349,3141,2201,2073
58.2528,68,2860,2351,3140,2200,2076
58.2734,69,2861,2352,3137,2200,2078
58.2938,69,2862,2353,3134,2200,2079
58.3143,70,2863,2354,3132,2200,2081
58.3350,71,2864,2354,3130,2200,2082
58.3554,71,2864,2354,3130,2199,2082
58.3756,71,2865,2354,3129,2198,2084
58.3963,71,2866,2354,3128,2198,2085
58.4169,70,2866,2354,3127,2198,2086
58.4381,70,2867,2353,3126,2198,2088
58.4588,68,2869,2353,3126,2197,2089
58.4794,68,2871,2353,3125,2196,2089
58.4999,67,2873,2353,3124,2195,2089
58.5203,66,2875,2352,3122,2195,2090
58.5406,65,2877,2351,3122,2195,2090
58.5611,65,2879,2350,3121,2194,2091
58.5814,64,2881,2350,3121,2193,2093
58.6019,64,2883,2349,3121,2193,2093
58.6224,63,2885,2348,3120,2192,2094
58.6429,63,2888,2348,3120,2192,2094
58.6633,63,2890,2348,3119,2191,2094
58.6834,63,2893,2348,3118,2190,2095
58.7039,62,2896,2348,3117,2190,2095
58.7248,62,2898,2348,3116,2189,2095
58.7457,61,2901,2348,3115,2188,2096
58.7661,61,2902,2348,3114,2187,2096
58.7866,60,2904,2349,3114,2185,2097
58.8070,59,2906,2349,3113,2184,2097
58.8272,59,2908,2350,3112,2184,2097
58.8476,58,2910,2351,3110,2183,2098
58.8678,57,2912,2351,3109,2183,2099
58.8884,56,2914,2351,3108,2181,2099
58.9088,55,2916,2352,3107,2179,2099
58.9289,53,2917,2352,3105,2179,2099
58.9494,52,2919,2353,3103,2179,2100
58.9698,51,2921,2353,3102,2178,2100
58.9902,49,2922,2353,3101,2176,2100
59.0107,47,2923,2355,3100,2175,2101
59.0311,45,2924,2356,3096,2175,2101
59.0517,44,2925,2357,3093,2174,2102
59.0718,43,2925,2358,3089,2175,2105
59.0922,42,2925,2358,3086,2176,2106
59.1127,42,2924,2356,3082,2181,2107
59.1331,42,2921,2353,3081,2186,2108
59.1535,43,2916,2350,3080,2192,2110
59.1737,43,2910,2346,3080,2197,2112
59.1940,43,2904,2344,3080,2201,2112
59.2145,43,2896,2340,3080,2206,2112
59.2348,43,2889,2337,3080,2214,2115
59.2550,44,2881,2334,3080,2219,2118
59.2750,44,2873,2332,3080,2220,2118
59.2953,45,2865,2332,3080,2223,2118
59.3158,46,2857,2332,3080,2226,2119
59.3364,48,2848,2331,3080,2234,2121
59.3568,49,2841,2329,3080,2244,2123
59.3771,50,2834,2328,3082,2250,2124
59.3977,50,2827,2327,3085,2253,2124
59.4179,51,2820,2327,3088,2255,2124
59.4384,51,2815,2327,3089,2259,2124
59.4584,51,2811,2327,3089,2264,2124
59.4787,51,2807,2327,3089,2265,2124
59.4989,51,2804,2327,3090,2267,2124
59.5194,51,2802,2327,3090,2267,2124
59.5398,51,2801,2327,3090,2267,2123
59.5602,51,2800,2327,3090,2267,2122
59.5805,51,2800,2328,3090,2267,2121
59.6013,49,2800,2328,3090,2267,2121
59.6217,49,2801,2328,3090,2266,2121
59.6421,47,2802,2328,3090,2263,2119
59.6622,46,2805,2328,3088,2260,2116
59.6825,45,2807,2328,3084,2258,2114
59.7031,44,2811,2328,3079,2255,2113
59.7237,42,2815,2328,3074,2252,2113
59.7439,39,2818,2328,3070,2249,2112
59.7643,36,2822,2328,3068,2247,2111
59.7848,33,2825,2327,3066,2246,2111
59.8048,30,2828,2325,3065,2242,2111
59.8249,26,2831,2323,3062,2239,2111
59.8453,22,2834,2322,3058,2234,2111
59.8656,19,2837,2321,3054,2229,2111
59.8859,15,2840,2319,3050,2227,2111
59.9066,10,2843,2317,3047,2226,2111
59.9274,6,2845,2315,3045,2223,2111
59.9480,2,2847,2312,3045,2220,2111
59.9683,4094,2850,2310,3044,2217,2111
59.9885,4090,2852,2308,3043,2215,2111
60.0089,4085,2854,2306,3041,2212,2112
60.0294,4080,2857,2304,3039,2209,2112
60.0495,4075,2860,2302,3038,2206,2112
60.0696,4070,2862,2300,3035,2203,2112
60.0899,4066,2865,2299,3033,2198,2112
60.1105,4061,2867,2298,3032,2194,2111
60.1307,4055,2870,2296,3031,2190,2110
60.1511,4050,2873,2294,3030,2188,2109
60.1719,4044,2876,2292,3030,2185,2108
60.1925,4039,2880,2289,3029,2180,2107
60.2130,4034,2884,2287,3029,2173,2105
60.2333,4029,2887,2285,3028,2169,2104
60.2541,4025,2891,2283,3026,2166,2103
60.2741,4021,2894,2281,3026,2164,2102
60.2954,4016,2897,2278,3026,2162,2102
60.3160,4011,2901,2276,3026,2159,2102
60.3364,4007,2904,2275,3026,2156,2102
60.3567,4003,2908,2274,3026,2154,2101
60.3771,3999,2911,2273,3026,2152,2100
60.3979,3995,2915,2272,3026,2150,2100
60.4181,3991,2917,2270,3026,2148,2100
60.4386,3988,2919,2268,3026,2146,2100
60.4588,3984,2920,2266,3026,2144,2100
60.4789,3981,2921,2266,3026,2141,2100
60.4991,3978,2921,2265,3026,2138,2100
60.5194,3974,2921,2263,3026,2137,2100
60.5399,3970,2921,2262,3026,2135,2100
60.5601,3967,2921,2261,3026,2133,2100
60.5802,3963,2920,2261,3026,2132,2100
60.6006,3959,2920,2260,3026,2129,2100
60.6210,3957,2920,2260,3026,2127,2100
60.6410,3954,2919,2260,3026,2124,2100
60.6612,3952,2919,2260,3026,2122,2100
60.6816,3949,2919,2260,3026,2119,2100
60.7022,3946,2919,2260,3026,2116,2100
60.7226,3943,2919,2260,3026,2115,2100
60.7431,3941,2919,2260,3026,2113,2100
60.7632,3937,2918,2260,3026,2110,2101
60.7835,3934,2918,2261,3026,2107,2101
60.8041,3930,2917,2264,3026,2104,2101
60.8245,3927,2916,2266,3026,2101,2101
60.8452,3923,2915,2268,3026,2099,2101
60.8654,3920,2915,2271,3026,2096,2100
60.8855,3917,2915,2274,3026,2094,2100
60.9063,3914,2915,2276,3026,2092,2100
60.9270,3911,2916,2280,3025,2091,2100
60.9473,3909,2917,2284,3023,2090,2101
60.9677,3907,2918,2288,3022,2089,2101
60.9880,3906,2920,2291,3022,2087,2101
61.0082,3904,2922,2295,3021,2086,2101
61.0289,3902,2924,2299,3019,2085,2101
61.0490,3901,2925,2303,3018,2084,2101
61.0693,3900,2926,2306,3017,2083,2101
61.0894,3899,2927,2310,3016,2081,2101
61.1098,3898,2927,2313,3014,2081,2101
61.1302,3897,2927,2316,3012,2080,2102
61.1505,3897,2927,2318,3011,2079,2102
61.1708,3896,2927,2321,3010,2079,2102
61.1911,3895,2927,2323,3009,2078,2102
61.2113,3895,2927,2325,3007,2078,2102
61.2322,3895,2928,2327,3005,2077,2102
61.2527,3895,2928,2328,3003,2077,2103
61.2730,3895,2929,2329,3001,2077,2103
61.2931,3896,2930,2330,3000,2077,2103
61.3136,3897,2931,2331,2999,2078,2103
61.3341,3897,2932,2332,2997,2078,2103
61.3545,3898,2933,2333,2997,2078,2103
61.3752,3898,2934,2334,2995,2078,2103
61.3956,3898,2935,2334,2995,2078,2103
61.4161,3898,2936,2334,2993,2079,2103
61.4362,3898,2936,2334,2992,2079,2103
61.4570,3898,2937,2334,2991,2080,2103
61.4778,3898,2938,2334,2989,2080,2103
61.4980,3898,2939,2333,2986,2081,2103
61.5182,3898,2941,2332,2983,2082,2104
61.5383,3898,2943,2331,2982,2083,2104
61.5586,3898,2945,2329,2981,2084,2104
61.5787,3898,2946,2327,2981,2084,2104
61.5996,3898,2948,2326,2981,2085,2104
61.6204,3899,2950,2325,2980,2085,2104
61.6411,3899,2952,2324,2980,2085,2104
61.6618,3899,2953,2324,2979,2085,2104
61.6819,3899,2955,2323,2979,2085,2104
61.7028,3899,2956,2323,2979,2085,2104
61.7234,3899,2958,2323,2978,2085,2104
61.7435,3899,2959,2323,2978,2085,2104
61.7640,3899,2960,2323,2978,2085,2104
61.7845,3899,2960,2323,2978,2085,2104
61.8047,3899,2961,2323,2977,2085,2104
61.8249,3899,2962,2323,2977,2085,2104
61.8452,3899,2964,2322,2977,2084,2104
61.8655,3898,2965,2322,2977,2084,2104
61.8858,3897,2967,2321,2977,2084,2104
61.9061,3897,2968,2321,2977,2083,2103
61.9266,3896,2969,2321,2977,2082,2103
61.9466,3896,2971,2321,2977,2082,2103
61.9671,3895,2973,2321,2977,2082,2103
61.9878,3895,2974,2321,2977,2081,2103
62.0083,3894,2975,2322,2977,2081,2103
62.0288,3894,2976,2322,2977,2080,2103
62.0489,3894,2978,2323,2977,2080,2103
62.0692,3894,2979,2324,2977,2080,2103
62.0896,3894,2980,2324,2977,2079,2103
62.1099,3894,2981,2325,2977,2078,2102
62.1302,3894,2981,2326,2977,2078,2102
62.1506,3894,2982,2327,2976,2078,2102
62.1713,3894,2983,2328,2976,2077,2102
62.1916,3895,2983,2329,2976,2077,2102
62.2118,3895,2984,2330,2976,2076,2102
62.2323,3895,2986,2332,2975,2075,2101
62.2529,3895,2987,2333,2974,2073,2101
62.2743,3895,2988,2336,2973,2072,2101
62.2948,3895,2989,2337,2971,2072,2101
62.3151,3895,2990,2338,2970,2071,2101
62.3356,3895,2991,2339,2968,2070,2101
62.3558,3895,2991,2340,2967,2070,2101
62.3760,3895,2992,2340,2966,2070,2101
62.3963,3895,2992,2340,2966,2069,2101
62.4168,3895,2992,2340,2966,2069,2101
62.4370,3895,2992,2341,2965,2069,2100
62.4578,3895,2991,2342,2965,2068,2100
62.4781,3895,2991,2343,2964,2068,2100
62.4985,3895,2991,2344,2964,2067,2100
62.5185,3895,2991,2345,2963,2067,2100
62.5389,3895,2991,2346,2962,2068,2100
62.5590,3895,2991,2346,2962,2069,2101
62.5792,3895,2989,2346,2962,2070,2102
62.5997,3896,2988,2346,2961,2072,2104
62.6201,3896,2985,2344,2961,2076,2106
62.6404,3896,2981,2342,2961,2080,2106
62.6609,3897,2976,2341,2961,2083,2106
62.6812,3897,2970,2340,2961,2086,2106
62.7015,3897,2964,2340,2961,2089,2106
62.7220,3897,2956,2339,2960,2095,2108
62.7427,3898,2949,2338,2960,2102,2111
62.7633,3899,2941,2336,2960,2106,2111
62.7835,3899,2932,2336,2960,2108,2111
62.8039,3899,2924,2335,2960,2111,2111
62.8241,3899,2916,2335,2960,2117,2112
62.8442,3899,2908,2335,2960,2122,2115
62.8646,3899,2899,2334,2960,2126,2115
62.8849,3899,2891,2334,2960,2129,2116
62.9052,3899,2883,2334,2960,2132,2116
62.9252,3899,2876,2333,2960,2136,2116
62.9457,3899,2868,2333,2960,2140,2117
62.9665,3899,2861,2332,2960,2141,2118
62.9868,3899,2854,2332,2960,2143,2117
63.0072,3899,2847,2332,2960,2147,2117
63.0272,3899,2841,2333,2960,2150,2117
63.0476,3900,2835,2333,2960,2154,2117
63.0681,3901,2829,2334,2960,2156,2116
63.0884,3903,2823,2335,2960,2158,2115
63.1087,3906,2818,2337,2960,2159,2115
63.1289,3909,2812,2339,2960,2162,2114
63.1493,3913,2807,2343,2960,2164,2114
63.1700,3919,2802,2346,2960,2167,2114
63.1901,3925,2797,2350,2960,2168,2114
63.2105,3932,2792,2354,2960,2170,2114
63.2310,3941,2788,2359,2958,2173,2114
63.2517,3951,2784,2362,2954,2178,2116
63.2718,3961,2782,2365,2949,2183,2116
63.2922,3971,2779,2367,2945,2188,2115
63.3126,3982,2778,2368,2942,2191,2115
63.3328,3993,2777,2368,2941,2194,2116
63.3533,4004,2776,2368,2938,2197,2116
63.3740,4015,2776,2368,2933,2200,2116
63.3942,4025,2776,2368,2925,2204,2116
63.4147,4035,2777,2367,2918,2208,2116
63.4348,4044,2778,2365,2913,2213,2116
63.4553,4054,2780,2361,2909,2217,2117
63.4757,4065,2782,2357,2905,2219,2116
63.4962,4074,2783,2353,2902,2221,2116
63.5170,4083,2785,2349,2896,2223,2116
63.5371,4093,2788,2344,2889,2226,2117
63.5581,6,2792,2338,2887,2230,2118
63.5787,17,2796,2330,2887,2232,2118
63.5990,27,2800,2325,2887,2234,2118
63.6192,38,2804,2319,2887,2235,2118
63.6395,48,2808,2315,2887,2235,2118
63.6597,58,2812,2311,2887,2235,2118
63.6801,68,2816,2306,2887,2237,2118
63.7006,78,2821,2300,2887,2239,2118
63.7208,88,2826,2296,2887,2241,2118
63.7413,98,2831,2293,2887,2241,2117
63.7619,109,2837,2289,2887,2241,2116
63.7822,119,2843,2285,2887,2242,2116
63.8025,128,2850,2281,2887,2242,2115
63.8230,138,2857,2277,2887,2243,2114
63.8438,147,2864,2274,2887,2243,2112
63.8641,156,2871,2272,2887,2243,2112
63.8847,165,2878,2269,2887,2242,2110
63.9055,174,2886,2267,2887,2241,2109
63.9256,182,2893,2265,2887,2241,2108
63.9457,189,2900,2263,2887,2241,2108
63.9660,196,2906,2262,2887,2241,2107
63.9867,202,2912,2261,2887,2240,2106
64.0072,208,2917,2261,2887,2238,2104
64.0273,213,2923,2261,2887,2237,2104
64.0474,217,2926,2261,2887,2236,2104
64.0675,221,2930,2261,2888,2236,2104
64.0880,225,2932,2261,2890,2237,2105
64.1086,228,2935,2262,2893,2237,2106
64.1290,231,2938,2262,2895,2237,2106
64.1493,234,2940,2262,2897,2237,2106
64.1696,236,2943,2263,2898,2237,2106
64.1900,238,2945,2264,2899,2237,2105
64.2107,240,2948,2266,2900,2237,2105
64.2307,242,2950,2267,2901,2236,2105
64.2508,243,2951,2268,2902,2236,2105
64.2714,245,2952,2271,2903,2235,2105
64.2917,245,2953,2273,2903,2234,2105
64.3118,246,2954,2276,2903,2233,2105
64.3322,246,2955,2279,2904,2232,2105
64.3523,246,2955,2281,2904,2231,2106
64.3733,246,2955,2285,2905,2230,2106
64.3936,246,2955,2288,2905,2229,2105
64.4140,246,2956,2292,2905,2228,2104
64.4344,246,2956,2295,2905,2228,2104
64.4549,246,2956,2298,2905,2228,2104
64.4754,246,2957,2301,2905,2227,2104
64.4960,246,2958,2304,2905,2226,2104
64.5169,246,2959,2307,2905,2225,2104
64.5372,246,2959,2310,2905,2225,2104
64.5579,246,2960,2313,2905,2225,2104
64.5785,246,2960,2315,2905,2225,2105
64.5990,245,2961,2317,2905,2223,2105
64.6201,245,2962,2320,2905,2222,2105
64.6406,245,2963,2322,2905,2221,2105
64.6612,245,2963,2324,2905,2221,2105
64.6814,244,2964,2325,2905,2221,2105
64.7021,244,2965,2326,2905,2220,2106
64.7221,243,2966,2327,2905,2219,2108
64.7426,243,2967,2328,2905,2218,2108
64.7628,243,2968,2329,2905,2216,2108
64.7833,242,2969,2330,2905,2215,2108
64.8034,241,2970,2331,2905,2213,2108
64.8243,241,2971,2332,2905,2211,2107
64.8448,240,2972,2333,2905,2209,2106
64.8650,239,2973,2334,2905,2207,2106
64.8856,239,2973,2335,2905,2205,2106
64.9060,238,2974,2336,2905,2205,2106
64.9263,237,2975,2336,2905,2204,2106
64.9467,236,2976,2336,2905,2203,2106
64.9676,235,2976,2337,2905,2202,2105
64.9879,235,2977,2338,2905,2200,2104
65.0085,234,2978,2339,2905,2197,2103
65.0289,234,2979,2341,2905,2195,2102
65.0494,234,2980,2343,2905,2194,2102
65.0696,233,2981,2345,2905,2193,2101
65.0902,233,2981,2346,2905,2192,2100
65.1105,233,2982,2349,2905,2191,2100
65.1309,232,2982,2351,2905,2190,2099
65.1511,232,2982,2354,2905,2188,2098
65.1716,232,2983,2356,2905,2187,2098
65.1922,231,2983,2358,2905,2187,2098
65.2126,231,2985,2359,2905,2185,2096
65.2326,231,2986,2361,2905,2184,2096
65.2532,231,2987,2363,2905,2184,2096
65.2733,231,2987,2364,2905,2184,2096
65.2937,231,2987,2366,2905,2184,2095
65.3141,231,2988,2367,2905,2184,2094
65.3345,231,2988,2369,2905,2184,2094
65.3547,231,2988,2370,2905,2183,2094
65.3752,231,2988,2372,2905,2183,2093
65.3954,231,2988,2373,2905,2181,2092
65.4158,231,2988,2375,2905,2180,2092
65.4365,231,2988,2376,2905,2180,2092
65.4569,231,2988,2378,2905,2179,2091
65.4773,231,2988,2379,2905,2178,2091
65.4979,231,2988,2381,2905,2176,2090
65.5182,231,2988,2383,2905,2176,2090
65.5389,231,2988,2384,2905,2176,2090
65.5590,231,2988,2387,2905,2175,2090
65.5793,231,2988,2389,2905,2174,2089
65.5996,231,2988,2391,2905,2173,2089
65.6203,231,2988,2393,2905,2173,2089
65.6405,231,2988,2395,2905,2172,2088
65.6605,231,2988,2397,2905,2172,2088
65.6808,231,2988,2397,2904,2172,2088
65.7011,231,2986,2398,2903,2173,2088
65.7213,231,2984,2398,2900,2175,2088
65.7415,231,2981,2398,2895,2180,2088
65.7617,231,2977,2396,2890,2184,2088
65.7823,231,2971,2391,2888,2189,2088
65.8028,231,2966,2384,2888,2194,2088
65.8230,231,2959,2375,2888,2201,2088
65.8432,231,2952,2366,2888,2207,2088
65.8633,231,2943,2356,2888,2212,2088
65.8842,230,2934,2345,2888,2215,2088
65.9043,229,2924,2336,2888,2218,2088
65.9247,228,2915,2326,2888,2220,2088
65.9447,226,2905,2318,2888,2222,2088
65.9655,224,2895,2309,2888,2224,2089
65.9857,221,2887,2301,2888,2225,2089
66.0062,219,2879,2294,2888,2225,2089
66.0266,215,2872,2287,2888,2225,2089
66.0471,212,2865,2280,2888,2225,2089
66.0672,208,2858,2275,2888,2224,2089
66.0876,205,2852,2270,2888,2221,2089
66.1080,201,2847,2267,2888,2218,2089
66.1286,198,2842,2264,2888,2215,2089
66.1488,194,2838,2262,2888,2212,2088
66.1694,190,2833,2260,2888,2209,2087
66.1897,186,2829,2259,2888,2206,2086
66.2100,183,2825,2258,2888,2204,2086
66.2303,179,2820,2258,2888,2200,2086
66.2506,175,2815,2258,2887,2195,2085
66.2711,172,2811,2259,2886,2189,2084
66.2913,170,2806,2259,2877,2182,2082
66.3117,169,2802,2260,2860,2176,2081
66.3320,167,2799,2266,2841,2168,2080
66.3520,164,2795,2277,2817,2157,2079
66.3723,159,2792,2288,2792,2145,2079
66.3925,154,2789,2300,2764,2133,2079
66.4130,149,2788,2313,2734,2123,2079
66.4335,144,2785,2327,2706,2111,2080
66.4536,138,2783,2340,2679,2100,2081
66.4741,133,2781,2354,2649,2088,2083
66.4943,127,2781,2366,2620,2076,2084
66.5148,121,2781,2375,2597,2069,2084
66.5348,114,2781,2382,2581,2064,2085
66.5552,107,2781,2389,2566,2058,2086
66.5754,99,2780,2397,2553,2054,2086
66.5955,92,2779,2405,2540,2050,2087
66.6158,85,2779,2410,2529,2047,2088
66.6362,77,2779,2416,2518,2043,2088
66.6565,70,2779,2421,2509,2040,2088
66.6770,62,2779,2427,2501,2036,2088
66.6975,55,2779,2432,2492,2030,2088
66.7182,49,2780,2439,2480,2025,2088
66.7387,42,2781,2445,2463,2021,2088
66.7590,36,2781,2453,2446,2016,2089
66.7791,31,2782,2460,2433,2012,2090
66.7997,26,2782,2467,2418,2007,2090
66.8208,22,2783,2474,2404,2001,2090
66.8412,16,2784,2482,2387,1996,2090
66.8615,12,2785,2489,2371,1992,2090
66.8819,9,2785,2496,2356,1989,2090
66.9022,5,2785,2504,2339,1985,2091
66.9227,2,2785,2513,2321,1982,2091
66.9429,0,2785,2521,2304,1977,2091
66.9633,4094,2785,2532,2286,1972,2091
66.9838,4092,2784,2543,2267,1966,2090
67.0041,4091,2783,2555,2245,1963,2090
67.0243,4090,2781,2566,2225,1959,2091
67.0444,4090,2780,2579,2203,1955,2091
67.0647,4090,2778,2592,2182,1951,2091
67.0851,4090,2775,2604,2166,1948,2091
67.1052,4090,2771,2616,2152,1947,2091
67.1258,4091,2766,2629,2136,1946,2091
67.1459,4092,2762,2640,2121,1943,2091
67.1667,4093,2758,2652,2108,1941,2091
67.1874,4095,2753,2663,2097,1939,2091
67.2074,0,2748,2675,2086,1937,2091
67.2278,1,2742,2687,2074,1935,2091
67.2481,2,2737,2700,2063,1932,2091
67.2688,3,2731,2712,2054,1930,2090
67.2889,5,2725,2723,2042,1929,2090
67.3092,7,2719,2734,2031,1929,2090
67.3297,8,2712,2745,2021,1928,2090
67.3500,9,2704,2754,2011,1927,2090
67.3708,10,2697,2764,2001,1927,2090
67.3908,11,2690,2773,1992,1927,2090
67.4112,11,2683,2780,1981,1927,2090
67.4314,11,2677,2786,1973,1927,2089
67.4515,11,2670,2792,1965,1926,2089
67.4718,12,2663,2799,1955,1926,2089
67.4921,12,2656,2805,1945,1926,2089
67.5124,12,2650,2811,1935,1925,2088
67.5324,12,2645,2816,1926,1924,2088
67.5528,12,2640,2820,1915,1923,2087
67.5730,12,2635,2826,1906,1923,2086
67.5937,12,2629,2830,1897,1923,2086
67.6138,13,2624,2836,1886,1923,2085
67.6342,14,2619,2842,1875,1923,2085
67.6545,15,2613,2847,1866,1923,2085
67.6748,15,2606,2853,1858,1923,2084
67.6948,16,2600,2859,1850,1924,2083
67.7158,17,2593,2866,1841,1926,2082
67.7363,19,2585,2874,1831,1926,2081
67.7568,21,2578,2881,1822,1926,2080
67.7769,23,2571,2889,1811,1925,2079
67.7978,25,2563,2897,1802,1925,2078
67.8181,28,2554,2905,1792,1925,2078
67.8386,31,2545,2912,1783,1925,2077
67.8591,33,2537,2920,1776,1923,2075
67.8800,36,2529,2926,1771,1921,2074
67.9005,38,2519,2934,1766,1920,2074
67.9211,40,2509,2940,1763,1919,2074
67.9414,42,2500,2947,1759,1919,2073
67.9620,43,2491,2954,1754,1919,2073
67.9823,44,2482,2962,1750,1919,2072
68.0027,45,2474,2968,1746,1919,2071
68.0231,46,2465,2974,1745,1919,2071
68.0433,47,2456,2980,1743,1921,2071
68.0633,47,2447,2987,1739,1921,2071
68.0834,47,2439,2993,1734,1922,2070
68.1036,47,2432,2997,1730,1922,2069
68.1243,48,2424,3002,1727,1923,2068
68.1454,48,2416,3007,1724,1924,2067
68.1655,49,2409,3011,1720,1925,2066
68.1859,49,2402,3014,1717,1925,2062
68.2064,49,2395,3016,1713,1925,2061
68.2265,49,2388,3019,1710,1925,2061
68.2468,50,2380,3021,1709,1925,2061
68.2670,50,2372,3022,1708,1925,2061
68.2875,51,2364,3023,1707,1925,2061
68.3080,51,2355,3024,1707,1925,2060
68.3285,51,2347,3024,1707,1923,2060
68.3492,51,2341,3024,1707,1922,2060
68.3694,51,2333,3025,1707,1919,2059
68.3898,53,2327,3025,1707,1915,2059
68.4098,54,2322,3026,1707,1910,2057
68.4299,55,2316,3028,1707,1907,2056
68.4502,56,2310,3029,1707,1904,2055
68.4708,56,2304,3030,1707,1901,2055
68.4914,56,2298,3030,1707,1898,2055
68.5116,57,2293,3030,1707,1893,2055
68.5321,57,2288,3030,1708,1888,2054
68.5525,56,2283,3031,1711,1885,2052
68.5727,54,2274,3032,1715,1883,2052
68.5930,51,2265,3035,1719,1883,2051
68.6131,49,2255,3036,1723,1885,2051
68.6332,47,2247,3037,1727,1886,2050
68.6535,44,2238,3037,1732,1886,2049
68.6741,40,2229,3037,1738,1888,2049
68.6941,37,2217,3038,1745,1891,2049
68.7153,34,2203,3040,1753,1894,2048
68.7358,31,2190,3042,1761,1896,2047
68.7562,28,2178,3044,1765,1896,2047
68.7771,25,2169,3045,1767,1897,2046
68.7976,24,2162,3047,1766,1895,2046
68.8184,24,2156,3049,1763,1893,2046
68.8388,24,2151,3051,1759,1891,2046
68.8589,25,2148,3052,1754,1888,2046
68.8790,25,2146,3053,1749,1887,2046
68.8995,25,2143,3053,1744,1886,2047
68.9198,25,2142,3054,1738,1883,2048
68.9399,25,2142,3054,1733,1881,2048
68.9601,25,2140,3054,1728,1880,2048
68.9803,25,2137,3056,1726,1879,2048
69.0009,23,2132,3061,1726,1880,2048
69.0214,21,2126,3068,1724,1882,2048
69.0415,18,2122,3075,1720,1883,2048
69.0618,18,2119,3081,1716,1883,2047
69.0821,17,2116,3085,1713,1884,2047
69.1026,17,2115,3085,1713,1884,2047
69.1229,16,2112,3085,1713,1883,2048
69.1433,14,2108,3085,1714,1882,2048
69.1637,14,2104,3085,1714,1881,2049
69.1840,12,2101,3085,1712,1880,2050
69.2051,11,2099,3085,1710,1880,2051
69.2257,9,2096,3085,1709,1879,2052
69.2459,6,2092,3085,1709,1880,2052
69.2666,2,2089,3085,1709,1882,2052
69.2868,4095,2085,3086,1709,1882,2053
69.3070,4092,2084,3086,1709,1882,2053
69.3275,4090,2081,3086,1709,1881,2053
69.3483,4089,2077,3086,1709,1881,2054
69.3686,4086,2073,3086,1710,1881,2055
69.3891,4083,2068,3086,1711,1881,2055
69.4092,4080,2062,3087,1712,1883,2057
69.4295,4077,2055,3087,1712,1884,2058
69.4504,4074,2049,3088,1712,1885,2059
69.4712,4072,2043,3089,1712,1884,2060
69.4914,4069,2039,3089,1712,1882,2060
69.5114,4067,2036,3089,1710,1881,2061
69.5314,4064,2032,3089,1710,1881,2063
69.5520,4062,2028,3089,1710,1880,2063
69.5721,4060,2026,3089,1710,1879,2063
69.5926,4057,2023,3089,1710,1879,2063
69.6126,4056,2020,3089,1709,1881,2063
69.6331,4054,2016,3089,1707,1882,2065
69.6537,4052,2012,3090,1706,1882,2067
69.6742,4052,2009,3090,1704,1878,2069
69.6944,4051,2006,3090,1702,1874,2071
69.7151,4051,2004,3090,1697,1872,2073
69.7355,4050,2002,3090,1693,1872,2074
69.7556,4050,2000,3090,1690,1870,2075
69.7760,4050,1999,3090,1687,1868,2076
69.7963,4049,1997,3090,1685,1865,2076
69.8168,4048,1994,3090,1684,1864,2077
69.8369,4047,1992,3090,1684,1864,2077
69.8571,4045,1989,3090,1684,1865,2077
69.8772,4044,1986,3090,1684,1865,2077
69.8985,4044,1984,3090,1683,1865,2077
69.9190,4043,1981,3090,1683,1864,2077
69.9391,4043,1978,3090,1682,1861,2077
69.9595,4043,1974,3090,1679,1859,2077
69.9800,4043,1971,3090,1677,1856,2079
70.0001,4043,1967,3090,1676,1853,2080
70.0203,4042,1963,3090,1676,1851,2080
70.0407,4042,1958,3090,1676,1848,2080
70.0612,4041,1954,3091,1676,1846,2076
70.0815,4040,1949,3091,1676,1845,2076
70.1015,4039,1944,3091,1675,1844,2074
70.1221,4039,1939,3091,1674,1844,2074
70.1426,4039,1935,3091,1672,1844,2074
70.1628,4039,1930,3091,1672,1844,2068
70.1829,4038,1926,3091,1672,1843,2061
70.2034,4038,1923,3091,1671,1841,2057
70.2238,4038,1920,3091,1668,1840,2056
70.2450,4038,1918,3091,1663,1840,2056
70.2651,4037,1914,3091,1659,1840,2058
70.2852,4036,1911,3091,1656,1840,2058
70.3056,4036,1908,3092,1653,1839,2055
70.3257,4035,1905,3092,1652,1839,2049
70.3461,4033,1902,3092,1650,1838,2045
70.3662,4032,1898,3092,1649,1838,2044
70.3862,4032,1893,3092,1648,1837,2044
70.4069,4032,1888,3092,1648,1835,2043
70.4271,4032,1884,3092,1648,1833,2041
70.4477,4031,1879,3092,1648,1833,2041
70.4680,4031,1873,3093,1648,1832,2041
70.4885,4031,1868,3094,1647,1830,2042
70.5086,4032,1863,3095,1647,1828,2042
70.5291,4032,1859,3095,1647,1828,2041
70.5498,4032,1854,3097,1646,1828,2041
70.5702,4032,1851,3099,1646,1828,2041
70.5909,4032,1846,3099,1646,1827,2040
70.6116,4032,1842,3100,1646,1826,2041
70.6317,4031,1837,3100,1646,1825,2042
70.6524,4031,1831,3100,1646,1824,2042
70.6730,4031,1826,3100,1646,1823,2042
70.6934,4031,1822,3100,1646,1822,2042
70.7136,4031,1817,3100,1646,1821,2043
70.7344,4031,1812,3100,1646,1821,2044
70.7549,4030,1808,3100,1646,1820,2043
70.7750,4030,1804,3100,1646,1818,2043
70.7955,4030,1800,3100,1646,1818,2043
70.8155,4030,1797,3101,1646,1817,2042
70.8356,4030,1794,3101,1646,1817,2041
70.8558,4030,1790,3101,1646,1817,2042
70.8761,4030,1786,3101,1646,1816,2043
70.8961,4030,1782,3101,1646,1816,2043
70.9164,4030,1778,3101,1646,1816,2043
70.9369,4030,1774,3101,1646,1814,2044
70.9570,4030,1770,3101,1646,1812,2046
70.9774,4031,1766,3101,1646,1811,2046
70.9981,4031,1762,3101,1646,1810,2046
71.0182,4031,1758,3101,1646,1810,2048
71.0384,4031,1753,3101,1646,1809,2050
71.0587,4031,1750,3101,1645,1808,2049
71.0791,4031,1750,3102,1645,1807,2046
71.0995,4031,1750,3102,1645,1807,2046
71.1199,4031,1750,3102,1645,1806,2045
71.1403,4031,1750,3102,1645,1806,2043
71.1606,4030,1750,3102,1645,1808,2042
71.1814,4028,1750,3102,1645,1809,2042
71.2017,4027,1750,3102,1645,1810,2041
71.2222,4026,1750,3102,1645,1810,2042
71.2423,4026,1750,3102,1645,1810,2044
71.2627,4026,1750,3102,1645,1810,2047
71.2832,4026,1750,3102,1645,1810,2051
71.3036,4026,1750,3102,1645,1810,2053
71.3236,4026,1750,3102,1645,1810,2055
71.3437,4025,1750,3102,1645,1810,2057
71.3642,4024,1750,3102,1645,1809,2062
71.3846,4024,1750,3102,1645,1809,2057
71.4051,4023,1750,3102,1645,1808,2048
71.4253,4023,1750,3102,1645,1807,2041
71.4457,4023,1750,3102,1645,1806,2034
71.4658,4023,1750,3102,1645,1806,2027
71.4862,4023,1750,3102,1645,1805,2020
71.5063,4023,1750,3102,1645,1805,2013
71.5267,4023,1750,3102,1645,1805,2006
71.5470,4023,1750,3102,1644,1803,1998
71.5675,4023,1750,3102,1644,1801,1991
71.5879,4023,1750,3102,1644,1799,1985
71.6085,4024,1750,3102,1644,1800,1982
71.6290,4027,1750,3102,1644,1804,1982
71.6494,4029,1750,3102,1644,1808,1982
71.6695,4029,1750,3102,1644,1813,1982
71.6898,4029,1750,3102,1644,1818,1982
71.7103,4029,1750,3102,1644,1825,1982
71.7306,4029,1750,3102,1644,1832,1982
71.7509,4029,1750,3102,1644,1840,1982
71.7712,4029,1750,3102,1644,1847,1982
71.7913,4029,1750,3102,1644,1853,1982
71.8117,4029,1750,3102,1644,1859,1982
71.8321,4029,1750,3102,1644,1864,1982
71.8526,4029,1750,3102,1644,1869,1982
71.8726,4029,1750,3102,1644,1873,1982
71.8929,4029,1750,3102,1644,1876,1982
71.9133,4029,1750,3102,1644,1879,1982
71.9340,4029,1750,3102,1644,1881,1982
71.9541,4029,1750,3102,1644,1883,1982
71.9745,4029,1750,3102,1644,1884,1982
71.9948,4029,1750,3102,1644,1886,1982
72.0148,4029,1750,3102,1644,1886,1982
72.0353,4029,1750,3102,1644,1887,1982
72.0557,4029,1750,3102,1644,1887,1982
72.0758,4029,1750,3102,1644,1888,1982
72.0962,4029,1750,3102,1644,1888,1982
72.1165,4029,1750,3102,1644,1888,1982
72.1366,4029,1750,3102,1644,1889,1982
72.1570,4029,1750,3102,1644,1889,1982
72.1775,4029,1750,3102,1644,1889,1982
72.1980,4029,1750,3102,1644,1889,1982
72.2180,4029,1750,3102,1644,1890,1982
72.2384,4029,1750,3102,1644,1890,1982
72.2588,4029,1750,3102,1644,1890,1982
72.2791,4029,1750,3102,1644,1890,1982
72.2996,4029,1750,3102,1644,1890,1982
72.3199,4029,1750,3102,1644,1890,1982
72.3403,4029,1750,3102,1644,1890,1982
72.3607,4029,1750,3102,1644,1891,1982
72.3812,4029,1750,3102,1644,1891,1982
72.4017,4029,1750,3102,1644,1891,1982
72.4222,4029,1750,3102,1644,1891,1982
72.4423,4029,1750,3102,1644,1891,1982
72.4627,4029,1750,3102,1644,1891,1982
72.4830,4029,1750,3102,1644,1891,1982
72.5035,4029,1750,3102,1644,1891,1982
72.5238,4029,1750,3102,1644,1891,1982
72.5444,4029,1750,3102,1644,1892,1982
72.5648,4029,1750,3102,1644,1892,1982
72.5853,4029,1750,3102,1644,1892,1982
72.6055,4029,1750,3102,1644,1892,1982
72.6257,4029,1750,3102,1644,1892,1982
72.6458,4029,1750,3102,1644,1892,1982
72.6661,4029,1750,3102,1644,1892,1982
72.6865,4029,1750,3102,1644,1892,1982
72.7065,4029,1750,3102,1644,1892,1982
72.7269,4029,1750,3102,1644,1892,1982
72.7473,4029,1750,3102,1644,1892,1982
72.7675,4029,1750,3102,1644,1892,1982
72.7879,4029,1750,3102,1644,1892,1982
72.8082,4029,1750,3102,1644,1892,1982
72.8283,4029,1750,3102,1644,1892,1982
72.8486,4029,1750,3102,1644,1892,1982
72.8689,4029,1750,3102,1644,1892,1982
72.8894,4029,1750,3102,1644,1892,1982
72.9099,4029,1750,3102,1644,1892,1982
72.9302,4029,1750,3102,1644,1892,1982
72.9503,4029,1750,3102,1644,1892,1982
72.9704,4029,1750,3102,1644,1893,1982
72.9906,4029,1750,3102,1644,1893,1982
73.0109,4029,1750,3102,1644,1893,1982
73.0313,4029,1750,3102,1644,1893,1982
73.0517,4029,1750,3102,1644,1893,1982
73.0725,4029,1750,3102,1644,1893,1982
73.0929,4029,1750,3102,1644,1893,1982
73.1135,4029,1750,3102,1644,1893,1982
73.1337,4029,1750,3102,1644,1893,1982
73.1545,4029,1750,3102,1644,1893,1982
73.1749,4029,1750,3102,1644,1893,1982
73.1954,4029,1750,3102,1644,1893,1982
73.2158,4029,1750,3102,1644,1893,1982
73.2359,4029,1750,3102,1644,1894,1982
73.2561,4029,1750,3102,1644,1894,1982
73.2762,4029,1750,3102,1644,1894,1982
73.2967,4029,1750,3102,1644,1894,1982
73.3171,4029,1750,3102,1644,1894,1982
73.3376,4029,1750,3102,1644,1894,1982
73.3580,4029,1750,3102,1644,1894,1982
73.3783,4029,1750,3102,1644,1894,1982
73.3988,4029,1750,3102,1644,1894,1982
73.4189,4029,1750,3102,1644,1894,1982
73.4390,4029,1750,3102,1644,1894,1982
73.4594,4029,1750,3102,1644,1894,1982
73.4796,4029,1750,3102,1644,1894,1982
73.5005,4029,1750,3102,1644,1894,1982
73.5207,4029,1750,3102,1644,1894,1982
73.5409,4029,1750,3102,1644,1894,1982
73.5612,4029,1750,3102,1644,1894,1982
73.5817,4029,1750,3102,1644,1894,1982
73.6020,4029,1750,3102,1644,1894,1982
73.6226,4029,1750,3102,1644,1894,1982
73.6429,4029,1750,3102,1644,1894,1982
73.6632,4029,1750,3102,1644,1894,1982
73.6834,4029,1750,3102,1644,1894,1982
73.7036,4029,1750,3102,1644,1894,1982
73.7237,4029,1750,3102,1644,1894,1982
73.7440,4029,1750,3102,1644,1894,1982
73.7641,4029,1750,3102,1644,1894,1982
73.7845,4029,1750,3102,1644,1894,1982
73.8050,4029,1750,3102,1644,1894,1982
73.8254,4029,1750,3102,1644,1894,1982
73.8458,4029,1750,3102,1644,1894,1982
73.8661,4029,1750,3102,1644,1894,1982
73.8865,4029,1750,3102,1644,1894,1982
73.9066,4029,1750,3102,1644,1894,1982
73.9269,4029,1750,3102,1644,1894,1982
73.9473,4029,1750,3102,1644,1894,1982
73.9674,4029,1750,3102,1644,1894,1982
73.9877,4029,1750,3102,1644,1894,1982
74.0081,4029,1750,3102,1644,1894,1982
74.0284,4029,1750,3102,1644,1894,1982
74.0488,4029,1750,3102,1644,1894,1982
74.0689,4029,1750,3102,1644,1894,1982
74.0894,4029,1750,3102,1644,1894,1982
74.1099,4029,1750,3102,1644,1895,1982
74.1303,4029,1750,3102,1644,1895,1982
74.1509,4029,1750,3102,1644,1895,1982
74.1716,4029,1750,3102,1644,1895,1982
74.1920,4029,1750,3102,1644,1895,1982
74.2125,4029,1750,3102,1644,1895,1982
74.2328,4029,1750,3102,1644,1895,1982
74.2532,4029,1750,3102,1644,1895,1982
74.2736,4029,1750,3102,1644,1895,1982
74.2942,4029,1750,3102,1644,1895,1982
74.3147,4029,1750,3102,1644,1895,1982
74.3350,4029,1750,3102,1644,1895,1982
74.3555,4029,1750,3102,1644,1895,1982
74.3760,4029,1750,3102,1644,1895,1982
74.3960,4029,1750,3102,1644,1895,1982
74.4161,4029,1750,3102,1644,1895,1982
74.4362,4029,1750,3102,1644,1895,1982
74.4566,4029,1750,3102,1644,1895,1982
74.4770,4029,1750,3102,1644,1895,1982
74.4970,4029,1750,3102,1644,1895,1982
74.5173,4029,1750,3102,1644,1895,1982
74.5379,4029,1750,3102,1644,1895,1982
74.5582,4029,1750,3102,1644,1895,1982
74.5786,4029,1750,3102,1644,1895,1982
74.5988,4029,1750,3102,1644,1895,1982
74.6190,4029,1750,3102,1644,1895,1982
74.6392,4029,1750,3102,1644,1895,1982
74.6596,4029,1750,3102,1644,1895,1982
74.6799,4029,1750,3102,1644,1895,1982
74.7006,4029,1750,3102,1644,1895,1982
74.7211,4029,1750,3102,1644,1895,1982
74.7416,4029,1750,3102,1644,1895,1982
74.7619,4029,1750,3102,1644,1895,1982
74.7822,4029,1750,3102,1644,1895,1982
74.8031,4029,1750,3102,1644,1895,1982
74.8233,4029,1750,3102,1644,1895,1982
74.8434,4029,1750,3102,1644,1895,1982
74.8639,4029,1750,3102,1644,1895,1982
74.8842,4029,1750,3102,1644,1895,1982
74.9047,4029,1750,3102,1644,1895,1982
74.9249,4029,1750,3102,1644,1895,1982
74.9456,4029,1750,3102,1644,1895,1982
74.9665,4029,1750,3102,1644,1895,1982
74.9868,4029,1750,3102,1644,1895,1982
75.0069,4029,1750,3102,1644,1895,1982
75.0273,4029,1750,3102,1644,1895,1982
75.0476,4029,1750,3102,1644,1895,1982
75.0682,4029,1750,3102,1644,1895,1982
75.0887,4029,1750,3102,1644,1895,1982
75.1091,4029,1750,3102,1644,1895,1982
75.1299,4029,1750,3102,1644,1895,1982
75.1502,4029,1750,3102,1644,1895,1982
75.1703,4029,1750,3102,1644,1895,1982
75.1904,4029,1750,3102,1644,1895,1982
75.2109,4029,1750,3102,1644,1895,1982
75.2312,4029,1750,3102,1644,1895,1982
75.2519,4029,1750,3102,1644,1896,1982
75.2726,4029,1750,3102,1644,1896,1982
75.2929,4029,1750,3102,1644,1896,1982
75.3132,4029,1750,3102,1644,1896,1982
75.3336,4029,1750,3102,1644,1896,1982
75.3542,4029,1750,3102,1644,1896,1982
75.3747,4029,1750,3102,1644,1896,1982
75.3948,4029,1750,3102,1644,1896,1982
75.4148,4029,1750,3102,1644,1896,1982
75.4354,4029,1750,3102,1644,1896,1982
75.4555,4029,1750,3102,1644,1896,1982
75.4759,4029,1750,3102,1644,1896,1982
75.4967,4029,1750,3102,1644,1896,1982
75.5171,4029,1750,3102,1644,1896,1982
75.5375,4029,1750,3102,1644,1896,1982
75.5580,4029,1750,3102,1644,1896,1982
75.5784,4029,1750,3102,1644,1896,1982
75.5984,4029,1750,3102,1644,1896,1982
75.6188,4029,1750,3102,1644,1896,1982
75.6391,4029,1750,3102,1644,1896,1982
75.6597,4029,1750,3102,1644,1896,1982
75.6800,4029,1750,3102,1644,1896,1982
75.7002,4029,1750,3102,1644,1896,1982
75.7205,4029,1750,3102,1644,1896,1982
75.7412,4029,1750,3102,1644,1896,1982
75.7616,4029,1750,3102,1644,1896,1982
75.7817,4029,1750,3102,1644,1896,1982
75.8021,4029,1750,3102,1644,1896,1982
75.8223,4029,1750,3102,1644,1896,1982
75.8427,4029,1750,3102,1644,1896,1982
75.8628,4029,1750,3102,1644,1896,1982
75.8833,4029,1750,3102,1644,1896,1982
75.9036,4029,1750,3102,1644,1896,1982
75.9240,4029,1750,3102,1644,1896,1982
75.9440,4029,1750,3102,1644,1896,1982
75.9642,4029,1750,3102,1644,1896,1982
75.9845,4029,1750,3102,1644,1896,1982
76.0050,4029,1750,3102,1644,1896,1982
76.0254,4029,1750,3102,1644,1896,1982
76.0458,4029,1750,3102,1644,1896,1982
76.0662,4029,1750,3102,1644,1896,1982
76.0865,4029,1750,3102,1644,1896,1982
76.1067,4029,1750,3102,1644,1896,1982
76.1278,4029,1750,3102,1644,1896,1982
76.1482,4029,1750,3102,1644,1896,1982
76.1688,4029,1750,3102,1644,1896,1982
76.1890,4029,1750,3102,1644,1896,1982
76.2093,4029,1750,3102,1644,1896,1982
76.2299,4029,1750,3102,1644,1896,1982
76.2500,4029,1750,3102,1644,1896,1982
76.2705,4029,1750,3102,1644,1896,1982
76.2909,4029,1750,3102,1644,1896,1982
76.3115,4029,1750,3102,1644,1896,1982
76.3322,4029,1750,3102,1644,1896,1982
76.3526,4029,1750,3102,1644,1896,1982
76.3731,4029,1750,3102,1644,1896,1982
76.3934,4029,1750,3102,1644,1896,1982
76.4139,4029,1750,3102,1644,1896,1982
76.4342,4029,1750,3102,1644,1896,1982
76.4544,4029,1750,3102,1644,1896,1982
76.4753,4029,1750,3102,1644,1896,1982
76.4957,4029,1750,3102,1644,1896,1982
76.5172,4029,1750,3102,1644,1896,1982
76.5375,4029,1750,3102,1644,1896,1982
76.5580,4029,1750,3102,1644,1896,1982
76.5780,4029,1750,3102,1644,1896,1982
76.5982,4029,1750,3102,1644,1896,1982
76.6185,4029,1750,3102,1644,1896,1982
76.6385,4029,1750,3102,1644,1896,1982
76.6592,4029,1750,3102,1644,1896,1982
76.6796,4029,1750,3102,1644,1896,1982
76.7000,4029,1750,3102,1644,1896,1982
76.7220,4029,1750,3102,1644,1896,1982
76.7421,4029,1750,3102,1644,1896,1982
76.7626,4029,1750,3102,1644,1896,1982
76.7830,4029,1750,3102,1644,1896,1982
76.8035,4029,1750,3102,1644,1896,1982
76.8236,4029,1750,3102,1644,1896,1982
76.8440,4029,1750,3102,1644,1896,1982
76.8648,4029,1750,3102,1644,1896,1982
76.8850,4029,1750,3102,1644,1896,1982
76.9052,4029,1750,3102,1644,1896,1982
76.9255,4029,1750,3102,1644,1896,1982
76.9462,4029,1750,3102,1644,1896,1982
76.9664,4029,1750,3102,1644,1896,1982
76.9868,4029,1750,3102,1644,1896,1982
77.0071,4029,1750,3102,1644,1896,1982
77.0278,4029,1750,3102,1644,1896,1982
77.0483,4029,1750,3102,1644,1896,1982
77.0685,4029,1750,3102,1644,1896,1982
77.0890,4029,1750,3102,1644,1896,1982
77.1095,4029,1750,3102,1644,1896,1982
77.1299,4029,1750,3102,1644,1896,1982
77.1505,4029,1750,3102,1644,1896,1982
77.1714,4029,1750,3102,1644,1896,1982
77.1919,4029,1750,3102,1644,1896,1982
77.2123,4029,1750,3102,1644,1896,1982
77.2329,4029,1750,3102,1644,1896,1982
77.2534,4029,1750,3102,1644,1896,1982
77.2737,4029,1750,3102,1644,1896,1982
77.2943,4029,1750,3102,1644,1897,1982
77.3144,4029,1750,3102,1644,1897,1982
77.3346,4029,1750,3102,1644,1897,1982
77.3552,4029,1750,3102,1644,1897,1982
77.3755,4029,1750,3102,1644,1897,1982
77.3962,4029,1750,3102,1644,1897,1982
77.4168,4029,1750,3102,1644,1897,1982
77.4372,4029,1750,3102,1644,1897,1982
77.4575,4029,1750,3102,1644,1897,1982
77.4778,4029,1750,3102,1644,1897,1982
77.4981,4029,1750,3102,1644,1897,1982
77.5185,4029,1750,3102,1644,1897,1982
77.5390,4029,1750,3102,1644,1897,1982
77.5594,4029,1750,3102,1644,1897,1982
