timestamp_sec,id_1,id_2,id_3,id_4,id_5,id_6
0.0001,29,1748,3103,1644,2198,1981
0.0207,29,1748,3103,1644,2198,1981
0.0411,29,1748,3103,1644,2198,1981
0.0616,29,1748,3103,1644,2198,1981
0.0820,29,1748,3103,1644,2198,1981
0.1028,29,1748,3103,1644,2198,1981
0.1231,29,1748,3103,1644,2198,1981
0.1436,29,1748,3103,1644,2198,1981
0.1638,29,1748,3103,1644,2198,1981
0.1843,29,1748,3103,1644,2198,1981
0.2046,29,1748,3103,1644,2198,1981
0.2249,29,1748,3103,1644,2198,1981
0.2450,29,1748,3103,1644,2198,1981
0.2654,29,1748,3103,1644,2198,1981
0.2859,29,1748,3103,1644,2198,1981
0.3064,29,1748,3103,1644,2198,1981
0.3268,29,1748,3103,1644,2198,1981
0.3471,29,1748,3103,1644,2198,1981
0.3677,29,1748,3103,1644,2198,1981
0.3879,29,1748,3103,1644,2198,1981
0.4085,29,1748,3103,1644,2198,1981
0.4288,29,1748,3103,1644,2198,1981
0.4490,29,1748,3103,1644,2198,1981
0.4693,29,1748,3103,1644,2198,1981
0.4898,29,1748,3103,1644,2198,1981
0.5104,29,1748,3103,1644,2198,1981
0.5304,29,1748,3103,1644,2198,1981
0.5512,29,1748,3103,1644,2198,1981
0.5713,29,1748,3103,1644,2198,1981
0.5920,29,1748,3103,1644,2198,1981
0.6124,29,1748,3103,1644,2198,1981
0.6329,29,1748,3103,1644,2198,1981
0.6532,29,1748,3103,1644,2198,1981
0.6745,29,1748,3103,1644,2198,1981
0.6952,29,1748,3103,1644,2198,1981
0.7154,29,1748,3103,1644,2198,1981
0.7355,29,1748,3103,1644,2198,1981
0.7559,29,1748,3103,1644,2198,1981
0.7762,29,1748,3103,1644,2198,1981
0.7964,29,1748,3103,1644,2198,1981
0.8169,29,1748,3103,1644,2198,1981
0.8370,29,1748,3103,1644,2198,1981
0.8575,29,1748,3103,1644,2198,1981
0.8781,29,1748,3103,1644,2198,1981
0.8983,29,1748,3103,1644,2198,1981
0.9190,29,1748,3103,1644,2198,1981
0.9395,29,1748,3103,1644,2198,1981
0.9600,29,1748,3103,1644,2198,1981
0.9805,29,1748,3103,1644,2198,1981
1.0012,29,1748,3103,1644,2198,1981
1.0218,29,1748,3103,1644,2198,1981
1.0422,29,1748,3103,1644,2198,1981
1.0628,29,1748,3103,1644,2198,1981
1.0832,29,1748,3103,1644,2198,1981
1.1034,29,1748,3103,1644,2198,1981
1.1235,29,1748,3103,1644,2198,1981
1.1441,29,1748,3103,1644,2198,1981
1.1645,29,1748,3103,1644,2198,1981
1.1849,29,1748,3103,1644,2198,1981
1.2054,29,1748,3103,1644,2198,1981
1.2257,29,1748,3103,1644,2198,1981
1.2461,29,1748,3103,1644,2198,1981
1.2664,29,1748,3103,1644,2198,1981
1.2867,29,1748,3103,1644,2198,1981
1.3071,29,1748,3103,1644,2198,1981
1.3274,29,1748,3103,1644,2198,1981
1.3479,29,1748,3103,1644,2198,1981
1.3681,29,1748,3103,1644,2198,1981
1.3881,29,1748,3103,1644,2198,1981
1.4082,29,1748,3103,1644,2198,1981
1.4283,29,1748,3103,1644,2198,1981
1.4487,29,1748,3103,1644,2198,1981
1.4689,29,1748,3103,1644,2198,1981
1.4889,29,1748,3103,1644,2198,1981
1.5096,29,1748,3103,1644,2198,1981
1.5297,29,1748,3103,1644,2198,1981
1.5503,29,1748,3103,1644,2198,1981
1.5707,29,1748,3103,1644,2198,1981
1.5908,29,1748,3103,1644,2198,1981
1.6109,29,1748,3103,1644,2198,1981
1.6311,29,1748,3103,1644,2198,1981
1.6515,29,1748,3103,1644,2198,1981
1.6716,29,1748,3103,1644,2198,1981
1.6917,29,1748,3103,1644,2198,1981
1.7119,29,1748,3103,1644,2198,1981
1.7324,29,1748,3103,1644,2198,1981
1.7525,29,1748,3103,1644,2198,1981
1.7729,29,1748,3103,1644,2198,1981
1.7930,29,1748,3103,1644,2198,1981
1.8136,29,1748,3103,1644,2198,1981
1.8340,29,1748,3103,1644,2198,1981
1.8545,29,1748,3103,1644,2198,1981
1.8749,29,1748,3103,1644,2198,1981
1.8950,29,1748,3103,1644,2198,1981
1.9156,29,1748,3103,1644,2198,1981
1.9358,29,1748,3103,1644,2198,1981
1.9561,29,1748,3103,1644,2198,1981
1.9765,29,1748,3103,1644,2198,1981
1.9970,29,1748,3103,1644,2198,1981
2.0175,29,1748,3103,1644,2198,1981
2.0378,29,1748,3103,1644,2198,1981
2.0581,29,1748,3103,1644,2198,1981
2.0783,29,1748,3103,1644,2198,1981
2.0987,29,1748,3103,1644,2198,1981
2.1191,29,1748,3103,1644,2198,1981
2.1395,29,1748,3103,1644,2198,1981
2.1597,29,1748,3103,1644,2198,1981
2.1799,29,1748,3103,1644,2198,1981
2.2002,29,1748,3103,1644,2198,1981
2.2209,29,1748,3103,1644,2198,1981
2.2410,29,1748,3103,1644,2198,1981
2.2611,29,1748,3103,1644,2198,1981
2.2812,29,1748,3103,1644,2198,1981
2.3015,29,1748,3103,1644,2198,1981
2.3216,29,1748,3103,1644,2198,1981
2.3419,29,1748,3103,1644,2198,1981
2.3624,29,1748,3103,1644,2198,1981
2.3825,29,1748,3103,1644,2198,1981
2.4026,29,1748,3103,1644,2198,1981
2.4232,29,1748,3103,1644,2198,1981
2.4439,29,1748,3103,1644,2198,1981
2.4640,29,1748,3103,1644,2198,1981
2.4845,29,1748,3103,1644,2198,1981
2.5046,29,1748,3103,1644,2198,1981
2.5250,29,1748,3103,1644,2198,1981
2.5456,29,1748,3103,1644,2198,1981
2.5658,29,1748,3103,1644,2198,1981
2.5859,29,1748,3103,1644,2198,1981
2.6060,29,1748,3103,1644,2198,1981
2.6263,29,1748,3103,1644,2198,1981
2.6467,29,1748,3103,1644,2198,1981
2.6676,29,1748,3103,1644,2198,1981
2.6879,29,1748,3103,1644,2198,1981
2.7083,29,1748,3103,1644,2198,1981
2.7288,29,1748,3103,1644,2197,1981
2.7489,29,1748,3103,1644,2190,1981
2.7691,29,1748,3103,1644,2187,1981
2.7897,29,1748,3103,1644,2187,1981
2.8098,29,1748,3103,1644,2193,1981
2.8304,29,1748,3103,1644,2202,1981
2.8505,29,1748,3103,1644,2213,1981
2.8715,29,1748,3103,1644,2225,1981
2.8920,29,1748,3103,1644,2235,1981
2.9128,29,1748,3103,1644,2250,1981
2.9329,29,1748,3103,1644,2264,1981
2.9534,29,1748,3103,1644,2279,1981
2.9743,29,1748,3103,1644,2296,1980
2.9947,28,1748,3103,1644,2316,1980
3.0151,28,1748,3103,1644,2336,1980
3.0355,28,1748,3103,1644,2355,1980
3.0559,28,1748,3103,1644,2374,1980
3.0764,28,1748,3103,1644,2393,1980
3.0965,28,1748,3103,1644,2409,1980
3.1168,28,1748,3103,1644,2425,1980
3.1381,28,1748,3103,1644,2439,1980
3.1582,28,1748,3103,1644,2456,1980
3.1786,28,1748,3103,1644,2473,1980
3.1989,28,1748,3103,1644,2490,1980
3.2191,28,1748,3103,1644,2505,1980
3.2392,28,1748,3103,1644,2518,1980
3.2596,28,1748,3103,1644,2535,1980
3.2800,28,1748,3103,1644,2550,1980
3.3002,28,1748,3103,1644,2564,1980
3.3204,28,1748,3103,1644,2578,1980
3.3407,28,1748,3103,1644,2591,1980
3.3607,28,1748,3103,1644,2603,1980
3.3812,28,1748,3103,1644,2618,1980
3.4014,28,1748,3103,1644,2632,1981
3.4218,28,1748,3103,1644,2644,1981
3.4422,28,1748,3103,1644,2660,1981
3.4626,28,1748,3103,1644,2676,1981
3.4834,28,1748,3103,1644,2691,1981
3.5035,28,1748,3103,1644,2706,1981
3.5239,28,1748,3103,1644,2722,1981
3.5444,28,1748,3103,1644,2738,1981
3.5648,28,1748,3103,1644,2756,1981
3.5852,28,1748,3103,1644,2774,1981
3.6055,28,1748,3103,1644,2792,1981
3.6258,28,1748,3103,1644,2808,1981
3.6464,28,1748,3103,1644,2828,1981
3.6668,28,1748,3103,1644,2845,1981
3.6874,28,1748,3103,1644,2865,1981
3.7075,28,1748,3103,1644,2886,1981
3.7276,28,1748,3103,1644,2903,1981
3.7479,28,1748,3103,1644,2918,1981
3.7680,28,1748,3103,1644,2937,1981
3.7882,28,1748,3103,1644,2955,1981
3.8090,28,1748,3103,1644,2974,1981
3.8291,28,1748,3103,1644,2992,1981
3.8493,28,1748,3103,1644,3011,1981
3.8698,28,1748,3103,1644,3029,1981
3.8903,28,1748,3103,1644,3046,1981
3.9107,28,1748,3103,1644,3063,1981
3.9308,28,1748,3103,1644,3080,1981
3.9512,28,1748,3103,1644,3097,1981
3.9716,28,1748,3103,1644,3113,1981
3.9916,28,1748,3103,1644,3127,1981
4.0118,28,1748,3103,1644,3141,1981
4.0322,28,1748,3103,1644,3153,1981
4.0527,28,1748,3103,1644,3164,1981
4.0733,28,1748,3103,1644,3173,1981
4.0937,28,1748,3103,1644,3183,1981
4.1141,28,1748,3103,1644,3190,1981
4.1341,28,1748,3103,1644,3196,1981
4.1546,28,1748,3103,1644,3201,1981
4.1752,28,1748,3103,1644,3207,1981
4.1959,28,1748,3103,1644,3212,1981
4.2164,28,1748,3103,1644,3214,1981
4.2365,28,1748,3103,1644,3215,1981
4.2566,28,1748,3103,1644,3217,1981
4.2768,28,1748,3103,1644,3219,1981
4.2969,28,1748,3103,1644,3221,1981
4.3173,28,1748,3103,1644,3222,1981
4.3378,28,1748,3103,1644,3222,1981
4.3578,29,1748,3103,1644,3222,1981
4.3784,29,1748,3103,1644,3222,1981
4.3992,29,1748,3103,1644,3221,1981
4.4196,29,1748,3103,1644,3219,1981
4.4403,29,1748,3103,1644,3214,1981
4.4607,29,1748,3103,1644,3211,1981
4.4812,29,1748,3103,1644,3207,1981
4.5015,29,1748,3103,1644,3202,1981
4.5220,29,1748,3103,1644,3200,1981
4.5422,30,1748,3103,1644,3198,1981
4.5625,30,1748,3103,1644,3196,1981
4.5832,30,1748,3103,1644,3195,1981
4.6035,30,1748,3103,1644,3193,1981
4.6236,30,1748,3103,1644,3191,1981
4.6440,30,1748,3103,1644,3188,1981
4.6644,30,1748,3103,1644,3183,1981
4.6847,30,1748,3103,1644,3178,1981
4.7053,30,1748,3103,1644,3174,1981
4.7256,30,1748,3103,1644,3170,1981
4.7463,30,1748,3103,1644,3166,1981
4.7665,30,1748,3103,1644,3163,1981
4.7867,30,1748,3103,1644,3161,1981
4.8070,30,1748,3103,1644,3160,1981
4.8275,30,1748,3103,1644,3159,1981
4.8480,30,1748,3103,1644,3159,1981
4.8682,30,1748,3103,1644,3158,1981
4.8891,30,1748,3103,1644,3158,1981
4.9092,30,1748,3103,1644,3158,1981
4.9298,30,1748,3103,1644,3157,1981
4.9502,30,1748,3103,1644,3155,1981
4.9710,30,1748,3103,1644,3153,1981
4.9914,34,1748,3103,1644,3148,1981
5.0119,41,1748,3103,1644,3138,1981
5.0319,50,1748,3103,1644,3129,1981
5.0526,59,1748,3103,1644,3118,1981
5.0731,65,1748,3103,1644,3111,1981
5.0939,69,1748,3103,1644,3107,1981
5.1139,70,1748,3103,1644,3104,1981
5.1343,71,1748,3103,1644,3101,1981
5.1550,72,1748,3103,1644,3100,1981
5.1754,72,1748,3103,1644,3099,1981
5.1959,73,1748,3103,1644,3095,1981
5.2166,77,1748,3103,1644,3090,1981
5.2369,82,1749,3103,1644,3083,1981
5.2573,88,1749,3103,1644,3077,1981
5.2776,92,1749,3103,1644,3075,1981
5.2980,93,1749,3103,1644,3075,1981
5.3181,93,1749,3103,1644,3077,1981
5.3385,93,1749,3103,1644,3078,1981
5.3586,93,1749,3103,1644,3078,1981
5.3790,93,1749,3103,1644,3078,1981
5.3990,93,1749,3103,1644,3079,1981
5.4190,93,1749,3103,1644,3079,1981
5.4393,93,1749,3103,1644,3080,1981
5.4597,93,1749,3103,1644,3080,1981
5.4802,93,1749,3103,1644,3080,1981
5.5005,93,1749,3103,1644,3080,1981
5.5209,92,1749,3103,1644,3081,1981
5.5411,89,1749,3103,1644,3086,1981
5.5619,82,1749,3103,1644,3094,1981
5.5820,71,1749,3103,1644,3104,1981
5.6033,58,1749,3103,1644,3115,1981
5.6236,47,1748,3103,1644,3124,1981
5.6440,38,1748,3103,1644,3129,1981
5.6641,34,1748,3103,1644,3131,1981
5.6843,31,1748,3103,1644,3133,1981
5.7046,31,1748,3103,1644,3134,1981
5.7250,30,1748,3103,1644,3136,1981
5.7452,27,1748,3103,1644,3140,1981
5.7655,24,1748,3103,1644,3144,1981
5.7858,20,1748,3103,1644,3147,1981
5.8060,16,1748,3103,1644,3150,1981
5.8266,13,1748,3103,1644,3153,1981
5.8469,11,1748,3103,1644,3154,1981
5.8672,10,1749,3103,1644,3153,1981
5.8876,12,1750,3103,1644,3151,1981
5.9081,13,1752,3103,1644,3151,1981
5.9286,12,1754,3103,1644,3147,1981
5.9491,9,1757,3103,1644,3144,1981
5.9695,5,1760,3103,1644,3143,1981
5.9900,1,1763,3103,1644,3141,1981
6.0102,4094,1767,3103,1644,3138,1981
6.0303,4093,1773,3103,1644,3134,1981
6.0508,4093,1778,3103,1644,3127,1981
6.0711,4093,1784,3103,1644,3122,1981
6.0915,4093,1788,3105,1644,3118,1981
6.1118,4092,1794,3105,1644,3114,1981
6.1323,4092,1799,3105,1644,3110,1981
6.1527,4093,1804,3105,1644,3108,1981
6.1736,4095,1810,3105,1644,3105,1981
6.1940,0,1816,3105,1644,3101,1981
6.2151,0,1822,3105,1644,3098,1981
6.2356,0,1828,3106,1644,3094,1981
6.2560,0,1834,3106,1644,3093,1981
6.2764,0,1840,3106,1644,3091,1981
6.2965,1,1844,3106,1644,3089,1981
6.3170,3,1850,3106,1644,3086,1981
6.3371,7,1854,3106,1644,3082,1981
6.3576,11,1859,3106,1644,3078,1981
6.3782,14,1864,3106,1644,3074,1981
6.3985,19,1868,3106,1644,3072,1981
6.4190,21,1872,3106,1644,3071,1981
6.4395,22,1877,3106,1644,3070,1981
6.4598,23,1882,3106,1644,3068,1981
6.4806,24,1887,3106,1644,3065,1981
6.5009,24,1893,3106,1644,3064,1981
6.5212,24,1898,3106,1644,3064,1981
6.5417,22,1903,3106,1644,3064,1981
6.5617,22,1908,3106,1644,3061,1981
6.5820,22,1913,3106,1644,3058,1981
6.6025,23,1920,3106,1644,3053,1981
6.6226,24,1925,3106,1644,3051,1981
6.6429,25,1930,3106,1644,3048,1981
6.6633,25,1937,3106,1644,3043,1981
6.6835,24,1945,3106,1644,3035,1981
6.7041,24,1953,3106,1644,3025,1981
6.7242,24,1962,3106,1644,3017,1981
6.7445,23,1971,3106,1644,3008,1981
6.7649,24,1979,3106,1644,2999,1981
6.7850,25,1986,3106,1644,2993,1981
6.8051,28,1993,3106,1644,2988,1981
6.8253,31,2000,3106,1644,2983,1981
6.8455,34,2006,3106,1644,2978,1981
6.8658,37,2012,3106,1644,2973,1981
6.8859,41,2018,3106,1644,2969,1981
6.9060,43,2024,3106,1644,2966,1981
6.9262,45,2030,3106,1644,2964,1981
6.9468,47,2035,3106,1644,2964,1981
6.9673,48,2040,3106,1645,2964,1981
6.9873,49,2044,3105,1645,2965,1981
7.0078,49,2050,3104,1645,2966,1981
7.0282,49,2055,3104,1645,2966,1981
7.0485,47,2062,3102,1645,2966,1981
7.0691,44,2068,3101,1645,2965,1981
7.0896,40,2074,3100,1645,2964,1981
7.1101,36,2081,3099,1645,2964,1981
7.1306,31,2087,3097,1645,2965,1981
7.1510,27,2093,3096,1645,2966,1981
7.1712,22,2100,3094,1645,2967,1981
7.1919,19,2106,3094,1645,2967,1981
7.2120,15,2112,3093,1645,2969,1981
7.2328,11,2117,3092,1645,2970,1981
7.2532,8,2123,3091,1645,2972,1981
7.2736,3,2129,3090,1645,2973,1981
7.2940,4094,2136,3089,1645,2975,1981
7.3144,4089,2142,3089,1645,2976,1981
7.3348,4084,2149,3088,1645,2978,1981
7.3554,4080,2154,3088,1645,2979,1981
7.3756,4076,2161,3088,1645,2981,1981
7.3960,4072,2167,3087,1645,2981,1981
7.4160,4069,2173,3086,1645,2981,1981
7.4362,4064,2181,3086,1645,2981,1981
7.4562,4062,2188,3086,1645,2979,1981
7.4763,4061,2194,3085,1645,2976,1981
7.4967,4059,2201,3085,1645,2974,1981
7.5171,4059,2207,3085,1645,2971,1981
7.5375,4058,2213,3084,1645,2968,1981
7.5578,4058,2219,3084,1645,2965,1981
7.5781,4058,2226,3083,1645,2961,1981
7.5982,4058,2232,3083,1645,2957,1981
7.6187,4059,2239,3083,1645,2951,1981
7.6393,4061,2245,3083,1645,2947,1981
7.6596,4062,2250,3083,1645,2943,1981
7.6798,4063,2256,3082,1645,2939,1981
7.7002,4063,2262,3082,1645,2936,1981
7.7206,4064,2269,3082,1645,2933,1981
7.7406,4065,2274,3082,1645,2931,1981
7.7612,4065,2280,3082,1645,2931,1981
7.7819,4065,2285,3082,1645,2930,1981
7.8023,4064,2290,3081,1645,2931,1981
7.8225,4063,2295,3081,1645,2931,1981
7.8426,4062,2300,3081,1645,2931,1981
7.8631,4062,2305,3081,1645,2931,1981
7.8835,4062,2310,3081,1645,2930,1981
7.9038,4062,2314,3081,1645,2930,1981
7.9242,4062,2318,3080,1645,2930,1981
7.9448,4062,2323,3080,1645,2930,1981
7.9653,4061,2328,3080,1645,2929,1981
7.9856,4060,2334,3079,1645,2929,1981
8.0060,4058,2339,3079,1645,2929,1981
8.0265,4056,2345,3079,1645,2928,1981
8.0469,4055,2352,3079,1645,2926,1981
8.0671,4054,2357,3079,1645,2925,1981
8.0875,4054,2363,3079,1645,2924,1981
8.1078,4054,2367,3079,1645,2924,1981
8.1284,4054,2372,3079,1645,2921,1981
8.1485,4054,2379,3079,1645,2918,1981
8.1690,4054,2385,3079,1645,2915,1981
8.1895,4054,2392,3078,1645,2914,1981
8.2095,4054,2397,3078,1645,2914,1981
8.2297,4053,2403,3078,1645,2913,1981
8.2498,4053,2409,3078,1645,2913,1981
8.2701,4052,2415,3078,1645,2913,1981
8.2905,4051,2421,3078,1645,2913,1981
8.3109,4050,2427,3078,1645,2912,1981
8.3310,4049,2433,3078,1645,2912,1981
8.3514,4049,2440,3078,1645,2910,1981
8.3716,4048,2446,3078,1645,2908,1981
8.3920,4048,2453,3077,1645,2905,1981
8.4126,4047,2460,3077,1645,2901,1981
8.4328,4045,2467,3077,1645,2898,1981
8.4532,4044,2475,3077,1645,2894,1981
8.4739,4042,2482,3077,1645,2891,1981
8.4945,4040,2490,3077,1645,2887,1981
8.5150,4037,2499,3076,1645,2884,1981
8.5357,4034,2508,3076,1645,2881,1981
8.5560,4029,2515,3076,1645,2881,1981
8.5764,4027,2522,3075,1645,2881,1981
8.5965,4025,2528,3075,1645,2881,1981
8.6166,4024,2532,3075,1645,2883,1981
8.6371,4022,2535,3075,1645,2885,1981
8.6574,4020,2539,3075,1646,2887,1981
8.6775,4018,2542,3075,1647,2887,1981
8.6980,4016,2545,3075,1650,2887,1981
8.7182,4013,2547,3075,1654,2887,1981
8.7386,4011,2549,3075,1659,2886,1981
8.7587,4009,2552,3075,1662,2885,1981
8.7789,4007,2555,3075,1665,2883,1981
8.7990,4005,2557,3075,1670,2880,1981
8.8197,4003,2557,3075,1676,2878,1981
8.8400,4002,2558,3075,1681,2876,1981
8.8603,4002,2559,3075,1686,2874,1981
8.8808,4002,2560,3075,1692,2871,1981
8.9010,4002,2560,3075,1698,2868,1981
8.9213,4004,2560,3075,1703,2865,1981
8.9414,4005,2560,3075,1708,2859,1981
8.9619,4005,2561,3075,1715,2854,1981
8.9823,4005,2562,3075,1722,2848,1981
9.0029,4005,2563,3075,1730,2842,1981
9.0230,4005,2563,3075,1737,2838,1981
9.0432,4005,2563,3075,1745,2836,1981
9.0637,4005,2564,3075,1752,2836,1981
9.0841,4005,2564,3075,1757,2836,1981
9.1046,4005,2564,3075,1759,2836,1981
9.1251,4006,2564,3075,1762,2836,1981
9.1453,4008,2564,3075,1765,2835,1981
9.1661,4009,2564,3075,1768,2835,1981
9.1866,4009,2564,3075,1774,2835,1981
9.2072,4010,2563,3075,1781,2835,1981
9.2280,4011,2562,3075,1788,2835,1981
9.2481,4011,2560,3075,1794,2835,1981
9.2688,4011,2559,3075,1801,2835,1981
9.2892,4009,2557,3075,1809,2835,1981
9.3094,4008,2554,3075,1820,2834,1981
9.3299,4008,2550,3075,1830,2834,1981
9.3502,4010,2545,3075,1841,2833,1981
9.3704,4012,2541,3075,1851,2832,1981
9.3907,4013,2536,3075,1863,2832,1981
9.4113,4013,2531,3075,1876,2831,1981
9.4314,4011,2526,3075,1889,2830,1981
9.4517,4009,2521,3075,1903,2829,1981
9.4719,4007,2515,3075,1917,2828,1981
9.4919,4005,2509,3075,1932,2828,1981
9.5121,4004,2504,3075,1945,2828,1981
9.5324,4003,2498,3075,1959,2828,1981
9.5526,4003,2493,3075,1972,2828,1981
9.5728,4002,2488,3075,1982,2828,1981
9.5928,4001,2484,3075,1995,2828,1981
9.6132,3999,2480,3075,2008,2829,1981
9.6337,3996,2478,3074,2022,2830,1981
9.6539,3994,2477,3073,2033,2829,1981
9.6746,3992,2476,3071,2044,2829,1981
9.6951,3990,2475,3069,2053,2829,1981
9.7153,3988,2475,3066,2064,2829,1981
9.7354,3985,2475,3063,2074,2828,1981
9.7557,3984,2475,3061,2083,2828,1981
9.7765,3982,2474,3058,2094,2828,1981
9.7967,3981,2471,3054,2107,2828,1981
9.8169,3980,2467,3051,2120,2828,1981
9.8370,3978,2463,3047,2133,2828,1981
9.8574,3977,2461,3045,2141,2828,1981
9.8777,3976,2461,3044,2148,2830,1981
9.8982,3974,2461,3043,2153,2830,1981
9.9186,3974,2461,3041,2159,2830,1981
9.9391,3972,2461,3040,2165,2830,1981
9.9596,3970,2461,3038,2170,2829,1981
9.9802,3969,2462,3038,2173,2828,1982
10.0006,3968,2463,3037,2177,2827,1982
10.0213,3966,2463,3035,2184,2826,1982
10.0416,3964,2463,3032,2189,2826,1982
10.0621,3962,2463,3028,2194,2826,1982
10.0826,3960,2464,3025,2199,2825,1982
10.1029,3959,2465,3020,2207,2824,1982
10.1233,3958,2466,3015,2216,2823,1982
10.1437,3957,2466,3009,2225,2823,1982
10.1642,3957,2466,3003,2234,2823,1983
10.1844,3956,2466,2995,2244,2823,1983
10.2048,3955,2466,2988,2252,2823,1983
10.2253,3955,2467,2981,2261,2823,1983
10.2456,3955,2467,2975,2270,2822,1983
10.2657,3955,2467,2968,2280,2822,1983
10.2861,3954,2468,2962,2287,2822,1983
10.3064,3954,2469,2957,2295,2822,1983
10.3269,3954,2469,2953,2301,2822,1983
10.3471,3953,2469,2950,2308,2823,1983
10.3676,3953,2469,2946,2313,2826,1983
10.3881,3953,2470,2943,2319,2829,1983
10.4085,3953,2470,2939,2327,2831,1983
10.4286,3952,2470,2935,2335,2831,1984
10.4489,3952,2470,2931,2345,2831,1984
10.4692,3952,2470,2926,2354,2831,1984
10.4895,3952,2470,2921,2363,2834,1984
10.5096,3952,2470,2916,2372,2836,1984
10.5303,3952,2470,2910,2381,2838,1984
10.5505,3952,2471,2904,2392,2841,1984
10.5711,3952,2472,2897,2403,2845,1984
10.5916,3952,2472,2890,2414,2848,1984
10.6120,3952,2473,2882,2425,2850,1984
10.6320,3951,2474,2875,2436,2853,1984
10.6523,3951,2476,2868,2444,2862,1984
10.6725,3951,2478,2861,2451,2872,1984
10.6933,3950,2480,2856,2458,2880,1984
10.7137,3948,2481,2851,2466,2884,1984
10.7341,3947,2483,2848,2468,2887,1984
10.7542,3946,2487,2846,2469,2889,1984
10.7746,3945,2490,2845,2469,2890,1984
10.7951,3945,2493,2844,2469,2891,1984
10.8161,3944,2496,2843,2469,2892,1984
10.8366,3944,2499,2842,2469,2892,1984
10.8568,3944,2501,2842,2469,2893,1984
10.8774,3944,2504,2841,2469,2893,1984
10.8976,3944,2508,2839,2469,2894,1984
10.9180,3944,2512,2835,2469,2896,1984
10.9387,3945,2517,2830,2469,2901,1984
10.9587,3945,2523,2825,2469,2904,1984
10.9790,3945,2529,2820,2471,2907,1984
10.9992,3946,2537,2815,2471,2909,1984
11.0197,3947,2544,2810,2471,2909,1984
11.0399,3948,2552,2806,2471,2909,1984
11.0599,3948,2558,2801,2471,2908,1984
11.0803,3948,2562,2796,2471,2909,1984
11.1006,3946,2567,2791,2472,2912,1984
11.1207,3945,2572,2786,2474,2914,1984
11.1415,3944,2578,2782,2476,2914,1984
11.1620,3942,2584,2778,2478,2910,1984
11.1823,3941,2589,2774,2479,2908,1984
11.2027,3941,2593,2771,2480,2908,1984
11.2227,3939,2597,2768,2481,2909,1984
11.2431,3938,2601,2766,2482,2913,1984
11.2636,3937,2604,2764,2482,2920,1984
11.2837,3937,2607,2762,2482,2927,1984
11.3037,3937,2611,2760,2482,2938,1984
11.3237,3937,2613,2759,2482,2954,1984
11.3442,3937,2616,2759,2482,2972,1984
11.3648,3937,2618,2757,2482,2982,1984
11.3854,3936,2619,2756,2483,2987,1984
11.4058,3935,2619,2756,2484,2994,1984
11.4261,3935,2619,2756,2484,3002,1984
11.4462,3933,2620,2756,2484,3007,1984
11.4664,3933,2621,2756,2487,3008,1983
11.4865,3932,2622,2756,2489,3011,1982
11.5072,3932,2623,2755,2491,3018,1982
11.5278,3932,2623,2755,2491,3025,1982
11.5481,3931,2624,2754,2492,3030,1982
11.5685,3931,2626,2754,2492,3033,1982
11.5887,3930,2627,2753,2492,3037,1981
11.6093,3930,2629,2750,2493,3042,1981
11.6299,3930,2632,2747,2494,3050,1981
11.6503,3930,2636,2742,2494,3060,1981
11.6704,3930,2642,2738,2494,3068,1981
11.6905,3930,2647,2733,2494,3083,1981
11.7106,3930,2653,2727,2495,3099,1981
11.7311,3930,2659,2723,2497,3109,1981
11.7515,3930,2665,2717,2501,3114,1981
11.7722,3929,2670,2713,2506,3117,1981
11.7927,3929,2677,2709,2507,3120,1981
11.8130,3929,2684,2705,2507,3129,1981
11.8334,3929,2691,2701,2507,3142,1981
11.8539,3929,2698,2697,2507,3160,1981
11.8741,3930,2704,2693,2507,3182,1981
11.8946,3931,2711,2689,2507,3197,1981
11.9147,3931,2716,2685,2509,3208,1981
11.9350,3931,2720,2684,2513,3215,1981
11.9552,3931,2723,2683,2514,3218,1981
11.9755,3931,2726,2683,2514,3216,1981
11.9960,3934,2729,2683,2514,3209,1981
12.0163,3936,2733,2683,2514,3201,1981
12.0367,3938,2735,2685,2514,3191,1981
12.0568,3940,2736,2688,2516,3185,1981
12.0769,3940,2737,2690,2522,3180,1981
12.0977,3940,2737,2691,2523,3177,1981
12.1180,3940,2739,2692,2524,3172,1981
12.1383,3940,2740,2693,2526,3164,1981
12.1586,3940,2742,2693,2529,3156,1981
12.1791,3940,2745,2693,2535,3151,1981
12.1991,3939,2747,2693,2539,3144,1981
12.2193,3938,2750,2690,2542,3137,1981
12.2398,3938,2754,2688,2545,3137,1981
12.2602,3937,2759,2686,2549,3138,1981
12.2803,3937,2764,2681,2552,3138,1981
12.3007,3937,2769,2678,2555,3133,1981
12.3215,3937,2776,2675,2557,3130,1981
12.3421,3937,2782,2672,2558,3132,1981
12.3624,3937,2789,2668,2560,3136,1981
12.3828,3937,2796,2663,2562,3138,1981
12.4031,3937,2805,2658,2564,3140,1981
12.4236,3939,2813,2653,2568,3137,1981
12.4444,3941,2821,2647,2571,3129,1981
12.4649,3942,2830,2641,2573,3119,1981
12.4852,3943,2839,2636,2573,3117,1981
12.5054,3945,2847,2630,2573,3119,1981
12.5257,3946,2855,2626,2575,3123,1981
12.5462,3947,2860,2619,2583,3124,1981
12.5664,3947,2864,2613,2591,3122,1981
12.5867,3947,2867,2609,2596,3119,1981
12.6072,3947,2871,2606,2601,3120,1981
12.6280,3947,2873,2602,2606,3122,1981
12.6482,3947,2875,2598,2611,3125,1981
12.6684,3946,2877,2594,2615,3125,1981
12.6888,3945,2878,2591,2618,3124,1981
12.7089,3945,2880,2588,2619,3123,1981
12.7291,3944,2881,2586,2620,3121,1981
12.7493,3943,2881,2584,2623,3120,1981
12.7697,3943,2882,2582,2626,3117,1981
12.7898,3943,2882,2582,2627,3117,1981
12.8105,3943,2882,2582,2628,3117,1981
12.8307,3943,2882,2581,2629,3119,1981
12.8512,3944,2882,2581,2630,3122,1981
12.8714,3945,2882,2580,2632,3122,1981
12.8921,3945,2882,2580,2635,3122,1981
12.9123,3947,2882,2580,2638,3122,1981
12.9324,3947,2882,2580,2640,3123,1981
12.9528,3948,2880,2580,2642,3124,1981
12.9735,3949,2879,2579,2645,3125,1981
12.9936,3950,2878,2577,2649,3124,1981
13.0141,3952,2877,2575,2656,3121,1981
13.0347,3954,2875,2575,2658,3120,1981
13.0555,3958,2872,2574,2662,3120,1981
13.0756,3961,2870,2572,2670,3116,1981
13.0961,3965,2868,2570,2679,3108,1981
13.1162,3969,2868,2567,2684,3101,1981
13.1367,3973,2868,2562,2691,3097,1981
13.1569,3977,2868,2557,2697,3095,1981
13.1775,3982,2867,2553,2703,3092,1981
13.1976,3986,2867,2549,2710,3086,1981
13.2179,3990,2867,2544,2714,3084,1981
13.2382,3991,2868,2538,2717,3084,1981
13.2589,3993,2870,2531,2719,3085,1981
13.2792,3994,2872,2525,2721,3085,1981
13.2999,3994,2874,2519,2723,3085,1981
13.3206,3994,2875,2513,2726,3085,1981
13.3412,3993,2875,2509,2729,3085,1981
13.3616,3992,2875,2505,2731,3087,1981
13.3820,3991,2875,2502,2733,3087,1981
13.4021,3991,2875,2500,2733,3087,1981
13.4221,3991,2875,2499,2734,3088,1981
13.4423,3991,2874,2498,2734,3088,1981
13.4627,3991,2874,2498,2735,3088,1981
13.4830,3991,2874,2497,2736,3088,1981
13.5033,3991,2874,2496,2737,3088,1981
13.5234,3991,2874,2496,2739,3088,1981
13.5438,3992,2874,2495,2741,3088,1981
13.5641,3993,2874,2494,2743,3088,1981
13.5846,3994,2874,2493,2745,3088,1981
13.6051,3995,2874,2493,2747,3088,1981
13.6256,3996,2873,2492,2750,3088,1981
13.6461,3998,2872,2490,2753,3088,1981
13.6669,3999,2871,2490,2755,3088,1981
13.6873,4001,2870,2488,2756,3088,1981
13.7078,4003,2870,2487,2757,3088,1981
13.7283,4005,2869,2486,2758,3088,1981
13.7488,4007,2868,2485,2760,3087,1981
13.7692,4009,2867,2484,2762,3087,1981
13.7897,4011,2867,2481,2764,3086,1981
13.8100,4012,2867,2478,2765,3084,1981
13.8304,4012,2869,2474,2767,3083,1981
13.8505,4013,2872,2471,2769,3082,1981
13.8707,4012,2876,2466,2771,3082,1981
13.8912,4012,2879,2461,2772,3082,1981
13.9120,4011,2883,2457,2774,3081,1981
13.9324,4009,2886,2453,2777,3080,1981
13.9526,4008,2889,2449,2780,3079,1981
13.9730,4007,2892,2446,2781,3078,1981
13.9934,4007,2895,2443,2782,3078,1981
14.0142,4006,2897,2439,2783,3078,1981
14.0348,4005,2900,2436,2784,3078,1981
14.0556,4004,2902,2434,2785,3078,1981
14.0758,4004,2904,2431,2785,3078,1981
14.0961,4003,2907,2428,2786,3078,1981
14.1166,4003,2909,2425,2788,3078,1981
14.1371,4003,2910,2422,2792,3079,1981
14.1572,4003,2911,2420,2794,3081,1981
14.1775,4003,2913,2417,2797,3083,1981
14.1976,4003,2915,2415,2800,3084,1981
14.2179,4002,2916,2412,2804,3084,1981
14.2381,4002,2917,2409,2807,3084,1981
14.2584,4002,2918,2406,2812,3085,1981
14.2784,4001,2918,2402,2818,3085,1981
14.2986,4001,2919,2398,2823,3085,1981
14.3188,4001,2920,2394,2828,3084,1981
14.3393,4001,2921,2389,2833,3083,1981
14.3597,4000,2922,2385,2839,3083,1981
14.3799,4000,2924,2379,2845,3082,1981
14.4003,4000,2926,2374,2851,3081,1981
14.4208,4000,2928,2368,2857,3081,1981
14.4418,4000,2929,2364,2865,3082,1981
14.4624,4000,2931,2360,2871,3083,1981
14.4828,4000,2933,2356,2878,3083,1981
14.5029,4000,2934,2354,2883,3083,1981
14.5234,4000,2936,2352,2889,3082,1981
14.5436,4000,2937,2350,2893,3082,1981
14.5638,4000,2938,2348,2895,3082,1981
14.5843,4000,2940,2345,2898,3083,1981
14.6048,4000,2940,2343,2903,3083,1981
14.6252,4001,2941,2340,2909,3083,1981
14.6453,4002,2941,2338,2916,3083,1981
14.6656,4002,2941,2335,2920,3083,1981
14.6859,4002,2941,2333,2925,3083,1981
14.7061,4003,2940,2331,2932,3083,1981
14.7265,4004,2939,2330,2942,3083,1981
14.7470,4004,2937,2329,2951,3085,1981
14.7675,4005,2935,2328,2960,3085,1981
14.7879,4005,2933,2328,2967,3086,1981
14.8083,4005,2931,2328,2976,3087,1981
14.8286,4005,2929,2329,2983,3087,1981
14.8487,4005,2927,2330,2987,3088,1981
14.8690,4004,2925,2332,2990,3089,1981
14.8891,4003,2924,2335,2994,3089,1981
14.9097,4001,2922,2337,3000,3089,1981
14.9298,3999,2920,2338,3004,3088,1981
14.9499,3998,2919,2341,3006,3088,1981
14.9699,3996,2918,2342,3009,3088,1981
14.9903,3994,2916,2343,3014,3089,1981
15.0106,3992,2915,2343,3019,3091,1981
15.0313,3991,2915,2343,3025,3094,1981
15.0517,3989,2914,2343,3034,3097,1981
15.0721,3988,2914,2342,3042,3099,1981
15.0925,3986,2913,2341,3049,3100,1981
15.1128,3985,2913,2339,3055,3102,1981
15.1331,3985,2913,2337,3062,3105,1981
15.1533,3984,2913,2335,3068,3107,1981
15.1736,3984,2913,2332,3073,3109,1981
15.1941,3983,2914,2329,3077,3110,1981
15.2149,3983,2915,2327,3079,3110,1981
15.2357,3982,2916,2324,3082,3111,1981
15.2561,3982,2917,2321,3084,3113,1981
15.2762,3981,2917,2318,3088,3114,1981
15.2964,3982,2917,2315,3092,3115,1981
15.3178,3983,2918,2311,3095,3117,1981
15.3381,3985,2919,2307,3099,3117,1981
15.3584,3987,2919,2302,3102,3119,1981
15.3786,3990,2920,2298,3106,3122,1981
15.3988,3992,2920,2292,3111,3123,1981
15.4195,3994,2920,2286,3115,3124,1981
15.4396,3997,2920,2281,3120,3125,1981
15.4599,3999,2921,2275,3124,3127,1981
15.4801,4002,2921,2268,3128,3128,1981
15.5007,4004,2922,2262,3132,3130,1981
15.5212,4007,2922,2256,3136,3131,1981
15.5415,4009,2922,2251,3140,3133,1981
15.5619,4011,2923,2245,3143,3134,1981
15.5823,4012,2923,2240,3146,3135,1981
15.6028,4013,2924,2235,3148,3135,1981
15.6231,4015,2924,2232,3149,3135,1981
15.6434,4016,2924,2228,3151,3136,1981
15.6637,4017,2924,2225,3153,3136,1981
15.6840,4018,2924,2223,3155,3136,1981
15.7042,4019,2924,2221,3157,3137,1981
15.7249,4020,2924,2220,3158,3137,1981
15.7452,4020,2924,2219,3159,3137,1981
15.7660,4021,2924,2218,3160,3138,1981
15.7862,4021,2924,2217,3161,3138,1981
15.8065,4022,2924,2216,3162,3139,1981
15.8266,4022,2924,2215,3164,3139,1981
15.8470,4022,2923,2215,3166,3140,1981
15.8670,4023,2922,2213,3168,3141,1981
15.8873,4023,2922,2212,3170,3141,1981
15.9075,4023,2921,2211,3171,3141,1981
15.9278,4024,2921,2210,3173,3142,1981
15.9480,4024,2920,2208,3175,3143,1981
15.9685,4024,2920,2207,3177,3144,1981
15.9887,4024,2919,2206,3180,3144,1981
16.0087,4024,2918,2205,3183,3144,1981
16.0290,4024,2918,2204,3185,3145,1981
16.0493,4024,2917,2202,3188,3146,1981
16.0698,4024,2916,2201,3192,3146,1981
16.0901,4025,2915,2200,3195,3146,1981
16.1106,4025,2914,2199,3198,3147,1981
16.1310,4025,2913,2197,3200,3149,1981
16.1512,4026,2913,2197,3204,3151,1981
16.1712,4026,2912,2195,3207,3153,1981
16.1916,4027,2911,2194,3210,3155,1981
16.2120,4028,2910,2193,3213,3156,1981
16.2322,4029,2909,2192,3215,3157,1981
16.2524,4030,2908,2192,3218,3158,1981
16.2726,4031,2906,2191,3221,3158,1981
16.2931,4032,2905,2190,3224,3159,1981
16.3136,4033,2903,2190,3227,3159,1981
16.3340,4034,2902,2189,3228,3159,1981
16.3540,4035,2900,2188,3230,3159,1981
16.3747,4037,2898,2187,3233,3160,1981
16.3957,4038,2897,2186,3235,3160,1981
16.4159,4039,2895,2185,3238,3161,1981
16.4360,4040,2893,2184,3240,3161,1981
16.4568,4042,2891,2184,3243,3162,1981
16.4770,4042,2889,2182,3245,3162,1981
16.4975,4044,2886,2181,3247,3163,1981
16.5180,4045,2884,2180,3249,3163,1981
16.5384,4046,2882,2178,3251,3163,1981
16.5584,4047,2879,2177,3253,3163,1981
16.5786,4047,2878,2176,3255,3163,1981
16.5991,4048,2876,2174,3256,3163,1981
16.6200,4049,2874,2173,3258,3163,1981
16.6402,4049,2873,2171,3260,3164,1981
16.6608,4050,2872,2169,3262,3164,1981
16.6808,4050,2871,2168,3263,3164,1981
16.7015,4051,2870,2167,3264,3164,1981
16.7220,4051,2869,2165,3265,3164,1981
16.7425,4051,2869,2164,3266,3164,1981
16.7626,4051,2868,2163,3266,3164,1981
16.7830,4051,2868,2162,3267,3164,1981
16.8034,4051,2868,2162,3267,3164,1981
16.8241,4051,2868,2162,3267,3164,1981
16.8444,4051,2868,2162,3267,3164,1981
16.8645,4050,2868,2162,3267,3164,1981
16.8849,4049,2867,2162,3267,3164,1981
16.9050,4049,2867,2162,3267,3164,1983
16.9254,4048,2867,2162,3267,3163,1984
16.9459,4047,2866,2163,3267,3163,1984
16.9660,4046,2866,2164,3267,3163,1985
16.9863,4045,2866,2164,3267,3162,1988
17.0066,4045,2866,2166,3266,3161,1989
17.0273,4043,2865,2168,3266,3158,1992
17.0473,4042,2865,2170,3265,3157,1994
17.0676,4041,2864,2172,3265,3157,1995
17.0877,4041,2863,2174,3265,3157,1996
17.1080,4039,2862,2177,3264,3157,2000
17.1281,4038,2862,2180,3263,3157,2002
17.1484,4037,2861,2183,3262,3157,2002
17.1690,4036,2859,2186,3262,3157,2002
17.1891,4035,2858,2189,3261,3157,2005
17.2095,4035,2858,2191,3261,3157,2007
17.2297,4034,2857,2195,3261,3157,2008
17.2498,4034,2855,2197,3261,3157,2012
17.2701,4033,2854,2200,3261,3157,2022
17.2902,4033,2854,2202,3261,3157,2040
17.3105,4032,2853,2204,3261,3157,2062
17.3308,4032,2853,2205,3261,3156,2085
17.3513,4031,2853,2206,3261,3155,2106
17.3719,4031,2853,2207,3261,3155,2111
17.3926,4031,2852,2208,3261,3155,2110
17.4128,4030,2852,2209,3260,3155,2112
17.4333,4030,2852,2209,3260,3155,2120
17.4536,4030,2852,2209,3259,3154,2131
17.4740,4030,2853,2209,3258,3154,2142
17.4945,4030,2853,2209,3258,3154,2155
17.5151,4030,2854,2209,3257,3154,2168
17.5354,4030,2854,2208,3257,3154,2187
17.5561,4030,2854,2208,3256,3154,2208
17.5764,4030,2855,2207,3256,3154,2229
17.5968,4029,2856,2207,3256,3154,2247
17.6173,4029,2856,2207,3256,3154,2260
17.6374,4029,2856,2207,3256,3154,2273
17.6576,4028,2856,2207,3256,3154,2287
17.6777,4028,2857,2207,3256,3155,2311
17.6981,4027,2857,2208,3256,3155,2337
17.7185,4027,2857,2208,3256,3156,2360
17.7388,4026,2858,2209,3255,3157,2376
17.7593,4025,2858,2209,3255,3159,2388
17.7797,4025,2858,2209,3255,3159,2399
17.8001,4024,2858,2210,3255,3160,2411
17.8206,4024,2858,2211,3255,3160,2424
17.8412,4023,2858,2212,3254,3161,2439
17.8615,4023,2858,2213,3253,3163,2453
17.8822,4022,2858,2214,3252,3164,2465
17.9026,4021,2858,2216,3252,3165,2477
17.9230,4021,2858,2217,3252,3165,2489
17.9433,4020,2858,2218,3251,3166,2503
17.9636,4019,2858,2220,3251,3167,2523
17.9838,4019,2858,2221,3250,3168,2544
18.0043,4017,2858,2223,3250,3168,2565
18.0248,4016,2858,2225,3249,3168,2589
18.0452,4015,2858,2226,3249,3168,2608
18.0656,4014,2858,2228,3248,3168,2630
18.0860,4013,2858,2230,3247,3168,2648
18.1069,4012,2858,2232,3247,3168,2668
18.1273,4011,2858,2234,3246,3168,2686
18.1477,4010,2858,2235,3245,3169,2699
18.1678,4009,2859,2237,3245,3169,2712
18.1880,4008,2859,2239,3244,3169,2727
18.2080,4007,2859,2240,3244,3169,2743
18.2281,4006,2859,2241,3243,3169,2757
18.2482,4005,2860,2242,3243,3169,2771
18.2683,4003,2860,2242,3242,3168,2783
18.2888,4002,2861,2243,3241,3166,2806
18.3090,4000,2862,2243,3241,3165,2828
18.3294,3999,2863,2243,3240,3163,2846
18.3502,3998,2864,2243,3240,3161,2860
18.3708,3996,2866,2242,3240,3159,2872
18.3913,3995,2867,2240,3240,3157,2883
18.4113,3994,2868,2239,3240,3155,2897
18.4319,3992,2870,2237,3240,3155,2916
18.4520,3991,2872,2235,3240,3154,2928
18.4725,3991,2873,2233,3240,3153,2935
18.4930,3989,2875,2231,3240,3150,2942
18.5134,3988,2876,2229,3240,3147,2956
18.5338,3987,2878,2227,3240,3145,2970
18.5546,3986,2880,2225,3240,3144,2974
18.5748,3985,2881,2223,3240,3142,2974
18.5952,3984,2883,2222,3240,3139,2974
18.6154,3984,2884,2220,3240,3137,2973
18.6358,3982,2885,2219,3240,3135,2970
18.6561,3981,2887,2219,3240,3134,2966
18.6762,3979,2888,2218,3240,3133,2962
18.6965,3978,2889,2218,3240,3132,2961
18.7171,3976,2891,2217,3240,3131,2961
18.7377,3974,2892,2217,3240,3130,2960
18.7580,3972,2894,2217,3239,3128,2959
18.7785,3970,2895,2217,3239,3127,2958
18.7990,3967,2896,2217,3238,3126,2958
18.8197,3965,2898,2217,3236,3126,2958
18.8397,3963,2900,2217,3235,3125,2958
18.8601,3960,2902,2217,3234,3124,2958
18.8808,3958,2904,2217,3234,3123,2958
18.9014,3956,2907,2217,3233,3122,2958
18.9219,3954,2909,2217,3231,3120,2955
18.9426,3952,2912,2217,3230,3119,2951
18.9627,3950,2916,2216,3228,3116,2949
18.9828,3948,2919,2215,3227,3113,2948
19.0036,3946,2922,2215,3226,3110,2946
19.0237,3944,2925,2214,3225,3108,2943
19.0442,3943,2927,2213,3224,3107,2942
19.0645,3941,2930,2212,3224,3106,2942
19.0849,3939,2933,2212,3222,3105,2942
19.1051,3938,2936,2212,3221,3105,2942
19.1252,3937,2939,2212,3219,3105,2942
19.1453,3935,2943,2212,3217,3104,2942
19.1660,3934,2946,2212,3215,3104,2942
19.1862,3933,2949,2211,3214,3104,2942
19.2070,3932,2952,2211,3212,3104,2942
19.2272,3931,2956,2211,3210,3104,2941
19.2475,3930,2959,2211,3208,3104,2939
19.2679,3929,2962,2211,3207,3104,2938
19.2882,3929,2966,2210,3205,3105,2936
19.3083,3929,2969,2208,3204,3106,2934
19.3284,3928,2972,2207,3203,3106,2933
19.3490,3928,2976,2206,3201,3106,2932
19.3692,3928,2979,2204,3201,3107,2930
19.3896,3928,2983,2202,3200,3108,2929
19.4096,3928,2987,2200,3199,3109,2927
19.4300,3928,2992,2197,3198,3110,2926
19.4503,3929,2996,2194,3196,3110,2925
19.4706,3929,3001,2191,3195,3110,2923
19.4913,3930,3005,2188,3194,3111,2919
19.5118,3930,3010,2185,3193,3111,2915
19.5320,3931,3015,2183,3192,3112,2912
19.5526,3932,3020,2179,3190,3114,2911
19.5732,3933,3025,2176,3189,3116,2910
19.5937,3934,3030,2173,3188,3118,2909
19.6138,3936,3036,2169,3188,3120,2909
19.6340,3937,3040,2166,3187,3123,2908
19.6543,3938,3045,2163,3187,3125,2908
19.6747,3940,3050,2160,3186,3127,2907
19.6955,3942,3055,2157,3186,3128,2907
19.7163,3943,3060,2154,3185,3129,2906
19.7366,3945,3065,2150,3185,3129,2905
19.7573,3946,3068,2148,3185,3129,2904
19.7781,3948,3072,2145,3184,3129,2902
19.7989,3949,3076,2143,3184,3129,2898
19.8190,3949,3079,2140,3183,3129,2895
19.8395,3950,3082,2138,3182,3129,2892
19.8598,3951,3085,2136,3182,3129,2890
19.8800,3952,3088,2134,3181,3129,2888
19.9004,3952,3092,2133,3180,3129,2887
19.9207,3953,3095,2131,3180,3129,2887
19.9412,3954,3099,2128,3179,3129,2887
19.9620,3954,3102,2126,3178,3129,2886
19.9826,3955,3106,2124,3178,3129,2886
20.0031,3956,3110,2121,3178,3129,2886
20.0232,3956,3114,2118,3178,3129,2887
20.0437,3957,3118,2115,3178,3129,2888
20.0641,3958,3122,2112,3178,3129,2888
20.0845,3959,3127,2108,3178,3129,2888
20.1050,3960,3130,2105,3178,3129,2888
20.1254,3962,3134,2102,3178,3130,2887
20.1459,3963,3137,2100,3178,3130,2887
20.1665,3964,3141,2096,3178,3131,2887
20.1868,3965,3145,2093,3178,3131,2887
20.2072,3966,3148,2090,3178,3131,2886
20.2273,3968,3152,2087,3178,3131,2886
20.2477,3969,3155,2084,3178,3132,2885
20.2683,3970,3158,2082,3178,3132,2884
20.2884,3971,3161,2080,3178,3132,2883
20.3087,3973,3164,2077,3178,3132,2882
20.3288,3974,3167,2076,3178,3132,2881
20.3493,3976,3170,2074,3178,3133,2880
20.3698,3977,3172,2073,3178,3133,2879
20.3898,3978,3174,2071,3178,3133,2879
20.4103,3980,3176,2071,3178,3133,2878
20.4311,3981,3178,2069,3178,3134,2877
20.4512,3982,3180,2068,3178,3134,2876
20.4713,3983,3181,2068,3178,3135,2876
20.4920,3984,3183,2067,3178,3135,2876
20.5123,3985,3185,2066,3178,3137,2875
20.5324,3985,3186,2066,3178,3138,2875
20.5527,3986,3188,2065,3178,3139,2875
20.5733,3987,3189,2065,3178,3139,2875
20.5935,3987,3191,2065,3178,3139,2875
20.6139,3987,3192,2065,3178,3139,2875
20.6343,3987,3194,2065,3178,3140,2875
20.6548,3987,3195,2065,3178,3140,2875
20.6751,3988,3197,2065,3178,3140,2875
20.6952,3988,3199,2065,3178,3140,2875
20.7160,3988,3200,2065,3178,3140,2875
20.7366,3988,3202,2065,3178,3140,2875
20.7568,3988,3204,2065,3178,3139,2875
20.7774,3988,3205,2065,3178,3139,2875
20.7974,3988,3206,2066,3178,3139,2874
20.8180,3988,3207,2066,3178,3139,2873
20.8383,3988,3207,2066,3178,3139,2873
20.8588,3988,3208,2066,3178,3139,2873
20.8792,3988,3209,2066,3178,3139,2873
20.8997,3988,3210,2066,3178,3139,2872
20.9201,3988,3210,2067,3178,3139,2872
20.9405,3988,3210,2067,3178,3138,2872
20.9608,3988,3211,2068,3178,3138,2872
20.9813,3988,3212,2068,3178,3138,2872
21.0019,3988,3213,2068,3178,3138,2871
21.0223,3988,3213,2068,3178,3138,2871
21.0425,3988,3213,2068,3178,3138,2871
21.0630,3988,3213,2068,3178,3138,2871
21.0831,3988,3213,2069,3178,3138,2870
21.1033,3989,3213,2069,3178,3138,2868
21.1240,3989,3213,2070,3178,3138,2867
21.1443,3989,3213,2070,3178,3138,2866
21.1647,3989,3213,2070,3178,3138,2865
21.1851,3989,3213,2071,3178,3138,2865
21.2057,3989,3213,2071,3178,3138,2864
21.2258,3990,3213,2072,3178,3138,2864
21.2459,3990,3213,2073,3178,3138,2864
21.2660,3990,3213,2074,3178,3138,2864
21.2864,3991,3213,2076,3178,3138,2864
21.3069,3992,3213,2077,3178,3138,2864
21.3269,3992,3213,2078,3178,3138,2864
21.3473,3993,3213,2080,3178,3138,2864
21.3676,3994,3213,2081,3178,3138,2864
21.3878,3995,3213,2082,3178,3138,2864
21.4079,3995,3213,2083,3178,3138,2863
21.4283,3996,3213,2084,3178,3138,2863
21.4487,3997,3213,2084,3178,3138,2863
21.4689,3997,3213,2085,3178,3138,2862
21.4892,3998,3213,2085,3178,3138,2861
21.5094,3998,3213,2085,3178,3138,2861
21.5294,3998,3213,2086,3177,3138,2861
21.5497,3998,3213,2086,3177,3139,2860
21.5701,3998,3214,2086,3177,3139,2858
21.5905,3998,3214,2086,3177,3139,2857
21.6107,3998,3214,2086,3177,3139,2857
21.6311,3998,3215,2086,3177,3139,2857
21.6511,3998,3215,2087,3177,3139,2856
21.6717,3998,3215,2087,3177,3139,2856
21.6921,3998,3215,2088,3177,3139,2856
21.7125,3998,3215,2090,3177,3138,2856
21.7326,3998,3215,2091,3177,3138,2856
21.7528,3998,3215,2093,3177,3138,2856
21.7734,3998,3216,2095,3177,3138,2856
21.7938,3998,3216,2097,3177,3137,2855
21.8142,3997,3216,2099,3177,3137,2855
21.8345,3997,3216,2101,3177,3137,2855
21.8554,3997,3216,2104,3177,3137,2854
21.8757,3997,3215,2106,3176,3137,2854
21.8960,3996,3214,2109,3175,3137,2853
21.9163,3996,3214,2111,3174,3137,2852
21.9367,3996,3213,2112,3174,3137,2852
21.9571,3996,3212,2113,3173,3137,2852
21.9776,3996,3212,2114,3173,3137,2851
21.9981,3996,3212,2115,3172,3137,2851
22.0183,3996,3212,2115,3172,3137,2850
22.0386,3996,3212,2115,3172,3136,2850
22.0586,3996,3212,2115,3172,3136,2850
22.0790,3996,3212,2115,3172,3136,2848
22.0995,3996,3212,2115,3172,3136,2847
22.1199,3996,3211,2115,3172,3136,2846
22.1402,3996,3211,2115,3172,3136,2844
22.1608,3996,3211,2115,3172,3136,2842
22.1813,3996,3211,2115,3172,3136,2839
22.2020,3996,3210,2115,3172,3135,2837
22.2224,3996,3210,2115,3172,3135,2835
22.2430,3996,3209,2115,3173,3134,2834
22.2635,3996,3209,2115,3174,3134,2832
22.2836,3996,3208,2115,3175,3133,2830
22.3039,3996,3208,2115,3176,3133,2829
22.3246,3996,3208,2115,3177,3133,2829
22.3452,3996,3208,2115,3177,3132,2829
22.3653,3996,3208,2115,3177,3132,2829
22.3858,3996,3208,2115,3177,3132,2830
22.4064,3996,3208,2115,3178,3132,2830
22.4266,3997,3207,2115,3179,3132,2830
22.4470,3997,3207,2115,3179,3131,2830
22.4674,3997,3207,2115,3179,3131,2831
22.4878,3997,3207,2115,3179,3131,2833
22.5089,3997,3207,2115,3179,3131,2835
22.5294,3997,3207,2115,3179,3131,2835
22.5498,3997,3207,2115,3179,3131,2835
22.5702,3997,3207,2114,3179,3131,2835
22.5909,3997,3207,2114,3180,3131,2836
22.6113,3997,3207,2114,3180,3131,2839
22.6316,3997,3207,2114,3180,3131,2840
22.6522,3996,3207,2114,3181,3131,2841
22.6727,3996,3207,2114,3181,3131,2844
22.6939,3996,3207,2114,3181,3131,2847
22.7140,3996,3207,2114,3181,3131,2848
22.7340,3996,3207,2114,3181,3131,2848
22.7542,3996,3207,2114,3181,3131,2848
22.7746,3996,3206,2115,3181,3131,2847
22.7949,3996,3206,2115,3181,3131,2840
22.8156,3996,3206,2115,3182,3131,2836
22.8360,3996,3206,2116,3182,3131,2834
22.8564,3996,3206,2116,3182,3131,2829
22.8772,3996,3205,2116,3182,3131,2825
22.8977,3996,3205,2117,3182,3131,2823
22.9179,3996,3205,2117,3182,3131,2819
22.9383,3996,3204,2118,3182,3131,2817
22.9583,3996,3204,2118,3182,3131,2822
22.9788,3996,3204,2118,3182,3130,2833
22.9994,3996,3203,2118,3182,3130,2843
23.0199,3995,3203,2119,3182,3130,2851
23.0402,3995,3203,2119,3182,3129,2857
23.0603,3995,3203,2119,3182,3129,2861
23.0807,3995,3203,2119,3182,3128,2865
23.1011,3995,3203,2119,3182,3128,2868
23.1212,3995,3203,2120,3182,3128,2872
23.1416,3994,3203,2120,3182,3128,2875
23.1619,3994,3203,2120,3182,3128,2878
23.1824,3994,3202,2121,3182,3128,2880
23.2026,3994,3202,2121,3182,3128,2880
23.2228,3994,3202,2121,3182,3127,2882
23.2430,3994,3202,2122,3182,3127,2884
23.2632,3994,3201,2122,3182,3127,2886
23.2833,3994,3201,2122,3182,3127,2887
23.3035,3994,3201,2122,3182,3127,2888
23.3239,3994,3201,2122,3182,3127,2890
23.3442,3994,3201,2122,3182,3127,2891
23.3643,3994,3201,2123,3182,3127,2892
23.3848,3994,3201,2123,3182,3126,2892
23.4050,3994,3201,2123,3182,3126,2892
23.4253,3994,3201,2123,3182,3126,2892
23.4454,3994,3201,2124,3182,3125,2892
23.4656,3994,3201,2124,3182,3125,2892
23.4856,3994,3201,2125,3182,3125,2892
23.5061,3994,3201,2125,3182,3125,2892
23.5264,3994,3201,2125,3182,3125,2891
23.5467,3994,3201,2125,3182,3124,2890
23.5672,3994,3201,2126,3182,3124,2889
23.5876,3994,3201,2126,3182,3124,2887
23.6078,3994,3201,2126,3182,3124,2886
23.6282,3994,3201,2126,3182,3124,2885
23.6484,3994,3201,2127,3182,3124,2884
23.6687,3994,3201,2127,3182,3124,2883
23.6888,3994,3201,2127,3182,3124,2883
23.7094,3995,3201,2128,3182,3124,2881
23.7299,3995,3201,2128,3182,3124,2880
23.7502,3995,3201,2128,3182,3124,2879
23.7709,3995,3201,2129,3182,3124,2877
23.7912,3995,3201,2129,3182,3124,2877
23.8115,3996,3201,2129,3182,3124,2877
23.8316,3996,3201,2130,3182,3124,2877
23.8520,3996,3201,2130,3182,3124,2877
23.8723,3997,3201,2130,3182,3124,2877
23.8929,3997,3201,2131,3182,3124,2877
23.9130,3998,3201,2131,3182,3124,2877
23.9330,3998,3201,2131,3182,3124,2877
23.9531,3998,3201,2131,3182,3124,2877
23.9734,3999,3201,2131,3182,3124,2876
23.9937,3999,3201,2131,3182,3124,2876
24.0139,4000,3201,2131,3182,3124,2876
24.0342,4000,3201,2131,3182,3124,2876
24.0547,4000,3201,2131,3182,3124,2875
24.0752,4001,3201,2131,3182,3124,2875
24.0955,4001,3201,2131,3182,3124,2875
24.1158,4001,3201,2131,3182,3124,2875
24.1359,4001,3201,2131,3182,3124,2875
24.1564,4001,3201,2131,3182,3124,2875
24.1769,4001,3200,2131,3182,3124,2874
24.1972,4001,3200,2131,3182,3124,2873
24.2177,4001,3199,2131,3183,3124,2872
24.2379,4001,3199,2131,3183,3124,2872
24.2582,4001,3199,2131,3184,3124,2872
24.2785,4001,3198,2131,3184,3124,2872
24.2987,4000,3198,2131,3184,3124,2872
24.3191,4000,3198,2131,3184,3124,2872
24.3394,3999,3197,2132,3184,3124,2872
24.3599,3999,3197,2132,3184,3123,2872
24.3802,3998,3196,2133,3184,3123,2873
24.4004,3998,3196,2134,3184,3123,2873
24.4210,3998,3195,2134,3184,3123,2873
24.4412,3997,3195,2135,3184,3123,2873
24.4617,3997,3195,2135,3184,3123,2873
24.4821,3997,3194,2135,3184,3123,2873
24.5023,3997,3194,2135,3184,3123,2873
24.5230,3997,3194,2135,3184,3123,2872
24.5432,3997,3194,2135,3184,3123,2872
24.5635,3997,3194,2134,3184,3123,2872
24.5837,3997,3195,2134,3184,3123,2872
24.6040,3997,3195,2134,3184,3123,2872
24.6240,3997,3195,2133,3184,3123,2872
24.6441,3997,3196,2133,3184,3123,2872
24.6643,3998,3196,2133,3184,3123,2873
24.6847,3998,3196,2133,3184,3123,2873
24.7051,3998,3196,2133,3184,3123,2873
24.7257,3998,3196,2133,3184,3123,2873
24.7462,3998,3196,2133,3184,3123,2873
24.7666,3998,3196,2133,3184,3123,2873
24.7869,3998,3197,2133,3184,3123,2873
24.8073,3998,3197,2133,3184,3123,2873
24.8276,3998,3197,2133,3184,3123,2873
24.8480,3998,3197,2133,3184,3123,2873
24.8683,3998,3197,2133,3184,3123,2873
24.8887,3998,3197,2133,3184,3123,2873
24.9090,3998,3197,2133,3184,3123,2873
24.9295,3998,3198,2133,3184,3123,2872
24.9498,3998,3198,2133,3184,3123,2872
24.9704,3998,3198,2133,3184,3123,2871
24.9911,3998,3198,2133,3184,3123,2871
25.0113,3998,3198,2133,3184,3123,2870
25.0318,3998,3198,2133,3184,3123,2870
25.0520,3998,3198,2133,3184,3123,2870
25.0723,3998,3198,2133,3184,3123,2870
25.0929,3998,3198,2133,3184,3123,2869
25.1134,3998,3198,2133,3184,3123,2869
25.1335,3998,3198,2133,3184,3123,2868
25.1539,3998,3198,2133,3184,3122,2868
25.1742,3998,3198,2133,3184,3122,2867
25.1948,3998,3198,2133,3184,3122,2866
25.2152,3998,3198,2133,3184,3122,2864
25.2353,3998,3198,2133,3184,3122,2863
25.2557,3998,3198,2133,3184,3122,2862
25.2762,3998,3198,2133,3184,3122,2861
25.2966,3998,3198,2133,3184,3122,2860
25.3167,3998,3198,2133,3184,3122,2858
25.3368,3998,3198,2133,3184,3122,2856
25.3570,3998,3198,2133,3184,3122,2855
25.3775,3998,3198,2133,3184,3122,2854
25.3979,3998,3198,2133,3184,3122,2853
25.4183,3998,3198,2133,3184,3122,2852
25.4387,3998,3198,2133,3184,3122,2850
25.4588,3998,3199,2133,3184,3122,2846
25.4793,3998,3199,2133,3184,3121,2838
25.4996,3998,3199,2133,3184,3121,2832
25.5197,3998,3199,2133,3185,3121,2824
25.5402,3998,3199,2133,3185,3121,2816
25.5604,3998,3199,2133,3185,3120,2810
25.5810,3998,3199,2133,3185,3120,2799
25.6016,3998,3199,2133,3185,3120,2790
25.6222,3998,3199,2133,3185,3120,2786
25.6426,3998,3199,2133,3185,3120,2783
25.6633,3998,3199,2133,3185,3120,2776
25.6839,3998,3199,2133,3185,3119,2770
25.7041,3998,3199,2133,3186,3119,2766
25.7247,3998,3199,2133,3186,3119,2763
25.7448,3998,3199,2133,3186,3119,2758
25.7654,3998,3199,2133,3186,3119,2752
25.7855,3998,3199,2133,3186,3119,2746
25.8061,3998,3199,2133,3186,3119,2741
25.8267,3998,3199,2133,3186,3119,2738
25.8471,3998,3199,2133,3186,3119,2733
25.8674,3998,3199,2133,3186,3119,2728
25.8879,3998,3199,2133,3186,3119,2724
25.9083,3998,3199,2133,3186,3119,2721
25.9284,3998,3199,2133,3186,3119,2719
25.9487,3998,3199,2133,3186,3119,2716
25.9691,3998,3199,2134,3186,3119,2715
25.9895,3998,3199,2134,3186,3119,2713
26.0099,3998,3199,2134,3186,3119,2711
26.0304,3998,3199,2134,3186,3118,2710
26.0505,3998,3199,2134,3186,3118,2708
26.0712,3998,3199,2134,3186,3118,2706
26.0914,3998,3199,2134,3186,3118,2704
26.1119,3998,3199,2134,3186,3118,2702
26.1324,3998,3199,2134,3186,3118,2701
26.1525,3998,3199,2134,3186,3118,2700
26.1729,3998,3199,2134,3186,3118,2699
26.1932,3998,3199,2134,3186,3118,2698
26.2133,3998,3199,2134,3186,3118,2696
26.2343,3998,3199,2134,3186,3117,2693
26.2550,3998,3199,2135,3186,3117,2691
26.2753,3998,3199,2135,3186,3117,2688
26.2961,3998,3199,2136,3186,3117,2687
26.3161,3998,3199,2136,3186,3117,2684
26.3363,3998,3199,2136,3186,3117,2681
26.3571,3999,3199,2136,3186,3117,2677
26.3773,3999,3199,2136,3186,3117,2673
26.3979,3999,3199,2137,3186,3117,2669
26.4184,3999,3199,2137,3186,3117,2665
26.4389,4000,3199,2137,3186,3117,2659
26.4591,4000,3199,2137,3186,3117,2651
26.4796,4001,3199,2137,3186,3117,2642
26.4996,4001,3199,2137,3186,3117,2631
26.5201,4001,3199,2137,3186,3117,2614
26.5407,4002,3199,2137,3186,3117,2596
26.5609,4002,3199,2138,3186,3117,2573
26.5814,4003,3199,2138,3186,3117,2543
26.6019,4003,3199,2138,3186,3117,2510
26.6219,4004,3199,2138,3186,3117,2489
26.6423,4004,3199,2138,3186,3117,2479
26.6630,4005,3199,2138,3186,3117,2473
26.6831,4005,3199,2138,3186,3117,2469
26.7037,4005,3199,2138,3186,3117,2465
26.7240,4005,3199,2138,3186,3117,2460
26.7445,4005,3199,2138,3186,3117,2457
26.7650,4005,3199,2138,3186,3117,2453
26.7853,4005,3199,2138,3186,3117,2445
26.8057,4005,3199,2138,3186,3117,2435
26.8260,4005,3199,2138,3186,3117,2426
26.8463,4005,3199,2138,3186,3117,2418
26.8668,4005,3199,2138,3186,3117,2407
26.8872,4005,3199,2138,3186,3117,2394
26.9074,4005,3199,2139,3186,3117,2379
26.9278,4005,3199,2139,3186,3117,2361
26.9481,4005,3199,2139,3186,3117,2347
26.9685,4005,3199,2139,3186,3117,2335
26.9892,4005,3199,2139,3186,3117,2325
27.0094,4005,3199,2139,3186,3117,2313
27.0297,4005,3199,2139,3186,3117,2301
27.0503,4005,3199,2139,3186,3117,2291
27.0706,4006,3199,2139,3186,3117,2280
27.0911,4006,3199,2139,3186,3117,2267
27.1112,4006,3199,2139,3186,3117,2256
27.1317,4006,3199,2139,3186,3117,2248
27.1521,4007,3199,2139,3186,3117,2246
27.1727,4007,3199,2139,3186,3117,2244
27.1935,4007,3199,2139,3186,3117,2243
27.2141,4007,3199,2139,3186,3117,2242
27.2342,4008,3199,2139,3186,3117,2231
27.2548,4008,3199,2139,3186,3117,2211
27.2748,4008,3199,2140,3186,3117,2190
27.2951,4008,3199,2140,3186,3117,2174
27.3156,4009,3199,2140,3186,3117,2158
27.3361,4009,3199,2141,3186,3117,2143
27.3565,4009,3199,2141,3186,3117,2128
27.3770,4009,3199,2141,3186,3117,2116
27.3972,4009,3198,2141,3186,3117,2106
27.4176,4009,3198,2142,3186,3117,2096
27.4380,4009,3198,2142,3186,3117,2088
27.4587,4010,3198,2142,3186,3117,2078
27.4788,4010,3198,2142,3186,3117,2067
27.4991,4010,3198,2142,3186,3117,2057
27.5193,4010,3198,2142,3186,3117,2046
27.5397,4010,3198,2142,3186,3117,2035
27.5597,4010,3198,2143,3186,3117,2025
27.5798,4010,3198,2143,3186,3117,2014
27.5999,4010,3198,2143,3186,3117,2003
27.6206,4010,3197,2143,3186,3117,1991
27.6407,4010,3197,2143,3186,3117,1982
27.6611,4010,3197,2143,3186,3117,1982
27.6815,4010,3197,2143,3186,3117,1982
27.7017,4010,3197,2143,3186,3117,1982
27.7218,4010,3197,2143,3186,3117,1982
27.7422,4010,3197,2143,3186,3117,1982
27.7627,4010,3197,2143,3186,3117,1982
27.7831,4010,3197,2144,3186,3117,1982
27.8032,4010,3197,2144,3186,3117,1982
27.8233,4010,3197,2144,3186,3117,1982
27.8442,4011,3197,2144,3186,3117,1982
27.8645,4011,3197,2144,3186,3117,1982
27.8850,4011,3197,2144,3186,3117,1982
27.9056,4011,3197,2144,3186,3117,1982
27.9259,4011,3197,2144,3186,3117,1982
27.9463,4011,3197,2144,3186,3117,1982
27.9666,4011,3197,2144,3186,3117,1982
27.9868,4011,3197,2144,3186,3117,1982
28.0069,4012,3197,2144,3186,3117,1982
28.0270,4012,3197,2144,3186,3117,1982
28.0472,4012,3197,2144,3186,3117,1982
28.0676,4012,3197,2144,3186,3117,1982
28.0877,4012,3197,2145,3186,3117,1982
28.1083,4012,3197,2145,3186,3117,1982
28.1290,4012,3197,2145,3186,3117,1982
28.1496,4012,3196,2145,3186,3117,1982
28.1698,4012,3196,2145,3186,3117,1982
28.1901,4012,3196,2145,3186,3117,1982
28.2102,4012,3196,2145,3186,3117,1982
28.2310,4012,3196,2145,3186,3117,1982
28.2514,4012,3196,2145,3186,3117,1982
28.2716,4012,3196,2145,3186,3117,1982
28.2921,4012,3196,2145,3186,3117,1982
28.3123,4012,3196,2145,3186,3117,1982
28.3328,4012,3195,2145,3186,3117,1982
28.3533,4012,3195,2145,3186,3117,1982
28.3737,4012,3195,2145,3186,3117,1982
28.3938,4012,3195,2145,3186,3117,1982
28.4141,4012,3195,2145,3186,3117,1982
28.4344,4012,3195,2145,3186,3117,1982
28.4548,4011,3195,2145,3186,3117,1982
28.4751,4011,3195,2145,3186,3117,1982
28.4954,4011,3195,2145,3186,3117,1982
28.5155,4011,3195,2145,3186,3117,1982
28.5358,4010,3195,2145,3186,3117,1982
28.5572,4010,3195,2145,3186,3117,1982
28.5776,4010,3195,2145,3186,3117,1982
28.5984,4010,3195,2145,3186,3117,1982
28.6187,4010,3195,2145,3186,3117,1982
28.6392,4010,3195,2145,3186,3117,1982
28.6597,4010,3195,2145,3186,3117,1982
28.6802,4010,3195,2145,3186,3117,1982
28.7006,4010,3195,2145,3186,3117,1982
28.7209,4010,3195,2145,3186,3117,1982
28.7411,4010,3195,2145,3186,3117,1982
28.7614,4010,3195,2145,3186,3117,1982
28.7818,4010,3195,2146,3186,3117,1982
28.8024,4010,3195,2146,3186,3117,1982
28.8228,4010,3195,2146,3186,3117,1982
28.8429,4010,3195,2146,3186,3117,1982
28.8632,4010,3195,2147,3186,3117,1982
28.8837,4010,3195,2147,3186,3117,1982
28.9044,4010,3195,2147,3186,3117,1982
28.9251,4010,3195,2147,3186,3117,1982
28.9457,4010,3195,2147,3186,3117,1982
28.9665,4010,3195,2147,3186,3117,1982
28.9871,4010,3195,2147,3186,3117,1982
29.0076,4010,3195,2147,3186,3117,1982
29.0277,4010,3195,2147,3186,3117,1982
29.0488,4010,3195,2147,3186,3117,1982
29.0690,4010,3195,2147,3186,3117,1982
29.0890,4010,3195,2147,3186,3117,1982
29.1095,4010,3195,2147,3186,3117,1982
29.1300,4010,3195,2147,3186,3117,1981
29.1505,4010,3195,2148,3186,3117,1981
29.1705,4010,3195,2148,3186,3117,1981
29.1908,4010,3195,2148,3186,3117,1981
29.2111,4010,3195,2148,3186,3117,1981
29.2313,4010,3195,2148,3186,3117,1981
29.2517,4010,3195,2148,3186,3117,1981
29.2721,4010,3195,2148,3186,3117,1981
29.2921,4010,3195,2148,3186,3117,1981
29.3122,4010,3195,2148,3186,3117,1981
29.3325,4010,3195,2148,3186,3117,1981
29.3529,4010,3195,2148,3186,3117,1981
29.3735,4010,3195,2148,3186,3117,1981
29.3939,4010,3195,2148,3186,3117,1981
29.4144,4010,3195,2147,3186,3117,1981
29.4350,4010,3195,2147,3186,3117,1981
29.4554,4010,3195,2147,3186,3117,1981
29.4758,4010,3195,2147,3186,3117,1981
29.4967,4010,3195,2147,3186,3117,1981
29.5171,4010,3195,2147,3186,3117,1981
29.5375,4010,3195,2147,3186,3117,1981
29.5580,4010,3195,2147,3186,3117,1981
29.5783,4010,3195,2147,3186,3117,1981
29.5986,4010,3195,2147,3186,3117,1981
29.6191,4010,3195,2148,3186,3117,1981
29.6399,4010,3195,2148,3186,3118,1981
29.6604,4010,3195,2148,3186,3118,1981
29.6804,4010,3195,2148,3186,3118,1981
29.7006,4010,3195,2148,3186,3118,1981
29.7214,4010,3195,2148,3186,3118,1981
29.7421,4010,3195,2148,3186,3118,1981
29.7628,4010,3195,2148,3186,3118,1981
29.7830,4010,3195,2148,3186,3118,1981
29.8037,4011,3195,2148,3186,3118,1981
29.8239,4011,3195,2148,3186,3118,1981
29.8443,4011,3194,2148,3186,3118,1981
29.8650,4011,3194,2149,3186,3118,1981
29.8852,4011,3194,2149,3186,3118,1981
29.9052,4011,3193,2149,3186,3118,1981
29.9257,4011,3193,2150,3186,3118,1981
29.9460,4011,3193,2150,3186,3118,1981
29.9664,4011,3193,2151,3186,3118,1981
29.9866,4011,3193,2151,3186,3118,1981
30.0070,4011,3193,2151,3186,3117,1981
30.0273,4011,3193,2152,3186,3117,1981
30.0474,4011,3193,2152,3186,3117,1981
30.0678,4011,3193,2152,3186,3117,1981
30.0880,4011,3192,2152,3186,3117,1981
30.1083,4011,3192,2152,3186,3117,1981
30.1283,4011,3192,2152,3186,3117,1981
30.1488,4011,3192,2152,3186,3117,1981
30.1690,4011,3192,2152,3186,3117,1981
30.1894,4011,3192,2152,3186,3117,1981
30.2098,4011,3192,2152,3186,3117,1981
30.2298,4011,3192,2152,3186,3117,1981
30.2501,4011,3192,2152,3186,3117,1981
30.2708,4011,3192,2152,3186,3117,1981
30.2913,4011,3192,2152,3186,3117,1981
30.3115,4011,3192,2152,3186,3117,1981
30.3317,4011,3192,2152,3186,3117,1981
30.3522,4011,3192,2152,3186,3117,1981
30.3724,4011,3192,2152,3186,3117,1981
30.3926,4011,3192,2152,3186,3117,1981
30.4130,4011,3192,2152,3186,3117,1981
30.4335,4011,3192,2152,3186,3117,1981
30.4541,4011,3192,2152,3186,3117,1981
30.4745,4011,3192,2152,3186,3117,1981
30.4949,4011,3192,2152,3186,3117,1981
30.5152,4011,3192,2152,3186,3117,1981
30.5353,4011,3192,2152,3186,3117,1981
30.5556,4011,3192,2152,3186,3117,1981
30.5760,4011,3192,2151,3186,3118,1981
30.5965,4011,3192,2151,3186,3118,1981
30.6166,4011,3192,2151,3186,3118,1981
30.6370,4011,3192,2151,3186,3118,1981
30.6576,4011,3192,2151,3186,3118,1981
30.6781,4011,3192,2151,3186,3118,1981
30.6982,4011,3192,2151,3186,3118,1981
30.7188,4011,3192,2151,3186,3118,1981
30.7392,4011,3192,2151,3186,3118,1981
30.7597,4011,3192,2151,3186,3118,1981
30.7797,4011,3192,2151,3186,3118,1981
30.8001,4011,3192,2151,3186,3118,1981
30.8203,4011,3192,2151,3186,3118,1981
30.8406,4011,3192,2151,3186,3118,1981
30.8610,4011,3192,2151,3186,3118,1981
30.8814,4011,3192,2150,3186,3118,1981
30.9022,4011,3192,2150,3186,3118,1981
30.9225,4010,3192,2150,3186,3118,1981
30.9429,4010,3192,2149,3186,3118,1981
30.9633,4010,3192,2149,3186,3118,1981
30.9834,4010,3192,2149,3186,3118,1981
31.0038,4010,3192,2148,3186,3118,1981
31.0244,4009,3192,2147,3186,3118,1981
31.0448,4009,3192,2147,3186,3118,1981
31.0651,4009,3192,2147,3187,3118,1981
31.0851,4009,3192,2146,3187,3118,1981
31.1056,4009,3192,2146,3187,3118,1981
31.1259,4009,3192,2146,3187,3118,1981
31.1463,4009,3192,2146,3187,3118,1981
31.1667,4009,3192,2147,3187,3118,1981
31.1873,4009,3192,2147,3187,3118,1981
31.2077,4009,3192,2147,3187,3118,1981
31.2282,4009,3192,2147,3187,3118,1981
31.2490,4009,3192,2148,3187,3118,1981
31.2693,4009,3192,2148,3187,3118,1981
31.2897,4009,3192,2148,3187,3119,1981
31.3100,4009,3192,2148,3187,3119,1981
31.3304,4009,3192,2148,3187,3119,1981
31.3509,4009,3192,2148,3187,3119,1981
31.3711,4009,3192,2148,3187,3119,1981
31.3915,4009,3192,2148,3187,3119,1981
31.4121,4009,3192,2148,3187,3119,1981
31.4323,4009,3191,2148,3187,3119,1981
31.4528,4009,3191,2148,3187,3119,1981
31.4733,4009,3190,2148,3187,3119,1981
31.4935,4009,3190,2148,3187,3119,1981
31.5138,4008,3189,2148,3187,3119,1981
31.5343,4008,3188,2148,3188,3119,1981
31.5545,4008,3188,2148,3189,3119,1981
31.5749,4008,3187,2148,3190,3119,1981
31.5953,4008,3186,2148,3191,3119,1981
31.6154,4008,3186,2147,3191,3119,1981
31.6356,4008,3186,2147,3192,3119,1981
31.6560,4008,3185,2146,3193,3119,1981
31.6761,4008,3184,2146,3195,3119,1981
31.6966,4008,3184,2145,3197,3119,1981
31.7168,4008,3183,2144,3199,3119,1981
31.7371,4008,3182,2142,3201,3119,1981
31.7576,4008,3182,2141,3203,3118,1981
31.7784,4008,3181,2140,3204,3118,1981
31.7984,4008,3181,2139,3205,3117,1981
31.8188,4008,3180,2138,3207,3115,1981
31.8388,4008,3180,2137,3209,3114,1981
31.8594,4008,3179,2135,3211,3114,1981
31.8795,4008,3178,2134,3212,3114,1981
31.9000,4008,3178,2133,3213,3114,1981
31.9207,4008,3177,2131,3213,3114,1981
31.9412,4008,3177,2130,3215,3114,1981
31.9614,4008,3176,2128,3217,3114,1981
31.9814,4008,3175,2127,3219,3113,1981
32.0019,4008,3174,2126,3221,3112,1981
32.0223,4008,3173,2124,3222,3112,1981
32.0425,4008,3172,2123,3224,3112,1981
32.0629,4008,3171,2122,3225,3112,1981
32.0832,4008,3169,2121,3227,3111,1981
32.1036,4008,3168,2120,3228,3111,1981
32.1241,4008,3167,2119,3229,3111,1981
32.1442,4008,3165,2119,3231,3111,1981
32.1647,4008,3164,2117,3233,3112,1981
32.1850,4008,3162,2117,3234,3112,1981
32.2054,4008,3161,2116,3235,3112,1981
32.2259,4008,3159,2115,3237,3112,1981
32.2462,4008,3158,2114,3239,3112,1981
32.2666,4008,3156,2114,3241,3112,1981
32.2869,4009,3154,2113,3242,3113,1981
32.3073,4009,3153,2113,3243,3113,1981
32.3274,4009,3151,2113,3244,3113,1981
32.3483,4009,3149,2112,3245,3113,1981
32.3687,4009,3147,2111,3247,3113,1981
32.3892,4009,3145,2110,3247,3113,1981
32.4096,4009,3143,2110,3248,3113,1981
32.4299,4009,3141,2109,3249,3113,1981
32.4499,4009,3139,2107,3249,3113,1981
32.4702,4009,3137,2106,3250,3113,1981
32.4906,4009,3135,2105,3251,3113,1981
32.5113,4009,3134,2103,3252,3113,1981
32.5316,4009,3132,2102,3252,3113,1981
32.5520,4009,3130,2100,3253,3113,1981
32.5722,4009,3129,2098,3253,3114,1981
32.5922,4008,3128,2096,3254,3115,1981
32.6128,4008,3127,2094,3254,3116,1981
32.6334,4008,3125,2091,3255,3116,1981
32.6536,4008,3124,2088,3255,3117,1981
32.6739,4008,3123,2085,3256,3118,1981
32.6942,4008,3122,2081,3257,3119,1981
32.7146,4009,3121,2077,3259,3120,1981
32.7350,4009,3120,2073,3260,3120,1981
32.7552,4010,3119,2070,3262,3120,1981
32.7756,4010,3118,2066,3264,3121,1981
32.7961,4010,3118,2062,3266,3121,1981
32.8166,4010,3117,2058,3268,3122,1981
32.8368,4010,3117,2054,3269,3123,1981
32.8570,4011,3116,2050,3272,3123,1981
32.8773,4011,3115,2047,3273,3124,1981
32.8983,4011,3115,2044,3275,3124,1981
32.9191,4011,3114,2041,3277,3124,1981
32.9393,4011,3113,2038,3279,3124,1981
32.9597,4011,3112,2036,3280,3125,1981
32.9799,4012,3111,2035,3282,3125,1981
33.0003,4012,3109,2034,3283,3125,1981
33.0208,4012,3107,2034,3285,3125,1981
33.0411,4012,3106,2033,3286,3125,1981
33.0619,4012,3104,2033,3286,3125,1981
33.0826,4012,3101,2033,3288,3125,1981
33.1032,4013,3099,2034,3288,3125,1981
33.1234,4013,3096,2035,3289,3125,1981
33.1437,4013,3093,2036,3291,3125,1981
33.1640,4014,3091,2036,3292,3125,1981
33.1840,4014,3088,2036,3292,3125,1981
33.2046,4015,3085,2037,3293,3125,1981
33.2248,4016,3082,2037,3295,3125,1981
33.2455,4017,3079,2037,3296,3125,1981
33.2659,4018,3076,2037,3298,3125,1981
33.2861,4019,3074,2037,3299,3125,1981
33.3063,4020,3071,2037,3300,3125,1981
33.3266,4021,3068,2037,3302,3126,1981
33.3467,4022,3066,2037,3304,3126,1981
33.3670,4023,3064,2037,3305,3127,1981
33.3876,4024,3062,2036,3307,3128,1981
33.4077,4025,3060,2034,3310,3129,1981
33.4280,4026,3058,2034,3312,3129,1981
33.4480,4027,3056,2032,3314,3130,1981
33.4685,4028,3055,2031,3316,3131,1981
33.4890,4029,3053,2029,3319,3131,1981
33.5091,4031,3051,2028,3322,3131,1981
33.5293,4032,3049,2027,3325,3132,1981
33.5495,4033,3046,2025,3327,3132,1981
33.5699,4033,3044,2024,3330,3132,1981
33.5901,4034,3042,2023,3333,3132,1981
33.6105,4034,3039,2021,3336,3132,1981
33.6310,4035,3037,2021,3339,3132,1981
33.6517,4035,3034,2020,3342,3132,1981
33.6721,4035,3030,2020,3345,3133,1981
33.6926,4035,3027,2020,3347,3133,1981
33.7127,4035,3024,2020,3351,3134,1981
33.7331,4035,3021,2020,3354,3134,1981
33.7532,4035,3017,2020,3357,3134,1981
33.7733,4035,3014,2022,3360,3134,1981
33.7938,4035,3010,2024,3363,3134,1981
33.8143,4035,3006,2026,3364,3134,1981
33.8343,4035,3002,2027,3366,3135,1981
33.8548,4035,2998,2029,3369,3135,1981
33.8750,4035,2995,2032,3371,3135,1981
33.8954,4035,2991,2034,3373,3135,1981
33.9157,4035,2987,2037,3375,3135,1981
33.9364,4035,2983,2039,3376,3135,1981
33.9571,4035,2980,2040,3379,3135,1981
33.9777,4035,2976,2041,3381,3135,1981
33.9982,4035,2973,2042,3383,3135,1981
34.0187,4036,2970,2043,3384,3135,1981
34.0390,4037,2967,2044,3387,3135,1981
34.0592,4038,2963,2045,3389,3135,1981
34.0795,4038,2961,2045,3391,3135,1981
34.0996,4039,2958,2045,3393,3135,1981
34.1201,4040,2955,2045,3395,3135,1981
34.1404,4040,2952,2045,3397,3135,1981
34.1604,4041,2949,2045,3399,3135,1981
34.1806,4041,2946,2046,3401,3135,1981
34.2018,4042,2943,2046,3403,3135,1981
34.2224,4042,2940,2046,3405,3135,1981
34.2424,4043,2938,2046,3407,3135,1981
34.2630,4043,2935,2046,3408,3135,1981
34.2834,4044,2932,2046,3411,3135,1981
34.3038,4045,2929,2047,3412,3135,1981
34.3245,4045,2926,2047,3414,3135,1981
34.3451,4046,2923,2048,3417,3136,1981
34.3655,4046,2920,2048,3419,3136,1981
34.3858,4046,2917,2048,3421,3136,1981
34.4062,4046,2914,2049,3423,3136,1981
34.4262,4046,2910,2050,3425,3136,1981
34.4467,4046,2907,2050,3428,3136,1981
34.4669,4046,2904,2051,3431,3136,1981
34.4874,4045,2900,2052,3432,3136,1981
34.5077,4045,2897,2053,3434,3136,1981
34.5280,4044,2893,2054,3436,3136,1981
34.5481,4044,2890,2054,3438,3136,1981
34.5688,4043,2887,2055,3440,3136,1981
34.5891,4043,2883,2057,3441,3136,1981
34.6094,4042,2880,2058,3443,3136,1981
34.6299,4042,2877,2060,3444,3135,1981
34.6500,4042,2873,2062,3446,3135,1981
34.6700,4042,2869,2064,3447,3135,1981
34.6906,4042,2866,2066,3448,3135,1981
34.7113,4042,2861,2069,3449,3135,1981
34.7319,4042,2858,2071,3450,3135,1981
34.7524,4043,2854,2074,3451,3135,1981
34.7728,4043,2849,2076,3452,3135,1981
34.7934,4044,2846,2079,3453,3135,1981
34.8138,4044,2841,2081,3454,3135,1981
34.8345,4045,2838,2083,3456,3135,1981
34.8546,4045,2835,2084,3459,3136,1981
34.8746,4046,2832,2084,3462,3136,1981
34.8948,4046,2830,2084,3464,3136,1981
34.9152,4046,2828,2083,3467,3136,1981
34.9352,4046,2827,2082,3470,3136,1981
34.9554,4046,2827,2081,3472,3136,1981
34.9764,4046,2826,2079,3475,3137,1981
34.9967,4046,2826,2077,3476,3137,1981
35.0167,4046,2826,2075,3478,3137,1981
35.0371,4046,2826,2072,3480,3138,1981
35.0577,4046,2826,2069,3483,3139,1981
35.0780,4046,2826,2067,3485,3139,1981
35.0983,4047,2826,2064,3487,3140,1981
35.1185,4048,2826,2060,3489,3141,1981
35.1387,4049,2826,2056,3492,3142,1981
35.1588,4050,2826,2052,3495,3142,1981
35.1790,4051,2826,2049,3498,3142,1981
35.1993,4052,2826,2045,3500,3143,1981
35.2197,4052,2826,2041,3503,3144,1981
35.2398,4053,2826,2036,3505,3144,1981
35.2603,4054,2826,2032,3508,3144,1981
35.2807,4055,2826,2026,3510,3145,1981
35.3008,4056,2826,2021,3513,3145,1981
35.3216,4057,2825,2015,3515,3146,1981
35.3420,4057,2825,2010,3516,3147,1981
35.3626,4058,2825,2005,3518,3148,1981
35.3830,4058,2825,1999,3520,3148,1981
35.4035,4059,2825,1994,3523,3149,1981
35.4240,4059,2825,1990,3525,3150,1981
35.4445,4058,2825,1986,3527,3152,1981
35.4649,4058,2825,1982,3528,3154,1981
35.4850,4057,2825,1979,3530,3156,1981
35.5055,4056,2825,1976,3531,3157,1981
35.5259,4056,2825,1973,3534,3158,1981
35.5462,4055,2825,1970,3535,3159,1981
35.5666,4055,2825,1967,3538,3161,1981
35.5871,4054,2825,1964,3539,3164,1981
35.6074,4054,2825,1961,3542,3165,1981
35.6282,4054,2825,1957,3545,3166,1981
35.6487,4054,2825,1953,3548,3167,1981
35.6687,4054,2825,1949,3551,3169,1981
35.6891,4053,2825,1945,3554,3171,1981
35.7096,4053,2825,1940,3558,3172,1981
35.7296,4053,2825,1936,3562,3173,1981
35.7496,4053,2825,1931,3567,3173,1981
35.7701,4053,2825,1926,3571,3174,1981
35.7906,4053,2825,1921,3575,3176,1981
35.8108,4054,2825,1917,3578,3177,1981
35.8313,4054,2826,1913,3582,3177,1981
35.8517,4055,2826,1908,3585,3178,1981
35.8720,4056,2826,1904,3590,3179,1981
35.8922,4058,2826,1900,3594,3179,1981
35.9125,4059,2826,1895,3599,3180,1981
35.9328,4060,2826,1891,3604,3181,1981
35.9532,4061,2826,1887,3609,3182,1981
35.9737,4062,2826,1883,3614,3183,1981
35.9939,4063,2826,1879,3619,3184,1981
36.0144,4063,2826,1875,3625,3184,1981
36.0347,4064,2826,1871,3630,3184,1981
36.0552,4064,2826,1866,3636,3185,1981
36.0760,4064,2826,1862,3642,3186,1981
36.0962,4064,2826,1857,3649,3187,1981
36.1162,4064,2826,1852,3656,3188,1981
36.1368,4064,2826,1847,3662,3189,1981
36.1569,4064,2826,1844,3668,3189,1981
36.1773,4064,2825,1841,3672,3189,1981
36.1976,4063,2824,1837,3678,3190,1981
36.2179,4062,2823,1833,3683,3191,1981
36.2384,4061,2823,1830,3687,3193,1981
36.2587,4060,2823,1828,3691,3193,1981
36.2792,4059,2822,1826,3694,3193,1981
36.2996,4058,2821,1824,3697,3193,1981
36.3200,4057,2820,1823,3699,3194,1981
36.3403,4055,2819,1822,3701,3194,1981
36.3604,4054,2819,1821,3703,3194,1981
36.3807,4054,2818,1821,3704,3193,1981
36.4011,4053,2817,1821,3705,3190,1981
36.4214,4052,2816,1820,3706,3189,1981
36.4417,4051,2815,1819,3708,3189,1981
36.4624,4050,2814,1818,3710,3189,1981
36.4825,4050,2814,1817,3712,3189,1981
36.5028,4049,2813,1814,3715,3189,1981
36.5232,4049,2813,1812,3718,3189,1981
36.5437,4048,2813,1809,3720,3189,1981
36.5639,4048,2812,1807,3724,3189,1981
36.5840,4048,2812,1804,3727,3190,1981
36.6045,4048,2812,1801,3731,3190,1981
36.6250,4047,2811,1798,3734,3191,1981
36.6453,4047,2811,1796,3737,3192,1981
36.6657,4047,2810,1794,3740,3192,1981
36.6862,4047,2810,1791,3742,3192,1981
36.7064,4047,2810,1790,3746,3193,1980
36.7267,4047,2810,1788,3748,3194,1980
36.7473,4047,2810,1786,3750,3194,1980
36.7677,4047,2810,1785,3751,3195,1980
36.7882,4047,2810,1783,3752,3195,1980
36.8084,4047,2810,1782,3753,3195,1980
36.8289,4046,2810,1782,3754,3195,1980
36.8491,4045,2810,1781,3754,3195,1980
36.8693,4045,2810,1780,3754,3195,1980
36.8897,4044,2810,1780,3754,3195,1980
36.9100,4044,2810,1780,3754,3195,1980
36.9305,4043,2810,1780,3755,3196,1980
36.9510,4043,2810,1781,3756,3197,1980
36.9712,4042,2810,1781,3756,3198,1980
36.9913,4042,2810,1781,3756,3199,1980
37.0117,4042,2810,1782,3757,3199,1980
37.0323,4042,2810,1782,3757,3199,1980
37.0524,4042,2810,1782,3757,3200,1980
37.0729,4042,2810,1782,3757,3201,1980
37.0937,4042,2810,1782,3757,3202,1980
37.1138,4042,2810,1783,3757,3202,1980
37.1342,4042,2810,1783,3757,3202,1980
37.1543,4042,2810,1783,3757,3202,1980
37.1746,4042,2810,1783,3757,3202,1980
37.1948,4042,2810,1783,3757,3202,1980
37.2151,4042,2810,1783,3757,3202,1980
37.2356,4042,2810,1783,3757,3203,1980
37.2558,4042,2810,1783,3758,3203,1980
37.2765,4042,2810,1783,3758,3203,1980
37.2968,4042,2809,1783,3758,3203,1980
37.3171,4042,2809,1784,3758,3203,1980
37.3377,4041,2809,1784,3758,3203,1980
37.3579,4041,2809,1785,3758,3203,1980
37.3784,4040,2809,1786,3758,3203,1980
37.3988,4040,2809,1786,3758,3203,1980
37.4191,4039,2808,1787,3758,3204,1980
37.4396,4039,2808,1787,3758,3204,1980
37.4602,4038,2808,1788,3758,3204,1980
37.4806,4038,2808,1788,3758,3204,1980
37.5006,4038,2808,1788,3758,3204,1980
37.5211,4037,2808,1788,3758,3204,1980
37.5413,4037,2808,1788,3758,3203,1980
37.5616,4037,2808,1788,3758,3203,1980
37.5822,4037,2808,1788,3758,3203,1980
37.6023,4037,2808,1788,3758,3203,1980
37.6224,4037,2808,1788,3758,3203,1980
37.6426,4037,2808,1788,3758,3203,1980
37.6630,4037,2808,1788,3758,3203,1980
37.6836,4037,2808,1788,3758,3203,1980
37.7036,4038,2808,1788,3758,3203,1980
37.7239,4038,2808,1788,3758,3203,1980
37.7443,4039,2808,1788,3758,3203,1980
37.7646,4039,2808,1788,3758,3203,1980
37.7853,4039,2808,1788,3758,3203,1980
37.8057,4040,2808,1787,3758,3203,1980
37.8264,4040,2808,1787,3758,3203,1980
37.8464,4040,2809,1787,3758,3202,1980
37.8672,4040,2809,1787,3758,3202,1980
37.8877,4040,2809,1787,3758,3202,1980
37.9084,4040,2809,1786,3758,3202,1980
37.9287,4040,2809,1786,3758,3202,1980
37.9493,4040,2809,1786,3758,3202,1980
37.9697,4039,2809,1786,3758,3201,1980
37.9901,4039,2809,1786,3758,3201,1980
38.0102,4039,2809,1786,3758,3201,1980
38.0304,4039,2809,1786,3758,3201,1980
38.0509,4038,2809,1786,3758,3201,1980
38.0714,4038,2808,1786,3758,3201,1980
38.0915,4038,2808,1786,3758,3201,1980
38.1121,4038,2808,1786,3758,3201,1980
38.1323,4038,2808,1786,3758,3201,1980
38.1525,4038,2808,1786,3759,3201,1980
38.1730,4038,2808,1786,3759,3201,1980
38.1934,4038,2807,1786,3760,3201,1980
38.2139,4038,2807,1786,3760,3201,1980
38.2345,4038,2807,1786,3760,3201,1980
38.2550,4038,2807,1786,3760,3201,1980
38.2755,4038,2807,1786,3760,3201,1980
38.2956,4038,2807,1786,3760,3201,1980
38.3164,4038,2807,1786,3760,3201,1980
38.3372,4038,2807,1786,3760,3201,1980
38.3574,4038,2807,1786,3760,3201,1980
38.3779,4038,2807,1786,3760,3201,1980
38.3981,4038,2807,1786,3760,3201,1980
38.4186,4038,2807,1786,3760,3201,1980
38.4388,4038,2807,1786,3760,3201,1980
38.4592,4038,2807,1786,3760,3201,1980
38.4797,4038,2807,1786,3760,3201,1980
38.5000,4038,2807,1786,3760,3201,1980
38.5206,4038,2807,1786,3760,3201,1980
38.5411,4038,2807,1786,3760,3201,1980
38.5624,4038,2807,1786,3760,3201,1980
38.5830,4038,2807,1786,3760,3201,1980
38.6033,4038,2807,1786,3760,3201,1980
38.6239,4038,2807,1786,3760,3201,1980
38.6442,4038,2807,1786,3760,3201,1980
38.6646,4038,2807,1786,3760,3201,1980
38.6851,4038,2807,1786,3760,3201,1980
38.7056,4038,2807,1786,3760,3201,1980
38.7257,4038,2807,1786,3760,3201,1980
38.7462,4038,2807,1786,3760,3201,1980
38.7668,4038,2807,1786,3759,3201,1980
38.7874,4038,2807,1787,3759,3201,1980
38.8076,4038,2807,1787,3759,3201,1980
38.8279,4038,2807,1787,3759,3201,1980
38.8486,4038,2807,1787,3759,3201,1980
38.8693,4038,2807,1787,3759,3201,1980
38.8896,4038,2807,1787,3759,3201,1980
38.9101,4038,2807,1788,3759,3201,1980
38.9302,4038,2806,1788,3759,3201,1980
38.9506,4039,2806,1789,3759,3201,1980
38.9709,4039,2806,1789,3759,3201,1980
38.9915,4039,2806,1790,3759,3201,1980
39.0118,4039,2805,1791,3759,3201,1980
39.0321,4039,2805,1791,3759,3201,1980
39.0523,4039,2805,1791,3759,3201,1980
39.0729,4039,2805,1791,3759,3201,1980
39.0931,4039,2805,1791,3759,3201,1980
39.1134,4039,2805,1791,3759,3201,1980
39.1340,4039,2805,1791,3759,3201,1980
39.1543,4039,2805,1791,3759,3201,1980
39.1749,4039,2805,1791,3759,3201,1980
39.1953,4039,2805,1791,3759,3201,1980
39.2157,4039,2805,1791,3759,3201,1980
39.2363,4039,2805,1791,3759,3201,1980
39.2568,4039,2805,1791,3759,3201,1980
39.2772,4040,2805,1791,3759,3201,1980
39.2977,4040,2805,1791,3759,3201,1980
39.3179,4040,2805,1791,3759,3201,1980
39.3387,4040,2805,1791,3759,3201,1980
39.3590,4040,2805,1791,3759,3201,1980
39.3792,4040,2805,1791,3759,3201,1980
39.3997,4040,2805,1791,3759,3201,1980
39.4198,4040,2805,1791,3759,3200,1980
39.4400,4040,2805,1791,3759,3200,1980
39.4605,4039,2805,1791,3759,3200,1980
39.4810,4039,2805,1791,3759,3200,1980
39.5017,4039,2805,1791,3759,3200,1980
39.5217,4038,2805,1791,3760,3199,1980
39.5421,4038,2805,1791,3760,3199,1980
39.5632,4038,2805,1791,3760,3199,1980
39.5837,4038,2805,1791,3760,3199,1980
39.6038,4037,2805,1791,3760,3199,1980
39.6239,4037,2805,1791,3760,3199,1980
39.6444,4037,2805,1791,3760,3199,1980
39.6650,4037,2805,1791,3760,3199,1980
39.6855,4037,2805,1791,3760,3199,1980
39.7059,4037,2805,1791,3760,3199,1980
39.7262,4037,2805,1791,3760,3199,1980
39.7466,4037,2805,1791,3760,3199,1980
39.7668,4037,2805,1791,3760,3199,1980
39.7871,4037,2805,1791,3760,3199,1980
39.8072,4037,2805,1791,3761,3199,1980
39.8274,4037,2805,1791,3761,3199,1980
39.8481,4037,2805,1791,3761,3199,1980
39.8683,4037,2805,1791,3761,3199,1980
39.8888,4037,2805,1790,3761,3199,1980
39.9090,4037,2805,1790,3761,3199,1980
39.9291,4037,2805,1790,3761,3199,1980
39.9499,4037,2805,1790,3761,3199,1980
39.9702,4037,2805,1790,3761,3199,1980
39.9905,4037,2805,1790,3761,3199,1980
40.0107,4037,2805,1790,3761,3199,1980
40.0315,4037,2805,1790,3761,3199,1980
40.0517,4037,2805,1790,3761,3199,1980
40.0722,4037,2805,1790,3761,3199,1980
40.0926,4037,2805,1790,3761,3199,1980
40.1132,4037,2806,1790,3761,3199,1980
40.1332,4037,2806,1790,3761,3199,1980
40.1534,4037,2806,1790,3761,3199,1980
40.1736,4037,2806,1790,3761,3199,1980
40.1941,4037,2806,1790,3761,3199,1980
40.2142,4037,2806,1790,3761,3199,1980
40.2343,4037,2807,1789,3761,3199,1980
40.2545,4037,2807,1789,3761,3199,1980
40.2749,4037,2807,1789,3761,3199,1980
40.2950,4037,2808,1788,3761,3199,1980
40.3155,4037,2808,1788,3761,3199,1980
40.3356,4037,2808,1788,3761,3199,1980
40.3561,4037,2808,1788,3761,3199,1980
40.3765,4038,2808,1788,3761,3199,1980
40.3965,4038,2808,1788,3761,3199,1980
40.4169,4038,2808,1788,3761,3199,1980
40.4373,4039,2808,1788,3761,3200,1980
40.4577,4039,2808,1788,3761,3200,1980
40.4780,4039,2809,1788,3761,3200,1980
40.4986,4039,2809,1788,3761,3200,1980
40.5190,4039,2809,1788,3761,3200,1980
40.5398,4039,2809,1788,3761,3200,1980
40.5600,4039,2809,1788,3761,3200,1980
40.5804,4039,2809,1788,3761,3200,1980
40.6011,4039,2809,1788,3761,3200,1980
40.6218,4039,2809,1788,3761,3200,1980
40.6421,4039,2809,1788,3761,3200,1980
40.6625,4040,2809,1789,3761,3200,1980
40.6827,4040,2809,1789,3761,3201,1980
40.7033,4040,2809,1789,3761,3201,1980
40.7238,4040,2809,1789,3761,3201,1980
40.7443,4041,2809,1789,3761,3201,1980
40.7651,4041,2809,1789,3761,3201,1980
40.7881,4041,2809,1789,3761,3201,1980
40.8084,4041,2809,1789,3761,3201,1980
40.8286,4042,2809,1789,3761,3201,1980
40.8493,4042,2808,1789,3761,3201,1980
40.8694,4042,2808,1789,3761,3201,1980
40.8895,4042,2808,1789,3761,3201,1980
40.9096,4042,2808,1789,3762,3202,1980
40.9299,4043,2808,1789,3762,3202,1980
40.9503,4043,2808,1789,3762,3202,1980
40.9708,4043,2808,1789,3762,3202,1980
40.9912,4043,2808,1789,3762,3202,1980
41.0117,4044,2808,1789,3762,3202,1980
41.0323,4044,2808,1789,3762,3203,1980
41.0526,4044,2808,1789,3762,3203,1980
41.0733,4044,2808,1789,3762,3203,1980
41.0936,4044,2808,1790,3762,3203,1980
41.1144,4044,2807,1790,3762,3203,1980
41.1347,4044,2807,1790,3762,3203,1980
41.1547,4044,2807,1790,3763,3203,1980
41.1752,4044,2807,1790,3763,3203,1980
41.1954,4045,2807,1790,3763,3204,1980
41.2158,4045,2806,1791,3763,3204,1980
41.2366,4046,2806,1791,3763,3205,1980
41.2570,4047,2806,1791,3763,3206,1980
41.2771,4048,2806,1792,3763,3206,1980
41.2974,4049,2806,1792,3763,3207,1980
41.3180,4050,2806,1792,3763,3207,1980
41.3385,4052,2806,1792,3763,3207,1980
41.3589,4053,2806,1793,3763,3208,1980
41.3795,4055,2806,1793,3763,3209,1980
41.3995,4057,2806,1793,3763,3209,1980
41.4196,4059,2806,1793,3763,3210,1980
41.4405,4061,2806,1793,3763,3211,1980
41.4606,4063,2807,1793,3763,3211,1980
41.4811,4065,2807,1793,3763,3212,1980
41.5014,4067,2808,1793,3763,3213,1980
41.5215,4069,2808,1793,3763,3213,1980
41.5418,4071,2809,1793,3763,3213,1980
41.5621,4073,2809,1793,3763,3213,1980
41.5824,4075,2810,1793,3763,3213,1980
41.6028,4077,2811,1793,3763,3213,1980
41.6230,4078,2811,1793,3763,3214,1980
41.6434,4080,2811,1793,3763,3214,1980
41.6638,4081,2812,1793,3763,3214,1980
41.6842,4083,2812,1793,3763,3214,1980
41.7045,4085,2812,1793,3763,3214,1980
41.7251,4087,2812,1793,3763,3214,1980
41.7456,4089,2813,1793,3763,3214,1980
41.7660,4090,2813,1793,3763,3214,1980
41.7861,4092,2813,1794,3763,3215,1980
41.8067,4094,2813,1794,3763,3215,1980
41.8269,0,2813,1794,3763,3215,1980
41.8475,2,2814,1795,3763,3215,1980
41.8679,4,2814,1795,3763,3215,1980
41.8879,6,2814,1796,3763,3215,1980
41.9080,8,2814,1797,3763,3215,1980
41.9285,10,2814,1798,3763,3215,1980
41.9489,13,2815,1798,3763,3215,1980
41.9691,15,2816,1798,3763,3215,1980
41.9898,18,2816,1798,3763,3215,1980
42.0103,20,2817,1798,3763,3215,1980
42.0308,23,2818,1798,3761,3215,1980
42.0514,25,2819,1798,3760,3215,1980
42.0717,28,2820,1798,3759,3214,1980
42.0924,31,2821,1798,3758,3214,1980
42.1128,34,2821,1798,3756,3214,1980
42.1332,37,2822,1798,3755,3214,1980
42.1536,40,2823,1798,3754,3214,1980
42.1737,43,2824,1798,3754,3214,1980
42.1938,46,2825,1798,3753,3214,1980
42.2143,49,2825,1798,3752,3214,1980
42.2343,52,2826,1798,3752,3215,1980
42.2547,55,2827,1798,3751,3215,1980
42.2751,58,2828,1798,3750,3215,1980
42.2955,61,2829,1798,3750,3215,1980
42.3161,64,2830,1798,3749,3215,1980
42.3361,68,2831,1798,3748,3216,1980
42.3563,71,2831,1798,3748,3216,1980
42.3764,73,2833,1798,3746,3216,1980
42.3966,77,2833,1798,3745,3217,1980
42.4169,79,2835,1798,3744,3217,1980
42.4373,82,2836,1798,3743,3217,1980
42.4575,86,2837,1799,3742,3217,1980
42.4779,89,2838,1799,3742,3217,1980
42.4981,92,2840,1799,3740,3217,1980
42.5181,95,2841,1799,3739,3217,1980
42.5386,98,2843,1799,3738,3217,1980
42.5592,101,2844,1799,3737,3217,1980
42.5795,104,2846,1799,3736,3217,1980
42.5996,107,2847,1799,3735,3217,1980
42.6197,111,2849,1799,3734,3217,1980
42.6401,114,2851,1799,3733,3217,1980
42.6604,117,2852,1799,3732,3217,1980
42.6809,121,2854,1799,3731,3217,1980
42.7010,124,2855,1799,3731,3217,1980
42.7215,127,2857,1799,3730,3217,1980
42.7416,131,2859,1799,3729,3217,1980
42.7619,134,2860,1799,3728,3217,1980
42.7821,137,2862,1798,3727,3217,1980
42.8021,140,2863,1798,3726,3217,1980
42.8222,143,2865,1797,3726,3217,1980
42.8423,146,2867,1796,3725,3217,1980
42.8628,149,2868,1795,3724,3217,1980
42.8832,152,2870,1794,3724,3217,1980
42.9036,155,2872,1793,3723,3217,1980
42.9239,159,2874,1793,3723,3217,1980
42.9442,162,2875,1792,3722,3217,1980
42.9646,165,2877,1790,3722,3217,1980
42.9847,168,2879,1789,3722,3217,1980
43.0050,172,2881,1788,3721,3217,1980
43.0253,175,2882,1787,3720,3217,1980
43.0458,178,2883,1787,3719,3217,1980
43.0661,181,2885,1786,3718,3217,1980
43.0864,184,2887,1786,3718,3217,1980
43.1067,187,2888,1786,3717,3217,1980
43.1273,190,2889,1785,3717,3217,1980
43.1477,193,2890,1785,3716,3217,1980
43.1683,197,2891,1785,3716,3217,1980
43.1888,200,2893,1784,3716,3217,1980
43.2089,203,2894,1784,3716,3217,1980
43.2291,206,2895,1784,3716,3218,1980
43.2494,209,2896,1783,3716,3218,1980
43.2701,212,2896,1783,3716,3219,1980
43.2906,215,2897,1782,3716,3219,1980
43.3113,218,2898,1781,3716,3219,1980
43.3313,221,2899,1780,3716,3220,1980
43.3516,224,2901,1779,3716,3220,1980
43.3716,227,2902,1777,3716,3221,1980
43.3922,229,2903,1776,3716,3221,1980
43.4124,232,2904,1775,3717,3221,1980
43.4327,235,2905,1774,3717,3222,1980
43.4528,237,2905,1773,3718,3222,1980
43.4734,240,2906,1772,3718,3222,1980
43.4942,243,2907,1771,3718,3223,1980
43.5146,245,2907,1770,3718,3223,1980
43.5348,248,2907,1770,3719,3224,1980
43.5551,251,2908,1769,3719,3224,1980
43.5753,253,2908,1769,3720,3224,1980
43.5956,256,2909,1768,3720,3224,1980
43.6158,259,2909,1768,3720,3224,1980
43.6367,261,2909,1767,3720,3225,1980
43.6568,264,2910,1767,3720,3225,1980
43.6775,267,2910,1766,3720,3226,1980
43.6980,270,2911,1766,3720,3226,1980
43.7183,273,2912,1765,3720,3227,1980
43.7386,276,2913,1763,3720,3227,1980
43.7591,279,2915,1762,3720,3227,1980
43.7792,282,2916,1760,3720,3228,1980
43.7993,286,2917,1759,3720,3228,1980
43.8201,289,2919,1757,3720,3228,1980
43.8405,293,2920,1756,3720,3229,1980
43.8608,297,2922,1754,3720,3229,1980
43.8813,300,2924,1752,3720,3229,1980
43.9020,303,2925,1751,3720,3230,1980
43.9222,307,2927,1749,3720,3230,1980
43.9426,311,2928,1747,3720,3230,1980
43.9638,314,2930,1745,3721,3230,1980
43.9843,318,2931,1744,3721,3230,1980
44.0047,321,2933,1742,3721,3230,1980
44.0252,324,2934,1740,3721,3230,1980
44.0453,327,2936,1739,3721,3230,1980
44.0655,330,2937,1738,3721,3230,1980
44.0860,333,2938,1736,3722,3230,1980
44.1063,335,2939,1734,3722,3230,1980
44.1265,338,2941,1733,3722,3230,1980
44.1466,340,2941,1732,3723,3230,1980
44.1671,343,2942,1731,3723,3230,1980
44.1882,346,2943,1731,3723,3230,1980
44.2083,349,2943,1731,3723,3230,1980
44.2287,351,2944,1730,3723,3230,1980
44.2491,354,2944,1730,3723,3230,1980
44.2696,357,2945,1730,3723,3230,1980
44.2898,360,2945,1730,3723,3230,1980
44.3100,362,2945,1730,3723,3230,1980
44.3301,365,2945,1730,3723,3230,1980
44.3505,368,2945,1730,3724,3230,1980
44.3710,370,2945,1730,3724,3230,1980
44.3912,373,2945,1730,3724,3230,1980
44.4114,375,2945,1730,3724,3230,1980
44.4318,378,2946,1730,3724,3230,1980
44.4522,380,2946,1730,3724,3230,1980
44.4724,382,2946,1730,3724,3230,1980
44.4930,385,2946,1730,3724,3230,1980
44.5132,387,2946,1730,3724,3230,1980
44.5335,389,2946,1730,3724,3230,1980
44.5536,391,2947,1730,3724,3230,1980
44.5742,394,2947,1729,3724,3230,1980
44.5946,396,2948,1728,3724,3230,1980
44.6146,399,2949,1728,3724,3230,1980
44.6351,402,2949,1727,3724,3230,1980
44.6556,404,2950,1726,3724,3230,1980
44.6762,407,2951,1725,3724,3230,1980
44.6966,411,2952,1724,3724,3230,1980
44.7172,414,2953,1722,3724,3230,1980
44.7374,417,2954,1721,3724,3230,1980
44.7576,420,2955,1720,3724,3230,1980
44.7780,424,2956,1718,3724,3230,1980
44.7986,427,2958,1717,3725,3230,1980
44.8190,430,2959,1716,3725,3230,1980
44.8396,434,2960,1715,3726,3230,1980
44.8601,437,2961,1714,3727,3230,1980
44.8806,440,2962,1713,3727,3230,1980
44.9008,443,2962,1712,3727,3230,1980
44.9214,446,2963,1712,3727,3230,1980
44.9415,450,2964,1711,3727,3230,1980
44.9616,453,2965,1710,3727,3230,1980
44.9822,455,2965,1710,3728,3230,1980
45.0027,458,2966,1709,3728,3230,1980
45.0228,461,2967,1709,3728,3230,1980
45.0433,463,2968,1709,3728,3230,1980
45.0636,465,2968,1708,3728,3230,1980
45.0844,467,2969,1708,3728,3231,1980
45.1046,468,2969,1707,3728,3231,1980
45.1247,469,2970,1707,3728,3231,1980
45.1452,470,2970,1707,3728,3231,1980
45.1657,471,2971,1706,3728,3231,1980
45.1859,471,2971,1706,3728,3231,1980
45.2064,471,2971,1706,3728,3231,1980
45.2269,471,2971,1706,3729,3231,1980
45.2475,469,2971,1705,3729,3231,1980
45.2676,468,2971,1705,3729,3231,1980
45.2881,467,2971,1705,3729,3231,1980
45.3081,465,2971,1705,3729,3231,1980
45.3282,463,2971,1705,3729,3231,1980
45.3486,462,2971,1705,3729,3231,1980
45.3689,460,2971,1705,3730,3231,1980
45.3897,459,2971,1705,3730,3231,1980
45.4102,458,2971,1705,3730,3231,1980
45.4307,457,2971,1705,3730,3231,1980
45.4512,456,2971,1705,3730,3231,1980
45.4716,455,2971,1705,3730,3231,1980
45.4922,455,2971,1705,3730,3231,1980
45.5123,454,2971,1705,3730,3231,1980
45.5327,454,2971,1704,3731,3231,1980
45.5529,454,2971,1704,3731,3231,1980
45.5732,453,2971,1704,3731,3231,1980
45.5935,452,2971,1703,3731,3231,1980
45.6138,452,2971,1703,3732,3231,1980
45.6339,451,2971,1703,3732,3231,1980
45.6542,450,2971,1703,3732,3231,1980
45.6748,448,2971,1703,3733,3231,1980
45.6949,447,2971,1703,3733,3231,1980
45.7153,446,2970,1703,3733,3231,1980
45.7357,446,2970,1703,3733,3231,1980
45.7560,445,2970,1704,3734,3231,1980
45.7760,445,2969,1704,3734,3231,1980
45.7967,444,2969,1704,3734,3231,1980
45.8169,444,2969,1704,3734,3231,1980
45.8373,444,2968,1704,3734,3231,1980
45.8574,444,2968,1705,3735,3231,1980
45.8778,444,2968,1705,3735,3231,1980
45.8982,444,2968,1705,3735,3231,1980
45.9186,444,2968,1705,3735,3231,1980
45.9390,444,2967,1705,3736,3231,1980
45.9595,444,2967,1705,3736,3231,1980
45.9800,444,2967,1705,3736,3231,1980
46.0004,443,2967,1705,3736,3231,1980
46.0210,443,2967,1705,3737,3231,1980
46.0416,442,2967,1705,3737,3231,1980
46.0619,442,2966,1705,3737,3231,1980
46.0823,441,2966,1705,3737,3231,1980
46.1025,440,2966,1705,3737,3231,1980
46.1226,440,2966,1705,3737,3231,1980
46.1428,439,2966,1705,3737,3231,1980
46.1631,439,2966,1706,3737,3231,1980
46.1832,438,2966,1706,3737,3231,1980
46.2035,438,2965,1707,3737,3231,1980
46.2247,438,2965,1707,3737,3231,1980
46.2448,437,2965,1708,3737,3231,1980
46.2652,437,2965,1708,3737,3231,1980
46.2860,436,2965,1708,3737,3231,1980
46.3061,436,2965,1708,3737,3231,1980
46.3266,436,2965,1708,3737,3231,1980
46.3467,436,2965,1709,3737,3231,1980
46.3668,436,2965,1709,3737,3231,1980
46.3870,436,2965,1709,3737,3231,1980
46.4072,436,2965,1709,3737,3231,1980
46.4278,436,2965,1709,3737,3231,1980
46.4485,436,2965,1709,3737,3231,1980
46.4687,436,2965,1710,3737,3231,1980
46.4892,436,2965,1710,3737,3231,1980
46.5097,435,2965,1711,3737,3231,1980
46.5298,435,2965,1711,3737,3231,1980
46.5502,435,2964,1712,3737,3230,1980
46.5706,435,2964,1712,3737,3230,1980
46.5911,435,2964,1713,3737,3230,1980
46.6111,434,2964,1713,3737,3230,1980
46.6316,434,2964,1714,3737,3230,1980
46.6517,434,2964,1714,3737,3230,1980
46.6717,433,2964,1714,3737,3230,1980
46.6922,433,2964,1714,3737,3230,1980
46.7128,432,2964,1714,3736,3230,1980
46.7333,432,2964,1715,3736,3229,1980
46.7540,432,2964,1715,3736,3229,1980
46.7746,432,2964,1715,3736,3229,1980
46.7949,432,2964,1716,3736,3229,1980
46.8151,432,2964,1716,3735,3229,1980
46.8354,432,2964,1716,3735,3229,1980
46.8558,432,2964,1716,3735,3229,1980
46.8759,432,2964,1717,3735,3229,1980
46.8963,432,2964,1717,3735,3229,1980
46.9168,432,2964,1717,3735,3229,1980
46.9373,432,2964,1717,3734,3229,1980
46.9581,432,2965,1717,3734,3229,1980
46.9781,432,2965,1717,3734,3229,1980
46.9982,432,2965,1717,3733,3229,1980
47.0186,432,2966,1717,3733,3229,1980
47.0388,432,2966,1717,3733,3229,1980
47.0590,432,2966,1717,3733,3229,1980
47.0794,432,2967,1717,3733,3229,1980
47.1000,432,2967,1717,3733,3229,1980
47.1206,431,2967,1717,3733,3229,1980
47.1413,431,2967,1717,3733,3229,1980
47.1617,431,2967,1717,3733,3229,1980
47.1821,431,2967,1717,3732,3229,1980
47.2025,431,2968,1717,3732,3228,1980
47.2228,431,2968,1717,3732,3228,1980
47.2434,431,2968,1717,3732,3228,1980
47.2637,431,2968,1717,3732,3228,1980
47.2838,431,2968,1717,3732,3228,1980
47.3041,431,2968,1717,3732,3228,1980
47.3244,431,2969,1717,3732,3228,1980
47.3449,431,2969,1717,3732,3228,1980
47.3654,431,2969,1716,3732,3228,1980
47.3859,431,2969,1716,3732,3228,1980
47.4064,431,2970,1716,3732,3228,1980
47.4264,431,2970,1716,3732,3228,1980
47.4469,431,2970,1716,3732,3229,1980
47.4671,431,2970,1716,3732,3229,1980
47.4875,431,2971,1716,3732,3229,1980
47.5083,431,2971,1716,3732,3229,1980
47.5285,431,2971,1716,3732,3229,1980
47.5492,431,2971,1716,3733,3229,1980
47.5696,431,2971,1716,3733,3229,1980
47.5898,431,2971,1716,3733,3229,1980
47.6103,431,2971,1716,3733,3229,1980
47.6309,431,2971,1716,3733,3229,1980
47.6514,431,2971,1716,3733,3229,1980
47.6716,431,2971,1716,3733,3229,1980
47.6921,431,2971,1716,3733,3229,1980
47.7124,430,2971,1716,3733,3229,1980
47.7327,430,2971,1716,3733,3229,1980
47.7532,429,2971,1716,3733,3229,1980
47.7735,429,2971,1716,3733,3229,1980
47.7940,428,2971,1716,3733,3229,1980
47.8143,428,2971,1716,3733,3229,1980
47.8348,428,2971,1717,3733,3229,1980
47.8551,428,2971,1717,3733,3229,1980
47.8757,427,2971,1717,3733,3229,1980
47.8962,427,2971,1717,3733,3229,1980
47.9167,427,2971,1717,3733,3229,1980
47.9371,427,2971,1717,3733,3229,1980
47.9576,427,2971,1717,3733,3229,1980
47.9783,427,2971,1717,3733,3229,1980
47.9987,427,2971,1717,3733,3229,1980
48.0188,427,2971,1717,3733,3229,1980
48.0390,427,2971,1717,3733,3229,1980
48.0593,427,2971,1717,3733,3229,1980
48.0796,427,2971,1718,3733,3229,1980
48.0997,427,2971,1718,3733,3229,1980
48.1204,427,2971,1718,3733,3230,1980
48.1407,427,2971,1718,3733,3230,1980
48.1611,427,2971,1719,3733,3230,1980
48.1816,427,2971,1719,3732,3230,1980
48.2020,427,2971,1720,3732,3230,1980
48.2221,427,2971,1721,3732,3230,1980
48.2427,427,2971,1721,3732,3230,1980
48.2629,427,2971,1722,3731,3230,1980
48.2837,427,2971,1722,3731,3230,1980
48.3040,427,2971,1723,3730,3230,1980
48.3245,427,2971,1724,3730,3230,1980
48.3451,427,2971,1725,3730,3230,1980
48.3656,427,2971,1726,3729,3230,1980
48.3857,427,2971,1727,3728,3230,1980
48.4062,427,2971,1728,3728,3230,1980
48.4266,427,2971,1730,3727,3230,1980
48.4469,427,2971,1731,3726,3230,1980
48.4674,427,2971,1732,3724,3230,1980
48.4875,427,2971,1734,3723,3230,1980
48.5079,427,2971,1735,3722,3230,1980
48.5281,427,2971,1737,3721,3230,1980
48.5483,427,2971,1738,3719,3230,1980
48.5684,427,2971,1739,3718,3230,1980
48.5888,427,2971,1740,3717,3230,1980
48.6093,427,2971,1742,3716,3230,1980
48.6295,427,2971,1743,3715,3230,1980
48.6497,427,2971,1744,3714,3230,1980
48.6699,427,2971,1746,3713,3230,1980
48.6902,427,2971,1747,3712,3230,1980
48.7104,427,2971,1749,3712,3230,1980
48.7307,427,2971,1750,3711,3230,1980
48.7510,427,2971,1751,3711,3230,1980
48.7714,427,2971,1752,3710,3230,1980
48.7915,427,2971,1753,3710,3230,1980
48.8117,427,2971,1754,3710,3230,1980
48.8322,426,2971,1755,3709,3230,1980
48.8526,426,2971,1756,3709,3230,1980
48.8727,426,2971,1758,3708,3230,1980
48.8930,425,2971,1759,3708,3230,1980
48.9132,425,2971,1761,3707,3229,1980
48.9336,425,2971,1763,3706,3229,1980
48.9541,425,2971,1765,3706,3229,1980
48.9746,425,2971,1767,3704,3229,1980
48.9950,425,2970,1770,3703,3229,1980
49.0155,425,2970,1773,3702,3228,1980
49.0359,425,2969,1774,3702,3228,1980
49.0561,425,2969,1777,3701,3228,1980
49.0767,425,2969,1779,3699,3228,1980
49.0968,425,2969,1780,3698,3228,1980
49.1169,425,2969,1781,3698,3228,1980
49.1372,425,2969,1783,3697,3227,1980
49.1575,424,2969,1784,3695,3227,1980
49.1781,424,2969,1785,3694,3226,1980
49.1983,424,2969,1786,3693,3226,1980
49.2187,424,2969,1787,3692,3226,1980
49.2388,423,2970,1789,3691,3225,1980
49.2591,423,2970,1791,3690,3225,1980
49.2791,423,2970,1793,3688,3224,1980
49.2994,423,2971,1795,3686,3224,1980
49.3199,423,2971,1798,3684,3224,1980
49.3407,423,2971,1801,3682,3223,1980
49.3609,423,2971,1803,3680,3223,1980
49.3811,423,2972,1806,3679,3223,1980
49.4017,423,2973,1808,3677,3223,1980
49.4222,423,2973,1810,3676,3223,1980
49.4425,423,2974,1813,3674,3223,1980
49.4627,423,2975,1815,3673,3223,1980
49.4831,423,2975,1817,3671,3223,1980
49.5043,422,2976,1820,3669,3223,1980
49.5246,421,2976,1823,3668,3223,1980
49.5450,420,2977,1826,3666,3222,1980
49.5656,419,2977,1829,3663,3221,1980
49.5860,419,2978,1833,3661,3221,1980
49.6061,418,2978,1836,3659,3220,1980
49.6265,416,2979,1840,3658,3219,1980
49.6469,415,2979,1844,3655,3217,1980
49.6671,414,2979,1847,3653,3217,1980
49.6876,413,2980,1851,3651,3216,1980
49.7079,412,2980,1854,3649,3216,1980
49.7286,411,2980,1858,3647,3215,1980
49.7492,410,2981,1862,3645,3215,1980
49.7697,409,2981,1865,3643,3214,1980
49.7901,409,2981,1869,3641,3214,1980
49.8101,408,2981,1872,3639,3214,1980
49.8302,408,2981,1876,3637,3214,1980
49.8506,407,2981,1879,3635,3214,1980
49.8708,407,2981,1883,3633,3214,1980
49.8909,407,2981,1886,3631,3214,1980
49.9114,406,2981,1890,3629,3214,1980
49.9317,406,2981,1894,3627,3214,1980
49.9523,406,2981,1897,3625,3214,1980
49.9731,406,2981,1900,3623,3214,1980
49.9931,406,2981,1903,3621,3214,1980
50.0137,406,2982,1906,3618,3214,1980
50.0344,406,2982,1909,3616,3214,1980
50.0546,406,2982,1912,3614,3214,1980
50.0749,407,2983,1914,3612,3214,1980
50.0951,407,2983,1917,3611,3214,1980
50.1159,408,2983,1920,3609,3213,1980
50.1366,408,2984,1923,3607,3213,1980
50.1569,408,2984,1926,3605,3212,1980
50.1772,408,2984,1929,3603,3212,1980
50.1976,408,2984,1931,3602,3211,1980
50.2180,408,2984,1934,3601,3211,1980
50.2383,408,2984,1936,3599,3211,1980
50.2594,408,2984,1939,3598,3210,1980
50.2798,408,2984,1941,3596,3210,1980
50.3002,408,2984,1944,3595,3209,1980
50.3203,408,2984,1947,3594,3209,1980
50.3409,408,2984,1949,3592,3209,1980
50.3614,408,2984,1953,3590,3209,1980
50.3816,408,2984,1956,3588,3208,1980
50.4018,408,2985,1959,3586,3208,1980
50.4222,408,2985,1962,3584,3208,1980
50.4426,408,2985,1966,3581,3208,1980
50.4629,408,2985,1969,3578,3208,1980
50.4834,408,2985,1973,3575,3208,1980
50.5040,407,2985,1977,3572,3208,1980
50.5243,407,2985,1981,3569,3208,1980
50.5447,407,2985,1985,3567,3208,1980
50.5652,407,2985,1990,3564,3207,1980
50.5856,407,2985,1994,3561,3207,1980
50.6060,407,2986,1998,3557,3207,1980
50.6264,406,2986,2002,3552,3207,1980
50.6470,406,2986,2006,3548,3207,1980
50.6671,406,2986,2010,3545,3207,1980
50.6872,406,2986,2014,3541,3207,1980
50.7076,406,2986,2017,3538,3207,1980
50.7283,405,2986,2020,3533,3207,1980
50.7485,405,2986,2023,3528,3208,1980
50.7689,405,2986,2027,3523,3209,1980
50.7890,404,2986,2030,3519,3209,1980
50.8091,404,2986,2033,3517,3208,1980
50.8298,404,2986,2036,3512,3208,1980
50.8499,404,2986,2040,3509,3208,1980
50.8701,404,2987,2043,3506,3208,1980
50.8909,404,2987,2047,3504,3208,1980
50.9113,404,2987,2051,3502,3208,1980
50.9315,404,2987,2056,3499,3208,1980
50.9521,405,2987,2060,3496,3208,1980
50.9724,405,2987,2064,3495,3208,1980
50.9931,405,2987,2068,3493,3208,1980
51.0136,405,2987,2071,3491,3208,1980
51.0340,405,2987,2074,3490,3208,1980
51.0542,405,2987,2077,3488,3208,1980
51.0745,405,2987,2079,3486,3208,1980
51.0949,405,2988,2080,3485,3208,1980
51.1153,404,2989,2082,3484,3208,1980
51.1358,404,2991,2083,3483,3208,1980
51.1561,403,2992,2084,3482,3208,1980
51.1766,403,2993,2085,3481,3208,1980
51.1966,402,2994,2086,3481,3207,1980
51.2167,402,2996,2087,3481,3206,1980
51.2372,401,2997,2088,3481,3205,1980
51.2573,401,2999,2088,3481,3205,1980
51.2775,401,3000,2089,3481,3205,1980
51.2980,401,3002,2089,3481,3205,1980
51.3182,400,3004,2089,3481,3205,1980
51.3385,400,3006,2089,3482,3205,1980
51.3593,400,3008,2088,3482,3204,1980
51.3795,400,3010,2086,3483,3204,1980
51.4000,400,3013,2085,3484,3204,1980
51.4202,400,3016,2083,3485,3204,1980
51.4407,400,3019,2081,3485,3204,1980
51.4613,399,3022,2079,3485,3204,1980
51.4816,399,3025,2077,3486,3204,1980
51.5021,399,3029,2075,3486,3204,1980
51.5222,399,3031,2073,3486,3204,1980
51.5425,399,3035,2071,3486,3204,1980
51.5628,399,3037,2070,3486,3204,1980
51.5832,398,3040,2068,3486,3204,1980
51.6040,398,3043,2067,3486,3203,1980
51.6242,398,3046,2065,3486,3203,1980
51.6445,398,3049,2064,3486,3203,1980
51.6648,398,3052,2062,3486,3203,1980
51.6855,398,3055,2060,3486,3203,1980
51.7059,398,3058,2058,3486,3203,1980
51.7264,398,3061,2055,3487,3203,1980
51.7465,398,3064,2052,3488,3203,1980
51.7670,398,3067,2048,3489,3203,1980
51.7875,399,3071,2044,3489,3203,1980
51.8079,399,3074,2040,3490,3203,1980
51.8281,399,3077,2036,3491,3202,1980
51.8484,399,3080,2031,3492,3201,1980
51.8685,399,3084,2027,3493,3201,1980
51.8888,399,3086,2023,3495,3201,1980
51.9093,399,3089,2019,3496,3201,1980
51.9299,399,3091,2015,3497,3201,1980
51.9501,399,3093,2012,3499,3201,1980
51.9701,399,3095,2008,3501,3201,1980
51.9902,399,3096,2004,3503,3201,1980
52.0108,399,3097,2001,3505,3201,1980
52.0309,399,3098,1998,3506,3201,1980
52.0510,399,3098,1995,3508,3201,1980
52.0714,399,3099,1993,3508,3201,1980
52.0923,399,3099,1992,3509,3201,1980
52.1127,399,3099,1990,3509,3201,1980
52.1330,399,3099,1990,3510,3201,1980
52.1534,400,3099,1989,3510,3201,1980
52.1738,400,3099,1989,3510,3201,1980
52.1941,400,3099,1989,3510,3201,1980
52.2145,401,3098,1990,3510,3201,1980
52.2346,401,3098,1990,3510,3201,1980
52.2550,401,3097,1991,3510,3201,1980
52.2754,401,3096,1991,3510,3201,1980
52.2959,402,3095,1991,3509,3201,1980
52.3160,402,3095,1991,3508,3201,1980
52.3368,402,3094,1991,3506,3201,1980
52.3577,401,3094,1991,3504,3201,1980
52.3780,401,3093,1992,3503,3201,1980
52.3983,400,3093,1992,3502,3201,1980
52.4186,400,3092,1992,3501,3201,1980
52.4390,399,3091,1993,3499,3201,1980
52.4595,399,3091,1994,3497,3201,1980
52.4798,398,3090,1996,3495,3200,1980
52.5003,398,3090,1998,3492,3200,1980
52.5205,397,3089,1999,3489,3199,1980
52.5409,397,3088,2001,3486,3197,1980
52.5610,396,3088,2004,3482,3196,1980
52.5814,396,3087,2007,3477,3194,1980
52.6017,396,3086,2011,3470,3193,1980
52.6220,396,3085,2015,3463,3193,1980
52.6424,396,3084,2019,3458,3192,1980
52.6629,396,3084,2022,3454,3192,1980
52.6831,396,3084,2025,3449,3192,1980
52.7032,396,3084,2028,3442,3190,1980
52.7235,396,3083,2032,3434,3188,1980
52.7441,396,3083,2035,3428,3187,1980
52.7644,396,3083,2038,3425,3187,1980
52.7850,396,3083,2040,3423,3187,1980
52.8055,396,3083,2042,3419,3187,1980
52.8260,396,3083,2045,3416,3187,1980
52.8463,396,3083,2047,3413,3187,1980
52.8668,396,3083,2048,3410,3187,1980
52.8871,396,3083,2050,3408,3187,1980
52.9072,396,3083,2052,3407,3187,1980
52.9273,396,3084,2054,3406,3187,1980
52.9477,396,3084,2055,3405,3187,1980
52.9680,396,3085,2058,3402,3186,1980
52.9882,396,3086,2060,3399,3186,1980
53.0083,396,3086,2062,3397,3186,1980
53.0287,396,3087,2064,3395,3186,1980
53.0493,396,3087,2066,3393,3186,1980
53.0693,396,3087,2067,3392,3186,1980
53.0897,396,3087,2068,3391,3185,1980
53.1097,396,3088,2069,3390,3185,1980
53.1304,396,3088,2070,3387,3185,1980
53.1507,397,3088,2070,3385,3185,1980
53.1712,397,3088,2071,3383,3185,1980
53.1915,397,3088,2072,3381,3185,1980
53.2119,397,3089,2072,3380,3185,1980
53.2326,397,3089,2073,3378,3185,1980
53.2529,398,3090,2073,3376,3185,1980
53.2732,398,3090,2074,3374,3185,1980
53.2933,398,3090,2076,3373,3185,1980
53.3137,399,3091,2077,3371,3185,1980
53.3341,399,3091,2079,3370,3185,1980
53.3543,399,3091,2081,3368,3185,1980
53.3752,400,3091,2083,3366,3185,1980
53.3955,400,3091,2085,3365,3185,1980
53.4160,401,3091,2087,3364,3185,1980
53.4364,401,3091,2089,3364,3185,1980
53.4565,402,3091,2092,3363,3185,1980
53.4769,402,3090,2094,3361,3185,1980
53.4970,402,3090,2096,3360,3185,1980
53.5172,403,3089,2099,3358,3185,1980
53.5374,403,3089,2102,3357,3185,1980
53.5579,403,3088,2104,3355,3186,1980
53.5782,403,3088,2106,3354,3186,1980
53.5984,404,3088,2108,3353,3186,1980
53.6185,404,3088,2110,3351,3186,1980
53.6389,404,3088,2112,3349,3186,1980
53.6593,404,3088,2114,3347,3186,1980
53.6796,404,3088,2116,3344,3186,1980
53.7000,404,3088,2118,3341,3186,1980
53.7205,404,3088,2119,3339,3186,1980
53.7413,404,3088,2121,3337,3186,1980
53.7619,404,3088,2122,3335,3186,1980
53.7820,404,3088,2124,3333,3186,1980
53.8023,404,3088,2124,3332,3186,1980
53.8228,404,3088,2125,3330,3186,1980
53.8432,404,3088,2125,3329,3186,1980
53.8633,404,3088,2125,3327,3186,1980
53.8837,404,3088,2125,3325,3186,1980
53.9041,404,3088,2125,3324,3186,1980
53.9246,404,3088,2125,3323,3186,1980
53.9451,405,3088,2125,3321,3186,1980
53.9653,405,3088,2125,3320,3186,1980
53.9860,405,3089,2125,3318,3186,1980
54.0064,406,3089,2125,3317,3186,1980
54.0267,406,3089,2125,3315,3186,1980
54.0473,406,3090,2125,3314,3186,1980
54.0674,406,3090,2125,3313,3186,1980
54.0877,406,3090,2125,3312,3186,1980
54.1081,407,3090,2125,3309,3186,1980
54.1283,407,3091,2125,3306,3186,1980
54.1483,408,3091,2125,3303,3186,1980
54.1687,408,3091,2125,3302,3186,1980
54.1890,408,3091,2125,3300,3186,1980
54.2094,409,3091,2125,3299,3186,1980
54.2299,409,3091,2125,3298,3186,1980
54.2503,410,3091,2125,3297,3186,1980
54.2705,410,3091,2125,3296,3186,1980
54.2913,411,3091,2125,3296,3186,1980
54.3116,411,3091,2125,3295,3186,1980
54.3320,412,3091,2125,3295,3186,1980
54.3521,412,3091,2126,3295,3186,1980
54.3729,413,3091,2126,3294,3186,1980
54.3933,413,3091,2127,3293,3186,1980
54.4137,414,3091,2127,3293,3186,1980
54.4343,414,3091,2128,3293,3186,1980
54.4544,414,3091,2128,3293,3186,1980
54.4748,415,3091,2129,3292,3186,1980
54.4951,415,3090,2129,3292,3186,1980
54.5152,416,3090,2130,3292,3186,1980
54.5354,416,3090,2130,3292,3186,1980
54.5558,416,3089,2131,3292,3186,1980
54.5762,416,3089,2132,3292,3186,1980
54.5964,416,3089,2132,3291,3185,1980
54.6168,416,3089,2133,3290,3185,1980
54.6374,416,3089,2134,3289,3185,1980
54.6579,416,3088,2136,3289,3185,1980
54.6785,416,3088,2136,3288,3185,1980
54.6988,416,3088,2137,3288,3185,1980
54.7189,416,3088,2138,3287,3184,1980
54.7396,416,3088,2139,3287,3184,1980
54.7602,416,3087,2139,3286,3184,1980
54.7807,416,3087,2140,3286,3184,1980
54.8012,416,3087,2140,3286,3184,1980
54.8215,416,3087,2140,3286,3184,1980
54.8419,415,3087,2140,3285,3184,1980
54.8623,415,3087,2140,3285,3184,1980
54.8824,415,3087,2140,3285,3184,1980
54.9026,415,3087,2140,3285,3184,1980
54.9227,415,3087,2140,3285,3184,1980
54.9433,415,3087,2140,3284,3184,1980
54.9639,415,3087,2140,3284,3184,1980
54.9842,415,3087,2140,3284,3183,1980
55.0048,414,3088,2140,3283,3183,1980
55.0251,414,3088,2140,3282,3183,1980
55.0453,414,3088,2141,3282,3183,1980
55.0656,414,3089,2141,3282,3183,1980
55.0859,413,3089,2141,3282,3183,1980
55.1060,413,3089,2141,3281,3183,1980
55.1263,413,3089,2142,3281,3183,1980
55.1471,412,3089,2142,3281,3183,1980
55.1673,412,3090,2143,3280,3182,1980
55.1878,412,3090,2144,3279,3182,1980
55.2082,411,3090,2145,3279,3182,1980
55.2285,411,3090,2145,3278,3182,1980
55.2489,411,3090,2146,3278,3182,1980
55.2690,411,3091,2147,3277,3182,1980
55.2891,410,3091,2148,3277,3181,1980
55.3096,410,3091,2148,3276,3181,1980
55.3300,410,3091,2150,3275,3181,1980
55.3504,410,3091,2151,3275,3181,1980
55.3713,410,3091,2152,3274,3181,1980
55.3917,410,3091,2152,3273,3181,1980
55.4121,410,3091,2154,3273,3181,1980
55.4325,410,3091,2154,3272,3181,1980
55.4530,410,3091,2155,3272,3181,1980
55.4736,410,3091,2155,3271,3181,1980
55.4940,410,3091,2156,3270,3181,1980
55.5152,410,3091,2157,3270,3181,1980
55.5357,410,3091,2157,3270,3181,1980
55.5562,410,3091,2158,3269,3181,1980
55.5762,410,3091,2158,3268,3181,1980
55.5965,410,3091,2158,3268,3181,1980
55.6169,410,3091,2159,3268,3181,1980
55.6371,410,3091,2160,3267,3181,1980
55.6576,410,3091,2160,3267,3180,1980
55.6781,410,3092,2160,3267,3180,1980
55.6983,410,3092,2161,3266,3179,1980
55.7186,410,3093,2161,3265,3179,1980
55.7390,409,3093,2161,3265,3179,1980
55.7594,409,3093,2161,3264,3179,1980
55.7799,408,3093,2161,3264,3179,1980
55.8000,408,3094,2161,3263,3179,1980
55.8209,408,3095,2160,3263,3179,1980
55.8417,408,3096,2159,3262,3179,1980
55.8620,408,3097,2158,3262,3179,1980
55.8822,408,3097,2158,3261,3179,1980
55.9027,408,3098,2157,3260,3179,1980
55.9233,408,3099,2157,3260,3179,1980
55.9434,408,3099,2157,3260,3179,1980
55.9638,408,3100,2158,3260,3179,1980
55.9840,408,3100,2159,3259,3179,1980
56.0043,408,3100,2160,3258,3179,1980
56.0244,408,3100,2162,3258,3179,1980
56.0446,408,3100,2163,3258,3179,1980
56.0651,408,3100,2165,3257,3179,1980
56.0854,409,3100,2167,3257,3179,1980
56.1067,409,3099,2169,3257,3179,1980
56.1272,409,3099,2170,3256,3179,1980
56.1473,409,3099,2172,3256,3179,1980
56.1676,409,3099,2173,3256,3179,1980
56.1879,409,3099,2174,3255,3179,1980
56.2082,409,3099,2174,3255,3179,1980
56.2288,409,3099,2175,3254,3179,1980
56.2488,409,3099,2175,3254,3179,1980
56.2695,409,3099,2175,3254,3179,1980
56.2898,409,3099,2175,3253,3179,1980
56.3103,409,3099,2175,3253,3179,1980
56.3304,409,3099,2176,3253,3179,1980
56.3505,409,3099,2176,3253,3179,1980
56.3709,409,3099,2176,3253,3179,1980
56.3914,409,3099,2177,3253,3179,1980
56.4117,409,3099,2177,3252,3179,1980
56.4322,409,3099,2178,3252,3179,1980
56.4527,409,3099,2178,3252,3179,1980
56.4728,410,3098,2179,3252,3179,1980
56.4929,410,3098,2180,3252,3179,1980
56.5130,410,3098,2180,3252,3179,1980
56.5331,410,3098,2181,3252,3179,1980
56.5536,410,3098,2181,3251,3179,1980
56.5737,410,3098,2181,3251,3179,1980
56.5942,410,3098,2182,3251,3179,1980
56.6146,410,3098,2182,3251,3179,1980
56.6347,410,3098,2182,3250,3179,1980
56.6553,410,3098,2183,3250,3179,1980
56.6762,410,3098,2183,3250,3179,1980
56.6965,410,3098,2183,3250,3179,1980
56.7169,410,3098,2184,3250,3179,1980
56.7375,410,3098,2185,3249,3179,1980
56.7578,410,3098,2186,3249,3179,1980
56.7778,410,3098,2186,3249,3179,1980
56.7981,410,3098,2187,3249,3178,1980
56.8185,411,3098,2187,3249,3178,1980
56.8391,411,3098,2188,3249,3178,1980
56.8592,411,3098,2188,3249,3178,1980
56.8797,411,3098,2188,3249,3178,1980
56.9001,411,3098,2188,3249,3178,1980
56.9206,412,3098,2189,3249,3178,1980
56.9412,412,3098,2189,3249,3178,1980
56.9615,412,3098,2189,3249,3178,1980
56.9819,412,3099,2189,3249,3178,1980
57.0022,412,3099,2189,3249,3178,1980
57.0228,412,3099,2190,3249,3178,1980
57.0442,412,3099,2190,3249,3178,1980
57.0649,412,3099,2190,3249,3178,1980
57.0857,412,3099,2190,3249,3178,1980
57.1059,412,3099,2190,3249,3178,1980
57.1265,412,3099,2190,3249,3178,1980
57.1467,412,3099,2190,3249,3178,1980
57.1673,412,3099,2190,3249,3178,1980
57.1874,412,3099,2190,3249,3178,1980
57.2077,412,3099,2190,3249,3178,1980
57.2283,412,3099,2190,3249,3178,1980
57.2486,411,3099,2190,3249,3178,1980
57.2690,411,3099,2190,3250,3178,1980
57.2894,411,3099,2191,3250,3178,1980
57.3098,411,3099,2191,3250,3178,1980
57.3298,411,3099,2191,3250,3178,1980
57.3500,411,3099,2192,3250,3178,1980
57.3704,411,3099,2192,3250,3178,1980
57.3907,410,3099,2192,3250,3178,1980
57.4113,410,3099,2192,3250,3178,1980
57.4318,410,3099,2192,3250,3178,1980
57.4521,410,3099,2192,3250,3178,1980
57.4725,410,3099,2192,3250,3177,1980
57.4930,410,3099,2192,3250,3177,1980
57.5133,409,3099,2192,3250,3177,1980
57.5338,409,3099,2192,3250,3177,1980
57.5543,409,3100,2192,3250,3177,1980
57.5748,409,3100,2193,3249,3177,1980
57.5951,409,3100,2194,3249,3177,1980
57.6156,409,3100,2195,3248,3177,1980
57.6364,409,3100,2195,3248,3177,1980
57.6568,409,3100,2196,3247,3177,1980
57.6776,409,3100,2197,3247,3177,1980
57.6978,409,3100,2199,3247,3177,1980
57.7179,409,3100,2200,3247,3177,1980
57.7383,409,3100,2200,3246,3177,1980
57.7586,409,3100,2201,3246,3177,1980
57.7791,409,3100,2202,3245,3177,1980
57.7996,408,3100,2203,3244,3177,1980
57.8201,408,3100,2204,3243,3177,1980
57.8406,408,3100,2204,3243,3177,1980
57.8611,408,3100,2205,3242,3177,1980
57.8812,407,3100,2206,3241,3177,1980
57.9015,407,3100,2207,3241,3177,1980
57.9220,407,3100,2208,3240,3177,1980
57.9422,407,3100,2209,3240,3177,1980
57.9627,407,3100,2210,3239,3177,1980
57.9829,407,3100,2211,3239,3177,1980
58.0041,407,3100,2212,3239,3177,1980
58.0244,407,3100,2213,3239,3177,1980
58.0447,407,3100,2213,3239,3177,1980
58.0654,407,3100,2214,3239,3177,1980
58.0857,407,3100,2215,3239,3177,1980
58.1063,407,3100,2216,3238,3177,1980
58.1268,407,3100,2217,3238,3177,1980
58.1470,408,3100,2218,3237,3177,1980
58.1674,408,3100,2219,3237,3177,1980
58.1876,408,3100,2220,3236,3177,1980
58.2082,408,3099,2221,3236,3177,1980
58.2282,408,3099,2222,3235,3177,1980
58.2486,409,3099,2223,3235,3177,1980
58.2689,409,3099,2224,3234,3177,1980
58.2891,409,3099,2225,3234,3177,1980
58.3095,409,3099,2226,3234,3177,1980
58.3299,410,3099,2226,3234,3177,1980
58.3503,410,3099,2227,3233,3177,1980
58.3706,410,3099,2228,3233,3177,1980
58.3910,410,3099,2228,3233,3177,1980
58.4115,410,3099,2229,3232,3177,1980
58.4321,411,3099,2229,3232,3177,1980
58.4526,411,3099,2229,3232,3177,1980
58.4727,411,3099,2230,3232,3177,1980
58.4927,411,3098,2230,3232,3177,1980
58.5137,411,3098,2230,3232,3177,1980
58.5337,411,3098,2230,3232,3177,1980
58.5542,411,3098,2230,3232,3177,1980
58.5749,411,3098,2230,3232,3177,1980
58.5952,411,3098,2230,3232,3177,1980
58.6155,411,3098,2230,3232,3177,1980
58.6361,411,3097,2230,3232,3177,1980
58.6564,411,3097,2230,3232,3177,1980
58.6767,411,3097,2230,3232,3177,1980
58.6967,411,3097,2230,3232,3177,1980
58.7170,411,3096,2231,3232,3177,1981
58.7373,411,3096,2231,3232,3177,1981
58.7579,411,3096,2232,3232,3177,1981
58.7782,411,3096,2232,3232,3177,1981
58.7987,411,3096,2233,3232,3177,1981
58.8192,411,3095,2234,3232,3177,1981
58.8396,411,3095,2234,3232,3177,1981
58.8597,411,3095,2235,3232,3177,1981
58.8805,411,3095,2235,3232,3177,1981
58.9006,411,3095,2236,3232,3177,1981
58.9209,411,3095,2236,3232,3177,1981
58.9414,411,3095,2237,3232,3177,1981
58.9620,411,3095,2238,3231,3178,1981
58.9828,411,3095,2238,3231,3178,1981
59.0038,411,3095,2239,3231,3179,1981
59.0241,411,3095,2239,3231,3179,1981
59.0442,411,3095,2240,3231,3179,1981
59.0645,411,3095,2240,3230,3179,1981
59.0849,411,3095,2240,3230,3179,1981
59.1054,411,3095,2241,3230,3179,1981
59.1255,410,3095,2241,3230,3179,1981
59.1458,410,3095,2241,3230,3179,1981
59.1664,410,3095,2241,3229,3179,1981
59.1868,410,3095,2241,3229,3179,1981
59.2075,410,3095,2241,3229,3179,1981
59.2275,410,3095,2242,3228,3179,1981
59.2478,410,3095,2242,3228,3179,1981
59.2683,410,3096,2242,3228,3179,1981
59.2890,410,3096,2243,3228,3179,1981
59.3097,411,3097,2244,3227,3179,1981
59.3301,411,3097,2245,3227,3179,1981
59.3504,411,3097,2246,3227,3179,1981
59.3707,411,3098,2246,3226,3179,1981
59.3909,411,3098,2247,3226,3179,1981
59.4112,411,3098,2247,3226,3179,1981
59.4314,411,3098,2247,3226,3179,1981
59.4520,411,3099,2248,3225,3179,1981
59.4720,411,3099,2248,3225,3180,1981
59.4920,411,3099,2248,3225,3180,1981
59.5126,411,3099,2248,3225,3180,1981
59.5329,411,3099,2248,3225,3180,1981
59.5533,411,3099,2249,3225,3180,1981
59.5734,411,3099,2249,3225,3180,1981
59.5937,411,3099,2249,3225,3180,1981
59.6140,411,3099,2249,3225,3180,1981
59.6344,411,3099,2249,3225,3180,1981
59.6550,411,3099,2249,3225,3180,1981
59.6753,411,3099,2249,3225,3180,1981
59.6957,411,3099,2249,3225,3180,1981
59.7160,411,3099,2248,3225,3180,1981
59.7365,411,3099,2248,3225,3180,1981
59.7567,411,3099,2248,3225,3180,1981
59.7772,411,3099,2248,3225,3180,1982
59.7977,410,3099,2248,3225,3180,1983
59.8180,410,3099,2248,3225,3180,1986
59.8384,409,3099,2248,3225,3180,1988
59.8589,409,3099,2248,3225,3180,1990
59.8795,408,3099,2248,3225,3180,1994
59.8998,408,3099,2248,3225,3180,1999
59.9204,407,3099,2248,3225,3180,2004
59.9409,407,3099,2248,3225,3180,2008
59.9613,407,3098,2248,3225,3180,2013
59.9818,407,3098,2248,3225,3181,2020
60.0026,407,3098,2248,3226,3181,2027
60.0231,406,3098,2248,3226,3181,2038
60.0436,406,3097,2247,3227,3181,2045
60.0638,406,3097,2247,3227,3181,2047
60.0839,406,3096,2247,3227,3181,2053
60.1046,406,3096,2247,3228,3181,2064
60.1249,405,3096,2247,3228,3181,2076
60.1452,405,3095,2247,3229,3182,2085
60.1658,404,3095,2247,3229,3182,2091
60.1862,404,3095,2247,3229,3182,2099
60.2067,404,3094,2247,3230,3182,2107
60.2271,403,3094,2247,3230,3182,2118
60.2473,403,3094,2247,3230,3182,2129
60.2674,403,3094,2247,3230,3182,2133
60.2879,402,3094,2247,3230,3182,2138
60.3087,402,3093,2247,3231,3182,2143
60.3291,402,3093,2247,3231,3182,2152
60.3494,401,3092,2247,3231,3182,2163
60.3698,401,3092,2247,3232,3182,2174
60.3902,401,3092,2247,3232,3182,2183
60.4104,401,3092,2247,3232,3182,2190
60.4309,401,3092,2247,3232,3182,2199
60.4515,400,3092,2247,3232,3182,2211
60.4719,400,3091,2247,3232,3182,2224
60.4924,400,3091,2247,3232,3182,2236
60.5129,400,3091,2247,3232,3182,2246
60.5331,400,3091,2247,3232,3182,2256
60.5538,400,3091,2247,3232,3182,2265
60.5741,401,3091,2247,3233,3182,2273
60.5945,401,3091,2248,3233,3182,2282
60.6156,401,3091,2248,3233,3182,2290
60.6361,401,3091,2248,3233,3182,2296
60.6563,401,3091,2248,3233,3182,2300
60.6765,401,3091,2248,3233,3182,2303
60.6968,401,3091,2248,3233,3182,2308
60.7171,402,3091,2248,3233,3182,2318
60.7376,402,3091,2248,3233,3182,2327
60.7576,402,3091,2248,3233,3182,2337
60.7777,402,3091,2248,3233,3182,2349
60.7979,402,3091,2248,3233,3182,2362
60.8186,402,3091,2248,3233,3183,2376
60.8393,402,3091,2248,3233,3183,2394
60.8596,402,3091,2248,3233,3183,2412
60.8798,402,3091,2248,3234,3183,2429
60.9002,402,3090,2249,3234,3183,2441
60.9207,402,3090,2249,3234,3183,2450
60.9408,402,3090,2250,3234,3183,2456
60.9608,402,3090,2250,3234,3183,2461
60.9812,402,3089,2251,3234,3183,2467
61.0016,402,3089,2251,3234,3183,2473
61.0216,402,3088,2251,3234,3183,2479
61.0420,402,3088,2251,3234,3183,2485
61.0628,402,3088,2251,3234,3183,2493
61.0830,402,3088,2251,3234,3183,2500
61.1035,402,3087,2252,3234,3183,2509
61.1240,402,3087,2252,3234,3183,2520
61.1441,402,3087,2252,3234,3183,2533
61.1645,402,3086,2253,3234,3183,2555
61.1847,402,3086,2253,3234,3183,2576
61.2051,402,3086,2253,3234,3183,2597
61.2255,402,3086,2253,3234,3183,2614
61.2457,402,3086,2254,3234,3183,2631
61.2662,402,3086,2254,3234,3183,2644
61.2862,402,3085,2254,3234,3183,2654
61.3066,402,3085,2254,3234,3183,2667
61.3270,401,3085,2254,3234,3183,2683
61.3477,401,3085,2254,3234,3183,2703
61.3679,401,3085,2254,3234,3183,2721
61.3881,401,3085,2254,3234,3183,2737
61.4084,401,3084,2255,3234,3183,2753
61.4288,401,3084,2255,3234,3183,2771
61.4491,401,3084,2255,3234,3183,2788
61.4693,401,3084,2255,3235,3183,2806
61.4894,401,3083,2255,3235,3183,2823
61.5097,401,3083,2255,3235,3183,2845
61.5302,401,3083,2255,3235,3183,2874
61.5506,401,3083,2255,3235,3183,2899
61.5711,401,3083,2255,3235,3183,2922
61.5912,401,3083,2255,3235,3183,2941
61.6115,401,3083,2255,3236,3183,2963
61.6319,401,3083,2255,3236,3183,2984
61.6520,401,3083,2255,3236,3183,2984
61.6722,401,3082,2256,3236,3183,2984
61.6926,400,3082,2256,3236,3183,2985
61.7132,400,3082,2256,3236,3183,2985
61.7333,400,3082,2256,3236,3183,2984
61.7541,400,3082,2256,3236,3183,2984
61.7746,400,3082,2256,3236,3183,2984
61.7951,399,3082,2256,3236,3183,2984
61.8160,399,3082,2256,3236,3183,2984
61.8361,399,3082,2256,3236,3183,2984
61.8571,399,3082,2256,3236,3183,2984
61.8773,399,3082,2256,3236,3183,2983
61.8978,399,3082,2256,3236,3183,2983
61.9181,399,3082,2256,3236,3183,2983
61.9382,399,3081,2256,3237,3183,2983
61.9583,399,3081,2256,3237,3183,2982
61.9788,399,3081,2256,3237,3183,2982
61.9990,399,3081,2256,3238,3183,2982
62.0193,399,3081,2256,3238,3183,2982
62.0395,398,3080,2256,3238,3183,2982
62.0601,398,3080,2256,3238,3183,2982
62.0805,398,3080,2256,3238,3183,2982
62.1013,397,3080,2256,3238,3183,2982
62.1216,397,3080,2256,3238,3183,2981
62.1416,396,3080,2256,3238,3183,2981
62.1626,396,3080,2256,3239,3183,2981
62.1831,396,3080,2256,3239,3183,2981
62.2038,395,3079,2256,3239,3183,2981
62.2241,395,3079,2256,3239,3183,2981
62.2443,395,3078,2256,3240,3183,2981
62.2651,394,3078,2256,3240,3183,2981
62.2859,394,3078,2256,3240,3183,2981
62.3059,394,3077,2256,3240,3183,2981
62.3264,394,3077,2256,3241,3183,2981
62.3469,393,3076,2255,3241,3183,2981
62.3671,393,3076,2254,3242,3183,2981
62.3872,393,3075,2254,3242,3183,2981
62.4079,393,3075,2253,3243,3183,2981
62.4282,392,3074,2252,3244,3183,2981
62.4487,392,3074,2251,3244,3183,2981
62.4688,392,3074,2250,3245,3183,2981
62.4891,392,3073,2249,3246,3183,2981
62.5099,392,3073,2248,3247,3183,2981
62.5305,392,3073,2246,3247,3183,2981
62.5513,392,3073,2245,3248,3183,2981
62.5720,392,3073,2244,3249,3183,2981
62.5925,392,3072,2242,3249,3183,2981
62.6127,393,3072,2241,3250,3183,2981
62.6333,393,3072,2240,3251,3183,2981
62.6535,394,3071,2239,3251,3183,2981
62.6740,394,3071,2238,3252,3183,2980
62.6945,394,3070,2237,3253,3183,2980
62.7147,395,3069,2236,3254,3183,2980
62.7353,395,3068,2236,3254,3183,2980
62.7554,395,3067,2236,3255,3183,2980
62.7759,395,3066,2236,3255,3183,2979
62.7960,395,3066,2236,3256,3183,2979
62.8164,395,3065,2236,3256,3183,2979
62.8368,395,3064,2236,3257,3183,2979
62.8568,395,3063,2236,3257,3183,2979
62.8774,395,3062,2236,3257,3183,2979
62.8979,395,3061,2236,3258,3183,2979
62.9179,395,3060,2236,3258,3183,2979
62.9382,395,3059,2235,3259,3183,2979
62.9586,395,3058,2235,3259,3183,2979
62.9792,395,3058,2234,3260,3183,2979
62.9993,395,3057,2234,3260,3183,2979
63.0194,395,3056,2233,3261,3183,2979
63.0400,395,3055,2233,3261,3183,2979
63.0602,395,3055,2232,3262,3183,2979
63.0806,395,3054,2232,3262,3183,2979
63.1015,395,3053,2231,3263,3183,2979
63.1219,395,3052,2231,3264,3183,2979
63.1420,395,3051,2230,3264,3183,2979
63.1622,395,3050,2230,3265,3183,2979
63.1822,394,3050,2229,3265,3183,2979
63.2028,394,3049,2229,3265,3183,2979
63.2231,394,3048,2229,3266,3183,2979
63.2432,393,3048,2228,3266,3183,2980
63.2637,393,3047,2228,3267,3183,2980
63.2840,393,3046,2228,3267,3183,2981
63.3043,393,3045,2228,3267,3183,2981
63.3243,392,3045,2227,3267,3183,2981
63.3443,392,3044,2227,3268,3183,2981
63.3648,392,3043,2226,3268,3183,2981
63.3849,392,3042,2226,3269,3183,2981
63.4056,392,3040,2226,3269,3183,2981
63.4261,391,3039,2225,3269,3183,2981
63.4467,391,3038,2225,3269,3183,2981
63.4671,391,3037,2224,3270,3183,2982
63.4875,391,3036,2223,3271,3183,2982
63.5075,391,3035,2222,3272,3183,2983
63.5281,391,3035,2221,3273,3183,2983
63.5485,391,3034,2219,3274,3183,2983
63.5690,392,3034,2218,3275,3183,2983
63.5895,392,3034,2216,3275,3183,2983
63.6103,393,3033,2214,3276,3183,2982
63.6304,393,3033,2212,3277,3183,2982
63.6508,393,3033,2210,3278,3183,2982
63.6709,393,3033,2208,3279,3183,2982
63.6909,393,3033,2206,3280,3183,2981
63.7113,393,3032,2204,3281,3183,2981
63.7315,393,3032,2201,3282,3183,2981
63.7519,393,3031,2199,3283,3183,2981
63.7722,393,3030,2197,3284,3183,2981
63.7926,393,3030,2196,3285,3183,2981
63.8129,393,3029,2194,3285,3183,2981
63.8334,393,3028,2192,3286,3183,2981
63.8536,393,3027,2191,3287,3183,2981
63.8739,393,3026,2190,3288,3183,2981
63.8941,393,3025,2189,3288,3183,2981
63.9145,393,3024,2189,3289,3183,2981
63.9350,393,3023,2189,3290,3182,2981
63.9555,392,3022,2189,3291,3182,2981
63.9760,392,3021,2189,3291,3182,2981
63.9961,391,3020,2189,3292,3182,2981
64.0163,391,3019,2189,3293,3182,2981
64.0364,391,3018,2189,3293,3182,2981
64.0570,390,3017,2188,3294,3182,2981
64.0772,390,3017,2187,3295,3182,2981
64.0973,390,3016,2187,3296,3182,2981
64.1179,390,3015,2185,3297,3182,2981
64.1382,390,3015,2184,3298,3182,2981
64.1582,390,3014,2183,3299,3182,2981
64.1787,390,3013,2182,3300,3182,2981
64.1992,390,3012,2181,3301,3182,2981
64.2197,389,3012,2180,3302,3182,2982
64.2400,389,3011,2179,3303,3182,2982
64.2612,389,3010,2177,3304,3182,2982
64.2814,389,3009,2176,3305,3182,2982
64.3017,389,3008,2176,3306,3182,2982
64.3221,389,3007,2175,3307,3182,2982
64.3426,388,3006,2174,3308,3182,2982
64.3631,388,3004,2173,3309,3182,2982
64.3833,388,3004,2172,3310,3182,2982
64.4038,387,3003,2171,3311,3182,2982
64.4242,387,3001,2170,3312,3182,2982
64.4443,386,3000,2170,3313,3182,2982
64.4647,386,2999,2169,3314,3182,2982
64.4853,385,2998,2169,3315,3182,2982
64.5054,384,2997,2168,3316,3182,2982
64.5258,383,2995,2168,3317,3182,2982
64.5459,383,2994,2168,3318,3182,2982
64.5660,382,2992,2168,3319,3182,2982
64.5866,382,2990,2167,3319,3182,2982
64.6071,381,2989,2167,3320,3182,2982
64.6275,381,2987,2167,3321,3182,2982
64.6478,380,2985,2167,3322,3182,2982
64.6680,380,2983,2167,3322,3182,2982
64.6887,379,2982,2167,3323,3182,2982
64.7092,379,2980,2168,3324,3182,2982
64.7292,379,2978,2168,3324,3182,2981
64.7498,379,2976,2168,3325,3182,2981
64.7701,379,2974,2168,3326,3183,2981
64.7911,378,2972,2168,3327,3184,2980
64.8112,378,2971,2168,3327,3184,2980
64.8316,378,2969,2169,3327,3184,2980
64.8516,378,2967,2169,3328,3184,2980
64.8719,378,2965,2170,3328,3184,2980
64.8922,377,2963,2170,3329,3185,2980
64.9124,377,2961,2171,3330,3185,2979
64.9328,377,2958,2171,3331,3185,2979
64.9535,376,2956,2172,3332,3185,2979
64.9738,376,2953,2172,3333,3185,2979
64.9944,376,2951,2172,3334,3185,2978
65.0146,376,2948,2172,3335,3186,2978
65.0349,375,2946,2172,3336,3186,2977
65.0560,375,2944,2172,3337,3186,2976
65.0764,375,2941,2172,3339,3186,2976
65.0969,374,2939,2172,3340,3186,2976
65.1169,373,2936,2172,3341,3186,2976
65.1371,373,2933,2172,3342,3186,2976
65.1576,372,2931,2173,3343,3186,2976
65.1779,371,2928,2174,3344,3186,2976
65.1982,371,2925,2174,3345,3186,2976
65.2182,370,2923,2175,3346,3186,2975
65.2383,369,2919,2175,3347,3186,2974
65.2589,368,2917,2176,3347,3186,2974
65.2792,367,2913,2177,3348,3186,2973
65.2997,366,2910,2179,3349,3186,2973
65.3200,365,2906,2181,3350,3186,2973
65.3407,365,2902,2184,3350,3186,2973
65.3610,363,2897,2187,3350,3186,2972
65.3814,363,2893,2190,3350,3186,2972
65.4015,362,2889,2194,3350,3186,2971
65.4219,361,2884,2199,3350,3186,2971
65.4422,360,2879,2203,3350,3186,2971
65.4629,359,2874,2208,3350,3187,2971
65.4834,358,2868,2214,3350,3187,2970
65.5035,357,2862,2220,3349,3187,2970
65.5238,356,2856,2226,3348,3188,2970
65.5443,355,2850,2233,3347,3188,2970
65.5643,353,2844,2240,3345,3188,2969
65.5851,352,2838,2247,3344,3189,2969
65.6055,350,2832,2255,3342,3189,2969
65.6255,348,2826,2262,3340,3190,2969
65.6456,347,2820,2269,3338,3191,2969
65.6659,345,2815,2275,3337,3191,2970
65.6863,343,2810,2280,3336,3191,2971
65.7067,341,2806,2286,3335,3191,2972
65.7272,338,2802,2290,3334,3191,2973
65.7476,336,2799,2293,3332,3191,2973
65.7680,334,2797,2295,3331,3191,2974
65.7886,332,2795,2297,3331,3191,2975
65.8090,329,2794,2298,3331,3191,2975
65.8294,327,2793,2298,3331,3191,2975
65.8499,324,2792,2298,3330,3191,2975
65.8700,322,2791,2298,3330,3191,2975
65.8901,319,2790,2298,3329,3191,2975
65.9109,316,2790,2298,3329,3191,2975
65.9309,313,2789,2298,3328,3191,2975
65.9511,310,2789,2298,3328,3191,2975
65.9714,307,2788,2298,3328,3190,2975
65.9917,304,2787,2299,3328,3190,2976
66.0120,300,2787,2299,3327,3189,2976
66.0332,297,2786,2301,3326,3189,2976
66.0534,293,2785,2302,3325,3189,2976
66.0737,289,2784,2304,3324,3189,2976
66.0944,285,2783,2306,3323,3189,2977
66.1149,281,2782,2308,3322,3189,2977
66.1352,277,2781,2309,3321,3189,2977
66.1554,273,2780,2311,3320,3189,2977
66.1758,269,2778,2313,3319,3189,2977
66.1965,265,2777,2315,3318,3188,2977
66.2167,261,2776,2316,3317,3188,2977
66.2373,257,2775,2318,3316,3188,2977
66.2579,253,2774,2320,3315,3188,2977
66.2785,250,2773,2321,3315,3187,2977
66.2988,246,2771,2323,3315,3187,2977
66.3189,242,2769,2324,3314,3187,2977
66.3391,239,2768,2325,3314,3186,2977
66.3594,235,2767,2326,3314,3186,2977
66.3795,232,2766,2327,3313,3186,2978
66.3998,229,2765,2327,3313,3186,2978
66.4201,227,2765,2328,3311,3186,2979
66.4406,225,2764,2329,3309,3186,2979
66.4609,224,2764,2329,3308,3186,2979
66.4810,223,2764,2329,3307,3186,2979
66.5012,222,2763,2329,3307,3186,2979
66.5217,222,2763,2328,3306,3187,2979
66.5421,222,2763,2327,3306,3187,2979
66.5626,222,2763,2326,3306,3188,2979
66.5830,222,2763,2325,3306,3188,2979
66.6033,222,2763,2323,3306,3188,2979
66.6244,223,2763,2322,3306,3188,2979
66.6448,225,2763,2320,3306,3189,2978
66.6650,226,2763,2318,3306,3189,2978
66.6855,227,2763,2317,3306,3190,2977
66.7059,229,2763,2315,3307,3190,2976
66.7267,230,2763,2314,3307,3190,2976
66.7470,231,2762,2312,3307,3190,2975
66.7673,231,2762,2312,3307,3190,2974
66.7877,232,2760,2311,3307,3190,2974
66.8081,232,2758,2311,3307,3190,2973
66.8286,232,2756,2310,3307,3190,2973
66.8486,232,2754,2310,3307,3189,2972
66.8689,232,2751,2310,3307,3188,2971
66.8890,231,2748,2310,3307,3187,2970
66.9093,230,2746,2310,3305,3186,2970
66.9300,228,2743,2310,3303,3186,2969
66.9505,226,2740,2311,3302,3185,2968
66.9708,223,2738,2312,3301,3183,2968
66.9918,220,2735,2313,3300,3182,2968
67.0120,216,2733,2315,3299,3180,2968
67.0325,213,2731,2316,3298,3179,2968
67.0527,208,2728,2317,3297,3178,2968
67.0732,204,2726,2319,3296,3176,2968
67.0937,200,2723,2321,3294,3175,2968
67.1138,196,2721,2322,3293,3175,2968
67.1341,192,2719,2323,3292,3174,2968
67.1546,187,2716,2324,3291,3174,2968
67.1751,183,2714,2324,3291,3173,2967
67.1956,179,2713,2324,3290,3173,2967
67.2160,175,2711,2325,3289,3172,2967
67.2362,171,2709,2325,3287,3172,2967
67.2564,167,2707,2325,3286,3172,2967
67.2771,164,2705,2325,3284,3172,2966
67.2975,160,2704,2325,3282,3172,2965
67.3180,156,2703,2325,3280,3172,2965
67.3385,153,2701,2325,3278,3172,2964
67.3586,150,2699,2325,3276,3172,2963
67.3790,147,2698,2325,3274,3172,2961
67.3995,143,2696,2325,3271,3172,2960
67.4200,140,2695,2325,3269,3172,2958
67.4404,137,2693,2325,3267,3172,2957
67.4607,134,2692,2326,3265,3171,2956
67.4810,131,2690,2327,3262,3171,2954
67.5015,127,2688,2329,3259,3171,2953
67.5220,123,2686,2330,3256,3170,2952
67.5421,120,2684,2332,3253,3170,2951
67.5622,117,2682,2334,3250,3170,2950
67.5827,113,2680,2337,3246,3170,2949
67.6028,110,2677,2339,3242,3170,2948
67.6229,106,2675,2342,3239,3169,2946
67.6434,103,2672,2346,3234,3168,2944
67.6638,99,2669,2349,3229,3168,2943
67.6839,96,2666,2352,3225,3168,2943
67.7044,92,2664,2356,3222,3168,2943
67.7255,88,2661,2359,3217,3168,2942
67.7460,85,2658,2363,3211,3167,2941
67.7661,81,2655,2367,3206,3167,2940
67.7862,78,2653,2371,3203,3167,2940
67.8067,74,2650,2374,3200,3167,2940
67.8271,71,2648,2378,3197,3166,2940
67.8474,67,2645,2381,3193,3166,2940
67.8677,64,2643,2385,3188,3165,2940
67.8882,60,2641,2388,3186,3164,2940
67.9084,56,2638,2391,3182,3163,2940
67.9289,52,2636,2394,3178,3160,2940
67.9493,48,2633,2398,3174,3158,2938
67.9700,45,2631,2401,3170,3157,2938
67.9902,41,2629,2404,3166,3156,2937
68.0103,38,2627,2407,3163,3154,2935
68.0307,34,2625,2409,3160,3154,2935
68.0511,31,2623,2412,3157,3154,2933
68.0715,27,2621,2414,3154,3152,2931
68.0918,24,2619,2415,3151,3150,2927
68.1123,21,2618,2417,3147,3148,2926
68.1326,18,2616,2419,3144,3148,2925
68.1530,16,2614,2421,3142,3147,2924
68.1733,13,2613,2422,3138,3147,2923
68.1937,11,2612,2424,3136,3146,2923
68.2141,9,2610,2426,3133,3146,2921
68.2343,7,2608,2428,3130,3145,2917
68.2545,5,2607,2430,3126,3143,2916
68.2750,3,2605,2432,3122,3141,2916
68.2952,2,2603,2434,3119,3140,2915
68.3156,1,2602,2436,3118,3139,2913
68.3362,0,2600,2438,3116,3137,2911
68.3565,0,2598,2440,3113,3134,2907
68.3766,4095,2597,2442,3110,3133,2905
68.3970,4095,2595,2444,3107,3131,2903
68.4172,4094,2593,2446,3105,3131,2899
68.4378,4094,2591,2448,3103,3131,2895
68.4578,4093,2589,2450,3101,3132,2888
68.4782,4093,2587,2452,3101,3133,2881
68.4985,4093,2585,2455,3100,3133,2877
68.5187,4092,2582,2457,3098,3133,2872
68.5390,4091,2580,2460,3095,3131,2869
68.5594,4091,2577,2463,3092,3129,2867
68.5803,4090,2575,2466,3091,3128,2866
68.6005,4090,2572,2469,3090,3128,2862
68.6207,4089,2570,2472,3090,3128,2861
68.6410,4088,2567,2475,3088,3128,2858
68.6614,4086,2564,2479,3086,3128,2855
68.6822,4085,2562,2482,3084,3128,2853
68.7026,4084,2559,2486,3083,3128,2852
68.7227,4083,2557,2489,3082,3128,2852
68.7427,4081,2555,2492,3080,3128,2851
68.7628,4080,2552,2495,3077,3128,2850
68.7831,4079,2550,2499,3076,3128,2848
68.8035,4078,2547,2501,3074,3128,2843
68.8242,4077,2545,2504,3073,3130,2841
68.8444,4077,2543,2505,3073,3133,2836
68.8648,4076,2541,2508,3073,3136,2830
68.8852,4076,2539,2509,3072,3138,2826
68.9055,4076,2537,2511,3071,3141,2821
68.9259,4076,2535,2514,3068,3144,2815
68.9462,4076,2532,2516,3066,3145,2811
68.9667,4075,2530,2519,3066,3147,2810
68.9874,4075,2527,2522,3065,3150,2809
69.0083,4075,2524,2525,3065,3152,2807
69.0290,4075,2520,2528,3064,3155,2806
69.0493,4075,2517,2532,3064,3156,2806
69.0696,4075,2514,2535,3064,3157,2804
69.0904,4075,2510,2539,3063,3156,2799
69.1107,4075,2507,2542,3063,3156,2794
69.1310,4075,2503,2546,3061,3156,2788
69.1513,4075,2500,2550,3059,3155,2784
69.1718,4075,2497,2553,3057,3155,2776
69.1920,4074,2494,2556,3055,3152,2768
69.2121,4074,2491,2559,3053,3151,2758
69.2325,4073,2488,2562,3051,3151,2749
69.2531,4072,2485,2565,3050,3151,2739
69.2732,4072,2482,2569,3046,3152,2731
69.2932,4072,2480,2572,3044,3153,2722
69.3134,4072,2478,2575,3042,3153,2718
69.3336,4072,2476,2577,3039,3152,2716
69.3539,4072,2475,2579,3038,3151,2714
69.3751,4072,2474,2581,3036,3150,2712
69.3953,4071,2473,2582,3035,3148,2711
69.4162,4071,2472,2583,3033,3146,2709
69.4365,4071,2472,2584,3031,3144,2708
69.4570,4071,2472,2585,3030,3143,2704
69.4772,4071,2472,2586,3028,3142,2701
69.4976,4071,2471,2587,3026,3142,2700
69.5181,4071,2471,2588,3024,3141,2698
69.5383,4072,2471,2589,3023,3139,2694
69.5585,4073,2470,2591,3021,3137,2690
69.5787,4074,2469,2592,3019,3135,2684
69.5991,4075,2468,2594,3017,3133,2678
69.6196,4077,2467,2596,3016,3132,2674
69.6400,4078,2467,2597,3016,3130,2672
69.6612,4079,2466,2598,3015,3129,2670
69.6816,4080,2465,2600,3015,3127,2668
69.7019,4080,2464,2601,3015,3125,2666
69.7222,4081,2464,2603,3015,3123,2665
69.7428,4082,2463,2604,3015,3121,2662
69.7631,4082,2462,2606,3015,3119,2656
69.7838,4082,2461,2607,3015,3118,2647
69.8041,4082,2460,2610,3014,3118,2639
69.8244,4082,2458,2612,3013,3119,2635
69.8450,4082,2458,2613,3012,3122,2632
69.8653,4082,2457,2615,3011,3124,2621
69.8856,4082,2457,2617,3010,3126,2609
69.9061,4082,2457,2619,3006,3129,2596
69.9261,4083,2457,2621,3003,3132,2588
69.9463,4083,2457,2622,3001,3135,2584
69.9664,4083,2457,2623,3000,3137,2579
69.9865,4083,2457,2624,2998,3138,2573
70.0069,4083,2457,2625,2997,3140,2572
70.0273,4083,2457,2626,2997,3141,2570
70.0474,4083,2457,2626,2997,3141,2568
70.0676,4083,2457,2626,2997,3141,2565
70.0879,4084,2457,2626,2997,3141,2561
70.1081,4084,2457,2626,2997,3140,2557
70.1284,4084,2457,2626,2997,3138,2555
70.1485,4085,2457,2626,2997,3137,2553
70.1687,4085,2457,2626,2997,3134,2548
70.1889,4086,2457,2626,2997,3132,2542
70.2090,4086,2457,2626,2997,3131,2527
70.2295,4087,2458,2626,2997,3130,2513
70.2498,4088,2458,2626,2997,3130,2505
70.2705,4088,2458,2626,2997,3129,2500
70.2907,4089,2458,2626,2996,3128,2491
70.3111,4089,2458,2626,2996,3127,2486
70.3316,4090,2458,2627,2996,3127,2482
70.3518,4091,2458,2627,2996,3126,2477
70.3721,4091,2458,2627,2995,3125,2473
70.3922,4093,2458,2628,2995,3125,2470
70.4123,4093,2458,2629,2995,3124,2464
70.4323,4095,2458,2630,2995,3123,2455
70.4527,0,2458,2630,2994,3122,2447
70.4732,2,2458,2631,2993,3121,2436
70.4937,3,2457,2633,2992,3121,2429
70.5143,5,2457,2634,2990,3121,2420
70.5347,8,2457,2635,2989,3121,2410
70.5550,9,2456,2637,2989,3121,2400
70.5752,12,2455,2638,2989,3120,2388
70.5954,14,2455,2639,2988,3120,2375
70.6157,16,2454,2640,2987,3120,2364
70.6359,19,2454,2641,2985,3120,2357
70.6563,20,2454,2642,2983,3120,2353
70.6766,22,2454,2643,2981,3119,2348
70.6967,24,2454,2644,2979,3118,2340
70.7169,26,2454,2645,2978,3116,2327
70.7370,28,2454,2646,2976,3115,2312
70.7573,29,2454,2647,2975,3114,2295
70.7777,30,2453,2647,2974,3113,2278
70.7982,32,2453,2648,2972,3112,2260
70.8191,33,2453,2649,2971,3111,2247
70.8394,34,2453,2650,2970,3110,2238
70.8597,36,2452,2650,2969,3109,2226
70.8799,37,2452,2651,2968,3107,2212
70.9000,38,2452,2652,2967,3105,2197
70.9206,39,2452,2653,2967,3103,2180
70.9409,40,2451,2654,2966,3100,2164
70.9612,41,2451,2654,2966,3098,2148
70.9817,42,2451,2655,2965,3094,2133
71.0023,43,2451,2655,2965,3092,2117
71.0231,43,2451,2656,2965,3089,2098
71.0436,44,2451,2656,2965,3087,2083
71.0637,45,2451,2657,2965,3086,2071
71.0841,46,2450,2657,2964,3087,2064
71.1041,46,2450,2657,2964,3090,2057
71.1245,46,2450,2657,2963,3092,2046
71.1451,47,2450,2657,2962,3093,2033
71.1652,47,2450,2658,2962,3094,2021
71.1856,47,2450,2658,2961,3094,2006
71.2060,47,2450,2659,2960,3094,1985
71.2265,47,2450,2659,2959,3095,1983
71.2469,47,2450,2659,2959,3095,1983
71.2670,47,2449,2660,2958,3095,1983
71.2874,47,2449,2661,2958,3095,1983
71.3076,47,2448,2662,2957,3095,1982
71.3278,47,2447,2663,2957,3095,1982
71.3480,46,2446,2664,2956,3094,1982
71.3687,45,2445,2666,2955,3091,1982
71.3895,45,2444,2668,2952,3087,1982
71.4105,45,2443,2672,2948,3082,1982
71.4309,45,2441,2675,2944,3077,1982
71.4514,46,2441,2677,2941,3073,1982
71.4718,46,2440,2678,2939,3070,1982
71.4922,46,2440,2678,2937,3068,1982
71.5124,46,2440,2678,2937,3068,1982
71.5327,46,2440,2678,2934,3067,1982
71.5534,45,2440,2679,2933,3067,1982
71.5736,44,2440,2679,2932,3066,1982
71.5940,43,2439,2679,2932,3064,1982
71.6144,41,2439,2679,2931,3062,1982
71.6347,38,2439,2680,2930,3060,1982
71.6551,36,2439,2680,2929,3058,1982
71.6758,34,2439,2681,2929,3056,1982
71.6965,31,2438,2682,2929,3054,1982
71.7169,28,2438,2682,2928,3053,1982
71.7369,25,2438,2683,2926,3052,1982
71.7571,23,2438,2683,2924,3052,1982
71.7775,21,2438,2685,2922,3051,1982
71.7981,19,2438,2687,2920,3050,1982
71.8186,18,2437,2689,2919,3050,1982
71.8386,17,2437,2691,2917,3050,1982
71.8591,17,2435,2694,2915,3050,1982
71.8794,17,2434,2696,2913,3049,1982
71.9000,17,2432,2699,2913,3048,1982
71.9206,17,2430,2701,2912,3048,1982
71.9410,17,2427,2703,2911,3047,1982
71.9611,17,2425,2704,2911,3046,1982
71.9814,18,2422,2706,2911,3045,1982
72.0019,18,2420,2708,2911,3044,1982
72.0223,18,2418,2709,2911,3044,1982
72.0425,17,2417,2709,2910,3047,1982
72.0627,16,2417,2709,2908,3048,1982
72.0830,15,2417,2709,2907,3047,1982
72.1034,14,2417,2711,2905,3046,1982
72.1236,14,2416,2713,2903,3046,1982
72.1442,14,2415,2716,2900,3045,1982
72.1644,14,2413,2718,2898,3045,1982
72.1850,14,2412,2721,2895,3045,1982
72.2053,15,2411,2724,2890,3044,1982
72.2257,15,2411,2728,2881,3042,1982
72.2460,15,2410,2734,2871,3039,1982
72.2665,15,2408,2740,2861,3034,1982
72.2868,16,2407,2746,2852,3029,1982
72.3071,16,2405,2751,2844,3025,1982
72.3276,16,2403,2755,2839,3023,1982
72.3479,16,2401,2758,2837,3022,1982
72.3682,17,2398,2760,2834,3022,1982
72.3884,17,2396,2762,2831,3022,1982
72.4084,17,2393,2764,2829,3021,1982
72.4286,18,2390,2767,2828,3019,1982
72.4490,19,2387,2770,2826,3017,1982
72.4695,20,2383,2774,2821,3013,1982
72.4897,20,2380,2778,2815,3011,1982
72.5100,21,2377,2783,2809,3010,1982
72.5304,22,2374,2787,2804,3010,1982
72.5510,22,2371,2790,2800,3010,1982
72.5711,22,2369,2794,2797,3011,1982
72.5915,22,2367,2797,2792,3013,1982
72.6120,21,2364,2800,2788,3014,1982
72.6320,21,2362,2804,2784,3015,1982
72.6521,20,2360,2807,2777,3015,1982
72.6724,19,2358,2811,2769,3016,1982
72.6925,19,2355,2814,2762,3017,1982
72.7129,18,2352,2818,2755,3017,1982
72.7330,18,2348,2821,2749,3016,1982
72.7532,17,2346,2825,2740,3014,1982
72.7736,17,2343,2830,2730,3013,1982
72.7936,17,2341,2834,2718,3014,1982
72.8141,17,2339,2838,2708,3016,1982
72.8346,16,2337,2841,2701,3018,1982
72.8548,16,2334,2843,2698,3020,1982
72.8750,16,2331,2844,2697,3022,1982
72.8952,16,2328,2846,2696,3023,1982
72.9154,16,2325,2847,2692,3023,1982
72.9360,16,2322,2849,2691,3023,1982
72.9561,16,2319,2851,2690,3024,1982
72.9764,16,2315,2854,2688,3025,1982
72.9967,15,2311,2857,2684,3025,1982
73.0171,14,2307,2861,2679,3024,1982
73.0371,14,2304,2866,2672,3022,1982
73.0572,14,2300,2871,2668,3022,1982
73.0776,14,2295,2875,2665,3023,1982
73.0981,14,2289,2879,2664,3024,1982
73.1184,14,2283,2882,2663,3024,1982
73.1388,14,2278,2886,2662,3024,1982
73.1588,14,2273,2890,2658,3024,1982
73.1789,14,2269,2894,2655,3024,1982
73.1991,14,2265,2898,2651,3024,1982
73.2192,14,2261,2902,2646,3025,1982
73.2398,14,2259,2908,2637,3026,1982
73.2599,14,2258,2913,2627,3027,1982
73.2803,14,2256,2919,2615,3027,1982
73.3005,14,2254,2925,2603,3027,1982
73.3207,14,2252,2930,2593,3027,1982
73.3413,14,2249,2934,2586,3026,1982
73.3617,15,2246,2938,2581,3026,1982
73.3818,15,2243,2941,2576,3027,1982
73.4020,15,2240,2944,2572,3028,1982
73.4221,16,2236,2945,2570,3029,1982
73.4426,16,2231,2947,2569,3030,1982
73.4627,18,2227,2949,2568,3031,1982
73.4832,19,2224,2951,2566,3031,1982
73.5035,21,2220,2953,2563,3031,1982
73.5237,22,2217,2955,2560,3031,1982
73.5441,24,2213,2958,2557,3031,1982
73.5650,26,2210,2961,2553,3031,1982
73.5851,28,2205,2964,2550,3031,1982
73.6055,30,2201,2967,2548,3032,1982
73.6259,32,2197,2970,2546,3032,1982
73.6462,34,2192,2973,2544,3032,1982
73.6666,36,2188,2975,2543,3033,1982
73.6868,39,2184,2978,2541,3034,1982
73.7072,41,2181,2981,2538,3036,1982
73.7276,44,2177,2984,2534,3037,1982
73.7480,46,2174,2988,2531,3037,1982
73.7685,48,2171,2990,2527,3038,1982
73.7885,50,2169,2993,2523,3040,1982
73.8086,52,2166,2995,2521,3042,1982
73.8288,54,2163,2997,2519,3042,1982
73.8503,56,2161,2998,2518,3043,1982
73.8707,57,2159,2998,2517,3044,1982
73.8909,59,2156,2999,2516,3046,1982
73.9110,61,2154,3000,2515,3046,1982
73.9315,63,2152,3001,2513,3046,1982
73.9523,64,2149,3001,2513,3046,1982
73.9728,65,2146,3002,2512,3046,1982
73.9929,66,2143,3002,2511,3048,1982
74.0132,67,2140,3003,2510,3049,1982
74.0333,67,2137,3003,2509,3050,1982
74.0536,67,2134,3004,2507,3052,1982
74.0739,67,2131,3005,2502,3054,1982
74.0940,66,2129,3007,2499,3056,1982
74.1142,66,2126,3008,2496,3059,1982
74.1346,65,2122,3010,2493,3060,1982
74.1554,64,2118,3013,2491,3061,1982
74.1754,63,2114,3015,2490,3062,1982
74.1955,62,2109,3016,2490,3064,1982
74.2156,62,2105,3017,2489,3065,1982
74.2358,61,2102,3019,2489,3065,1982
74.2563,60,2098,3019,2489,3066,1982
74.2765,60,2094,3021,2488,3069,1982
74.2969,59,2089,3024,2485,3070,1982
74.3184,59,2085,3028,2480,3071,1982
74.3391,59,2080,3032,2474,3071,1982
74.3593,59,2077,3037,2468,3071,1982
74.3795,59,2075,3041,2460,3070,1982
74.3999,59,2072,3044,2456,3073,1982
74.4201,59,2069,3046,2455,3075,1982
74.4404,59,2064,3048,2455,3076,1982
74.4611,59,2060,3049,2455,3078,1982
74.4819,60,2056,3051,2454,3081,1982
74.5020,61,2053,3052,2447,3090,1982
74.5224,61,2050,3056,2432,3108,1982
74.5428,62,2047,3064,2402,3129,1982
74.5633,62,2047,3074,2366,3147,1982
74.5835,63,2047,3085,2332,3162,1982
74.6042,63,2048,3092,2319,3163,1982
74.6245,65,2047,3093,2319,3161,1982
74.6449,67,2046,3094,2321,3159,1982
74.6652,68,2045,3095,2322,3158,1982
74.6856,69,2044,3096,2323,3158,1982
74.7060,70,2043,3096,2323,3159,1982
74.7295,71,2043,3095,2324,3159,1982
74.7497,72,2043,3095,2324,3158,1982
74.7699,72,2042,3094,2324,3158,1982
74.7907,74,2040,3094,2324,3159,1982
74.8111,74,2037,3093,2325,3161,1982
74.8319,75,2034,3093,2326,3161,1982
74.8521,75,2030,3093,2328,3162,1982
74.8724,76,2026,3093,2329,3162,1982
74.8928,76,2023,3093,2329,3162,1982
74.9132,76,2020,3094,2330,3162,1982
74.9340,76,2016,3094,2331,3162,1982
74.9544,75,2013,3094,2331,3162,1982
74.9748,73,2011,3095,2331,3163,1982
74.9962,71,2008,3096,2331,3166,1982
75.0167,68,2006,3097,2331,3167,1982
75.0368,65,2003,3099,2331,3167,1982
75.0574,63,2000,3100,2331,3167,1982
75.0780,61,1997,3103,2330,3168,1982
75.0981,57,1992,3106,2330,3168,1982
75.1186,52,1988,3108,2330,3168,1982
75.1391,49,1985,3108,2330,3172,1982
75.1598,47,1983,3108,2330,3172,1982
75.1803,44,1981,3108,2330,3172,1982
75.2008,42,1979,3108,2329,3172,1982
75.2212,40,1976,3108,2329,3172,1982
75.2412,38,1973,3108,2329,3172,1982
75.2616,37,1970,3108,2329,3173,1982
75.2825,36,1966,3108,2329,3175,1982
75.3029,36,1963,3108,2329,3175,1982
75.3241,35,1959,3108,2329,3177,1982
75.3443,34,1956,3109,2329,3180,1982
75.3648,32,1953,3109,2329,3185,1982
75.3855,31,1949,3109,2329,3193,1982
75.4055,30,1946,3109,2329,3200,1982
75.4262,29,1941,3109,2329,3207,1982
75.4466,28,1936,3109,2329,3216,1982
75.4673,26,1930,3109,2329,3225,1982
75.4875,24,1925,3109,2329,3230,1982
75.5078,22,1920,3109,2329,3236,1982
75.5280,20,1916,3109,2329,3241,1982
75.5485,18,1911,3109,2329,3244,1982
75.5693,16,1907,3109,2329,3248,1982
75.5894,15,1902,3109,2329,3251,1982
75.6096,14,1898,3109,2328,3256,1982
75.6301,12,1893,3109,2328,3261,1982
75.6505,11,1887,3109,2328,3263,1982
75.6706,10,1882,3109,2328,3266,1982
75.6907,10,1878,3109,2328,3270,1982
75.7113,10,1873,3109,2328,3274,1982
75.7316,10,1868,3109,2328,3280,1982
75.7520,10,1864,3109,2328,3285,1982
75.7720,10,1859,3109,2328,3289,1982
75.7925,11,1855,3109,2328,3292,1982
75.8129,12,1851,3109,2327,3296,1982
75.8334,13,1847,3109,2325,3300,1982
75.8539,14,1843,3109,2325,3305,1982
75.8742,15,1839,3109,2324,3311,1982
75.8944,15,1836,3109,2323,3317,1982
75.9145,15,1832,3109,2323,3323,1982
75.9347,15,1828,3109,2323,3327,1982
75.9552,15,1825,3109,2323,3333,1982
75.9755,14,1821,3109,2323,3339,1982
75.9957,12,1817,3109,2323,3344,1982
76.0160,10,1813,3109,2323,3350,1982
76.0366,8,1809,3109,2323,3355,1982
76.0570,6,1805,3109,2323,3361,1982
76.0771,3,1802,3109,2323,3370,1982
76.0972,1,1796,3109,2323,3376,1982
76.1173,0,1792,3109,2323,3381,1982
76.1380,4095,1787,3109,2323,3383,1982
76.1585,4094,1783,3109,2323,3385,1982
76.1787,4093,1778,3109,2323,3388,1982
76.1991,4093,1773,3109,2323,3390,1982
76.2193,4092,1768,3109,2323,3392,1982
76.2395,4092,1764,3109,2323,3392,1982
76.2596,4092,1760,3109,2323,3393,1982
76.2799,4092,1756,3109,2323,3392,1982
76.3007,4092,1753,3109,2323,3391,1982
76.3209,4093,1752,3109,2319,3390,1982
76.3409,4094,1752,3109,2315,3388,1982
76.3612,4095,1752,3109,2311,3384,1982
76.3819,4095,1752,3109,2309,3378,1982
76.4030,4095,1752,3109,2308,3370,1982
76.4233,4095,1752,3109,2306,3356,1982
76.4434,4095,1752,3109,2304,3340,1982
76.4636,0,1752,3109,2303,3318,1982
76.4837,0,1752,3109,2303,3297,1982
76.5039,0,1752,3109,2303,3274,1982
76.5244,0,1752,3109,2303,3263,1982
76.5447,0,1752,3109,2302,3256,1982
76.5655,0,1752,3109,2301,3249,1982
76.5859,0,1752,3109,2300,3239,1982
76.6062,0,1752,3109,2300,3230,1982
76.6269,0,1752,3109,2300,3222,1982
76.6476,4095,1752,3109,2298,3215,1982
76.6681,4095,1752,3109,2294,3211,1982
76.6882,4095,1752,3109,2291,3204,1982
76.7089,4095,1752,3109,2290,3197,1982
76.7296,4095,1752,3109,2289,3193,1982
76.7500,4095,1752,3109,2285,3192,1982
76.7706,4095,1752,3109,2279,3192,1982
76.7911,4095,1752,3109,2273,3191,1982
76.8118,0,1752,3109,2268,3190,1982
76.8326,0,1752,3109,2261,3189,1982
76.8532,1,1752,3109,2254,3189,1982
76.8733,2,1752,3109,2247,3186,1982
76.8935,4,1752,3109,2240,3182,1982
76.9137,6,1751,3109,2233,3177,1982
76.9338,8,1751,3109,2228,3172,1982
76.9541,9,1751,3109,2222,3167,1982
76.9745,10,1751,3109,2216,3164,1982
76.9957,10,1751,3109,2210,3161,1982
77.0162,11,1751,3109,2205,3157,1982
77.0363,11,1751,3109,2200,3151,1982
77.0567,11,1751,3109,2195,3148,1982
77.0770,11,1751,3109,2189,3147,1982
77.0971,11,1751,3109,2182,3146,1982
77.1177,11,1751,3109,2176,3145,1982
77.1380,11,1751,3109,2170,3145,1982
77.1585,11,1751,3109,2165,3145,1982
77.1787,11,1751,3109,2161,3145,1982
77.1991,11,1751,3109,2155,3145,1982
77.2196,11,1751,3109,2150,3145,1982
77.2398,10,1751,3109,2144,3145,1982
77.2602,10,1751,3109,2139,3145,1982
77.2805,10,1751,3109,2133,3144,1982
77.3010,10,1751,3109,2126,3142,1982
77.3212,10,1751,3109,2120,3141,1982
77.3416,10,1751,3109,2112,3137,1982
77.3627,9,1751,3109,2106,3135,1982
77.3832,8,1750,3109,2098,3135,1982
77.4035,7,1750,3109,2090,3135,1982
77.4239,5,1750,3109,2082,3135,1982
77.4442,5,1750,3109,2074,3134,1982
77.4642,4,1750,3109,2066,3134,1982
77.4845,4,1750,3109,2059,3134,1982
77.5048,4,1750,3109,2051,3135,1982
77.5249,4,1750,3109,2043,3137,1982
77.5452,4,1750,3109,2036,3137,1982
77.5655,4,1750,3109,2029,3138,1982
77.5860,4,1750,3109,2023,3140,1982
77.6065,4,1750,3109,2016,3141,1982
77.6271,4,1750,3109,2009,3142,1982
77.6472,4,1750,3109,2002,3143,1982
77.6678,4,1750,3109,1995,3145,1982
77.6882,4,1750,3109,1989,3148,1982
77.7084,4,1750,3109,1983,3151,1982
77.7288,4,1750,3109,1977,3153,1982
77.7492,4,1750,3109,1970,3155,1982
77.7700,4,1750,3109,1964,3158,1982
77.7902,4,1750,3109,1957,3162,1982
77.8102,4,1750,3109,1951,3165,1982
77.8309,6,1750,3109,1944,3168,1982
77.8514,7,1750,3109,1938,3171,1982
77.8716,8,1750,3109,1931,3174,1982
77.8921,8,1750,3109,1924,3179,1982
77.9128,9,1750,3109,1916,3183,1982
77.9330,10,1750,3109,1910,3186,1982
77.9535,12,1750,3109,1904,3189,1982
77.9735,12,1750,3109,1899,3194,1982
77.9937,13,1750,3109,1893,3199,1982
78.0138,13,1750,3109,1889,3203,1982
78.0343,13,1750,3109,1885,3206,1982
78.0548,15,1750,3109,1882,3207,1982
78.0753,18,1749,3109,1878,3206,1982
78.0958,24,1749,3109,1874,3201,1982
78.1162,32,1749,3109,1870,3196,1982
78.1368,43,1749,3109,1867,3187,1982
78.1577,54,1749,3109,1864,3179,1982
78.1777,65,1749,3109,1862,3171,1982
78.1982,74,1749,3109,1861,3165,1982
78.2185,80,1749,3109,1860,3163,1982
78.2387,83,1749,3109,1859,3163,1982
78.2595,86,1749,3109,1859,3162,1982
78.2800,86,1749,3109,1859,3162,1982
78.3004,86,1749,3109,1859,3162,1982
78.3212,86,1749,3109,1859,3162,1982
78.3413,85,1749,3109,1858,3162,1982
78.3615,85,1749,3109,1856,3162,1982
78.3819,85,1749,3108,1854,3162,1982
78.4021,85,1749,3108,1853,3162,1982
78.4224,85,1749,3108,1851,3161,1982
78.4426,87,1750,3108,1849,3158,1982
78.4628,90,1750,3108,1846,3154,1982
78.4834,93,1750,3108,1844,3150,1982
78.5036,98,1750,3108,1842,3147,1982
78.5241,102,1750,3108,1838,3144,1982
78.5449,105,1750,3108,1835,3141,1982
78.5657,108,1750,3108,1833,3136,1982
78.5858,110,1750,3108,1832,3132,1982
78.6060,110,1750,3108,1830,3132,1982
78.6265,110,1750,3108,1827,3132,1982
78.6475,111,1750,3108,1824,3132,1982
78.6683,111,1750,3108,1822,3132,1982
78.6885,111,1750,3108,1821,3132,1982
78.7088,111,1750,3108,1820,3132,1982
78.7293,110,1750,3108,1817,3131,1982
78.7493,108,1750,3108,1815,3130,1982
78.7695,107,1750,3108,1812,3128,1982
78.7900,104,1750,3108,1809,3126,1982
78.8101,101,1750,3108,1806,3124,1982
78.8304,99,1750,3108,1802,3120,1982
78.8511,96,1750,3108,1799,3116,1982
78.8719,94,1750,3108,1795,3111,1982
78.8923,94,1750,3108,1792,3104,1982
78.9126,94,1750,3108,1789,3098,1982
78.9328,94,1750,3108,1787,3091,1982
78.9532,94,1750,3108,1784,3082,1982
78.9745,94,1750,3108,1781,3074,1982
78.9949,94,1750,3108,1778,3069,1982
79.0153,94,1750,3108,1775,3066,1982
79.0353,93,1750,3108,1773,3064,1982
79.0556,92,1750,3108,1771,3060,1982
79.0758,91,1750,3108,1769,3057,1982
79.0960,88,1750,3108,1767,3057,1982
79.1164,86,1750,3108,1766,3057,1982
79.1367,83,1750,3108,1766,3056,1982
79.1568,81,1750,3108,1764,3056,1982
79.1769,78,1750,3108,1763,3056,1982
79.1969,76,1750,3108,1762,3055,1982
79.2175,74,1750,3108,1761,3055,1982
79.2375,72,1750,3108,1760,3054,1982
79.2577,71,1750,3108,1759,3053,1982
79.2779,69,1750,3108,1758,3052,1982
79.2980,67,1750,3108,1757,3052,1982
79.3185,66,1750,3108,1755,3052,1982
79.3390,64,1750,3108,1753,3052,1982
79.3596,62,1750,3108,1752,3052,1982
79.3799,60,1750,3108,1750,3052,1982
79.4000,59,1750,3108,1748,3051,1982
79.4205,58,1750,3108,1745,3051,1982
79.4406,58,1750,3108,1742,3051,1982
79.4610,58,1750,3108,1739,3051,1982
79.4812,58,1750,3108,1736,3051,1982
79.5014,58,1750,3108,1732,3049,1982
79.5218,58,1750,3108,1729,3048,1982
79.5423,58,1750,3108,1724,3048,1982
79.5627,58,1750,3108,1720,3047,1982
79.5831,58,1750,3108,1716,3046,1982
79.6041,58,1750,3108,1712,3045,1982
79.6245,57,1750,3108,1708,3044,1982
79.6452,56,1750,3108,1705,3042,1982
79.6657,54,1750,3108,1702,3039,1982
79.6862,51,1750,3108,1699,3037,1982
79.7072,48,1750,3108,1696,3035,1982
79.7275,45,1750,3108,1695,3032,1982
79.7480,41,1750,3108,1693,3030,1982
79.7685,37,1750,3108,1691,3029,1982
79.7889,34,1750,3108,1690,3027,1982
79.8094,30,1750,3108,1689,3026,1982
79.8299,27,1750,3108,1689,3024,1982
79.8503,24,1750,3108,1689,3021,1982
79.8710,23,1750,3108,1688,3018,1982
79.8914,22,1750,3108,1687,3015,1982
79.9117,22,1750,3108,1686,3012,1982
79.9319,22,1750,3108,1685,3010,1982
79.9525,22,1750,3108,1683,3008,1982
79.9729,22,1750,3108,1681,3006,1982
79.9931,23,1750,3108,1680,3005,1982
80.0138,25,1750,3108,1677,3006,1982
80.0341,27,1750,3108,1674,3007,1982
80.0545,28,1750,3108,1670,3006,1982
80.0750,29,1750,3108,1665,3006,1982
80.0954,29,1750,3108,1659,3006,1982
80.1159,29,1750,3108,1650,3007,1982
80.1364,29,1750,3108,1645,3009,1982
80.1571,29,1750,3108,1645,3008,1982
80.1774,29,1750,3108,1645,3005,1982
80.1981,29,1750,3108,1645,2998,1982
80.2182,29,1750,3108,1645,2991,1982
80.2385,28,1750,3108,1645,2986,1982
80.2587,28,1750,3108,1645,2982,1982
80.2788,28,1750,3108,1645,2978,1982
80.2989,28,1750,3108,1645,2973,1982
80.3190,28,1750,3108,1645,2968,1982
80.3395,29,1750,3108,1645,2965,1982
80.3607,29,1750,3108,1645,2963,1982
80.3808,29,1750,3108,1645,2962,1982
80.4011,29,1750,3108,1645,2961,1982
80.4214,29,1750,3108,1645,2960,1982
80.4414,29,1750,3108,1645,2959,1982
80.4620,29,1750,3108,1645,2956,1982
80.4821,28,1750,3108,1645,2954,1982
80.5024,28,1750,3108,1645,2951,1982
80.5226,28,1750,3108,1645,2948,1982
80.5430,28,1750,3108,1645,2945,1982
80.5635,28,1750,3108,1645,2943,1982
80.5840,28,1750,3108,1645,2939,1982
80.6044,28,1750,3108,1645,2932,1982
80.6248,28,1750,3108,1645,2924,1982
80.6452,28,1750,3108,1645,2912,1982
80.6656,28,1750,3108,1645,2897,1982
80.6861,28,1750,3108,1645,2879,1982
80.7064,27,1750,3108,1645,2858,1982
80.7265,27,1750,3108,1645,2833,1982
80.7467,27,1750,3108,1645,2804,1982
80.7679,27,1750,3108,1645,2774,1982
80.7885,27,1750,3108,1645,2745,1982
80.8090,27,1750,3108,1645,2714,1982
80.8292,27,1750,3108,1645,2683,1982
80.8496,27,1750,3108,1645,2654,1982
80.8701,27,1750,3108,1645,2624,1982
80.8903,27,1750,3108,1645,2595,1982
80.9109,26,1750,3108,1645,2569,1982
80.9314,26,1750,3108,1645,2544,1982
80.9519,26,1750,3108,1645,2521,1982
80.9722,26,1750,3108,1645,2497,1982
80.9929,26,1750,3108,1645,2477,1982
81.0133,26,1749,3108,1645,2456,1982
81.0336,26,1749,3108,1645,2439,1982
81.0537,26,1749,3108,1645,2423,1982
81.0740,26,1749,3108,1645,2409,1982
81.0944,26,1749,3108,1645,2396,1982
81.1148,26,1749,3108,1645,2384,1982
81.1351,26,1749,3108,1645,2373,1982
81.1556,26,1749,3108,1645,2364,1982
81.1758,26,1749,3108,1645,2357,1982
81.1960,26,1749,3108,1645,2351,1982
81.2167,26,1749,3108,1645,2346,1982
81.2370,26,1749,3108,1645,2342,1982
81.2571,26,1749,3108,1645,2338,1982
81.2774,26,1749,3108,1645,2336,1982
81.2976,26,1749,3108,1645,2334,1982
81.3181,26,1749,3108,1645,2332,1982
81.3381,26,1749,3108,1645,2332,1982
81.3586,26,1749,3108,1645,2330,1982
81.3790,26,1749,3108,1645,2329,1982
81.3995,26,1749,3108,1645,2328,1982
81.4200,26,1749,3108,1645,2328,1982
81.4402,26,1749,3108,1645,2327,1982
81.4602,26,1749,3108,1645,2327,1982
81.4807,26,1749,3108,1645,2326,1982
81.5008,26,1749,3108,1645,2326,1982
81.5211,26,1749,3108,1645,2325,1982
81.5416,26,1749,3108,1645,2325,1982
81.5619,26,1749,3108,1645,2324,1982
81.5823,26,1749,3108,1645,2324,1982
81.6024,26,1749,3108,1645,2324,1982
81.6224,26,1749,3108,1645,2323,1982
81.6425,26,1749,3108,1645,2323,1982
81.6630,26,1749,3108,1645,2323,1982
81.6835,26,1749,3108,1645,2322,1982
81.7044,26,1749,3108,1645,2322,1982
81.7246,26,1749,3108,1645,2322,1982
81.7450,26,1749,3108,1645,2321,1982
81.7654,26,1749,3108,1645,2321,1982
81.7859,26,1749,3108,1645,2321,1982
81.8066,26,1749,3108,1645,2321,1982
81.8270,26,1749,3108,1645,2320,1982
81.8470,26,1749,3108,1645,2320,1982
81.8671,26,1749,3108,1645,2320,1982
81.8873,26,1749,3108,1645,2320,1982
81.9073,26,1749,3108,1645,2320,1982
81.9277,26,1749,3108,1645,2319,1982
81.9482,26,1749,3108,1645,2319,1982
81.9685,26,1749,3108,1645,2319,1982
81.9887,26,1749,3108,1645,2319,1982
82.0088,26,1749,3108,1645,2318,1982
82.0293,26,1749,3108,1645,2318,1982
82.0495,26,1749,3108,1645,2318,1982
82.0697,26,1749,3108,1645,2318,1982
82.0901,26,1749,3108,1645,2318,1982
82.1105,26,1749,3108,1645,2318,1982
82.1313,26,1749,3108,1645,2318,1982
82.1517,26,1749,3108,1645,2317,1982
82.1727,26,1749,3108,1645,2317,1982
82.1928,26,1749,3108,1645,2317,1982
82.2129,26,1749,3108,1645,2317,1982
82.2335,26,1749,3108,1645,2317,1982
82.2536,26,1749,3108,1645,2317,1982
82.2739,26,1749,3108,1645,2316,1982
82.2947,26,1749,3108,1645,2316,1982
82.3151,26,1749,3108,1645,2316,1982
82.3356,26,1749,3108,1645,2316,1982
82.3557,26,1749,3108,1645,2316,1982
82.3760,26,1749,3108,1645,2316,1982
82.3964,26,1749,3108,1645,2315,1982
82.4169,26,1749,3108,1645,2315,1982
82.4371,26,1749,3108,1645,2315,1982
82.4572,26,1749,3108,1645,2315,1982
82.4775,26,1749,3108,1645,2315,1982
82.4979,26,1749,3108,1645,2315,1982
82.5184,26,1749,3108,1645,2314,1982
82.5386,26,1749,3108,1645,2314,1982
82.5592,26,1749,3108,1645,2314,1982
82.5803,26,1749,3108,1645,2314,1982
82.6007,26,1749,3108,1645,2314,1982
82.6209,26,1749,3108,1645,2314,1982
82.6413,26,1749,3108,1645,2314,1982
82.6617,26,1749,3108,1645,2314,1982
82.6822,26,1749,3108,1645,2313,1982
82.7025,26,1749,3108,1645,2313,1982
82.7227,26,1749,3108,1645,2313,1982
82.7432,26,1749,3108,1645,2313,1982
82.7635,26,1749,3108,1645,2313,1982
82.7836,26,1749,3108,1645,2313,1982
82.8041,26,1749,3108,1645,2313,1982
82.8243,26,1749,3108,1645,2313,1982
82.8448,26,1749,3108,1645,2312,1982
82.8648,26,1749,3108,1645,2312,1982
82.8853,26,1749,3108,1645,2312,1982
82.9066,26,1749,3108,1645,2312,1982
82.9267,26,1749,3108,1645,2312,1982
82.9470,26,1749,3108,1645,2312,1982
82.9676,26,1749,3108,1645,2312,1982
82.9883,26,1749,3108,1645,2312,1982
83.0091,26,1749,3108,1645,2312,1982
83.0295,26,1749,3108,1645,2312,1982
83.0496,26,1749,3108,1645,2311,1982
83.0698,26,1749,3108,1645,2311,1982
83.0902,26,1749,3108,1645,2311,1982
83.1106,26,1749,3108,1645,2311,1982
83.1311,26,1749,3108,1645,2311,1982
83.1512,26,1749,3108,1645,2311,1982
83.1714,26,1749,3108,1645,2311,1982
83.1921,26,1749,3108,1645,2311,1982
83.2130,26,1749,3108,1645,2311,1982
