timestamp_sec,id_1,id_2,id_3,id_4,id_5,id_6
0.0001,17,1750,3105,1644,1994,1981
0.0203,17,1750,3105,1644,1994,1981
0.0407,17,1750,3105,1644,1994,1981
0.0612,17,1750,3105,1644,1994,1981
0.0813,17,1750,3105,1644,1994,1981
0.1014,17,1750,3105,1644,1994,1981
0.1219,17,1750,3105,1644,1994,1981
0.1426,17,1750,3105,1644,1994,1981
0.1630,17,1750,3105,1644,1994,1981
0.1835,17,1750,3105,1644,1994,1981
0.2041,17,1750,3105,1644,1994,1981
0.2244,17,1750,3105,1644,1994,1981
0.2446,17,1750,3105,1644,1994,1981
0.2651,17,1750,3105,1644,1994,1981
0.2856,17,1750,3105,1644,1994,1981
0.3064,17,1750,3105,1644,1994,1981
0.3267,17,1750,3105,1644,1994,1981
0.3472,17,1750,3105,1644,1994,1981
0.3676,17,1750,3105,1644,1994,1981
0.3881,17,1750,3105,1644,1994,1981
0.4085,17,1750,3105,1644,1994,1981
0.4286,17,1750,3105,1644,1994,1981
0.4490,17,1750,3105,1644,1994,1981
0.4695,17,1750,3105,1644,1994,1981
0.4897,17,1750,3105,1644,1994,1981
0.5103,17,1750,3105,1644,1994,1981
0.5305,17,1750,3105,1644,1994,1981
0.5510,17,1750,3105,1644,1994,1981
0.5713,17,1750,3105,1644,1994,1981
0.5919,17,1750,3105,1644,1994,1981
0.6124,17,1750,3105,1644,1994,1981
0.6329,17,1750,3105,1644,1994,1981
0.6531,17,1750,3105,1644,1994,1981
0.6734,17,1750,3105,1644,1994,1981
0.6941,17,1750,3105,1644,1994,1981
0.7145,17,1750,3105,1644,1994,1981
0.7345,17,1750,3105,1644,1994,1981
0.7550,17,1750,3105,1644,1994,1981
0.7755,17,1750,3105,1644,1994,1981
0.7961,17,1750,3105,1644,1994,1981
0.8166,17,1750,3105,1644,1994,1981
0.8375,17,1750,3105,1644,1994,1981
0.8581,17,1750,3105,1644,1994,1981
0.8787,17,1750,3105,1644,1994,1981
0.8992,17,1750,3105,1644,1994,1981
0.9193,17,1750,3105,1644,1994,1981
0.9396,17,1750,3105,1644,1994,1981
0.9597,17,1750,3105,1644,1994,1981
0.9800,17,1750,3105,1644,1994,1981
1.0004,17,1750,3105,1644,1994,1981
1.0208,17,1750,3105,1644,1994,1981
1.0415,17,1750,3105,1644,1994,1981
1.0620,17,1750,3105,1644,1994,1981
1.0827,17,1750,3105,1644,1994,1981
1.1028,17,1750,3105,1644,1994,1981
1.1229,17,1750,3105,1644,1994,1981
1.1432,17,1750,3105,1644,1994,1981
1.1637,17,1750,3105,1644,1994,1981
1.1841,17,1750,3105,1644,1994,1981
1.2044,17,1750,3105,1644,1994,1981
1.2246,17,1750,3105,1644,1994,1981
1.2449,17,1750,3105,1644,1994,1981
1.2653,17,1750,3105,1644,1994,1981
1.2855,17,1750,3105,1644,1994,1981
1.3063,17,1750,3105,1644,1994,1981
1.3270,17,1750,3105,1644,1994,1981
1.3470,17,1750,3105,1644,1994,1981
1.3680,17,1750,3105,1644,1994,1981
1.3882,17,1750,3105,1644,1994,1981
1.4083,17,1750,3105,1644,1994,1981
1.4286,17,1750,3105,1644,1994,1981
1.4490,17,1750,3105,1644,1994,1981
1.4694,17,1750,3105,1644,1994,1981
1.4897,17,1750,3105,1644,1994,1981
1.5102,17,1750,3105,1644,1994,1981
1.5307,17,1750,3105,1644,1994,1981
1.5511,17,1750,3105,1644,1994,1981
1.5713,17,1750,3105,1644,1994,1981
1.5917,17,1750,3105,1644,1994,1981
1.6122,17,1750,3105,1644,1994,1981
1.6327,17,1750,3105,1644,1994,1981
1.6528,17,1750,3105,1644,1994,1981
1.6729,17,1750,3105,1644,1994,1981
1.6931,17,1750,3105,1644,1994,1981
1.7138,17,1750,3105,1644,1994,1981
1.7339,17,1750,3105,1644,1994,1981
1.7543,17,1750,3105,1644,1994,1981
1.7749,17,1750,3105,1644,1994,1981
1.7952,17,1750,3105,1644,1994,1981
1.8155,17,1750,3105,1644,1994,1981
1.8359,17,1750,3105,1644,1994,1981
1.8563,17,1750,3105,1644,1994,1981
1.8764,17,1750,3105,1644,1994,1981
1.8970,17,1750,3105,1644,1994,1981
1.9170,17,1750,3105,1644,1994,1981
1.9372,17,1750,3105,1644,1994,1981
1.9575,17,1750,3105,1644,1994,1981
1.9777,17,1750,3105,1644,1994,1981
1.9980,17,1750,3105,1644,1994,1981
2.0181,17,1750,3105,1644,1994,1981
2.0383,17,1750,3105,1644,1994,1981
2.0589,17,1750,3105,1644,1994,1981
2.0795,17,1750,3105,1644,1994,1981
2.1001,17,1750,3105,1644,1994,1981
2.1206,17,1750,3105,1644,1994,1981
2.1411,17,1750,3105,1644,1994,1981
2.1611,17,1750,3105,1644,1994,1981
2.1813,17,1750,3105,1644,1994,1981
2.2015,17,1750,3105,1644,1994,1981
2.2219,17,1750,3105,1644,1994,1981
2.2421,17,1750,3105,1644,1994,1981
2.2623,17,1750,3105,1644,1994,1981
2.2824,17,1750,3105,1644,1994,1981
2.3027,17,1750,3105,1644,1994,1981
2.3232,17,1750,3105,1644,1994,1981
2.3433,17,1750,3105,1644,1994,1981
2.3637,17,1750,3105,1644,1994,1981
2.3843,17,1750,3105,1644,1994,1981
2.4048,17,1750,3105,1644,1994,1981
2.4251,17,1750,3105,1644,1994,1981
2.4456,17,1750,3105,1644,1994,1981
2.4659,17,1750,3105,1644,1994,1981
2.4870,17,1750,3105,1644,1994,1981
2.5075,17,1750,3105,1644,1994,1981
2.5277,17,1750,3105,1644,1994,1981
2.5478,17,1750,3105,1644,1994,1981
2.5683,17,1750,3105,1644,1994,1981
2.5888,17,1750,3105,1644,1994,1981
2.6092,17,1750,3105,1644,1994,1981
2.6295,17,1750,3105,1644,1994,1981
2.6499,17,1750,3105,1644,1994,1981
2.6705,17,1750,3105,1644,1994,1981
2.6907,17,1750,3105,1644,1994,1981
2.7114,17,1750,3105,1644,1994,1981
2.7316,17,1750,3105,1644,1994,1981
2.7519,17,1750,3105,1644,1994,1981
2.7721,17,1750,3105,1644,1994,1981
2.7922,17,1750,3105,1644,1994,1981
2.8126,17,1750,3105,1644,1994,1981
2.8326,17,1750,3105,1644,1994,1981
2.8531,17,1750,3105,1644,1994,1981
2.8736,17,1750,3105,1644,1994,1981
2.8937,17,1750,3105,1644,1994,1981
2.9140,17,1750,3105,1644,1994,1981
2.9346,17,1750,3105,1644,1994,1981
2.9552,17,1750,3105,1644,1994,1981
2.9753,17,1750,3105,1644,1994,1981
2.9980,17,1750,3105,1644,1994,1981
3.0183,17,1750,3105,1644,1994,1981
3.0388,17,1750,3105,1644,1994,1981
3.0594,17,1750,3105,1644,1994,1981
3.0799,17,1750,3105,1644,1994,1981
3.1002,17,1750,3105,1644,1994,1981
3.1204,17,1750,3105,1644,1994,1981
3.1404,17,1750,3105,1644,1994,1981
3.1609,17,1750,3105,1644,1994,1981
3.1814,17,1750,3105,1644,1994,1981
3.2017,17,1750,3105,1644,1994,1981
3.2221,17,1750,3105,1644,1994,1981
3.2423,17,1750,3105,1644,1994,1981
3.2629,17,1750,3105,1644,1994,1981
3.2838,17,1750,3105,1644,1994,1981
3.3044,17,1750,3105,1644,1994,1981
3.3246,17,1750,3105,1644,1994,1981
3.3452,17,1750,3105,1644,1994,1981
3.3656,17,1750,3105,1644,1994,1981
3.3856,17,1750,3105,1644,1994,1981
3.4057,17,1750,3105,1644,1994,1981
3.4261,17,1750,3105,1644,1994,1981
3.4463,17,1750,3105,1644,1994,1981
3.4668,17,1750,3105,1644,1994,1981
3.4868,17,1750,3105,1644,1994,1981
3.5074,17,1750,3105,1644,1994,1981
3.5281,17,1750,3105,1644,1994,1981
3.5489,17,1750,3105,1644,1994,1981
3.5690,17,1750,3105,1644,1994,1981
3.5891,17,1750,3105,1644,1994,1981
3.6092,17,1750,3105,1644,1994,1981
3.6297,17,1750,3105,1644,1994,1981
3.6499,17,1750,3105,1644,1994,1981
3.6703,17,1750,3105,1644,1994,1981
3.6906,17,1750,3105,1644,1994,1981
3.7111,17,1750,3105,1644,1994,1981
3.7317,17,1750,3105,1644,1994,1981
3.7525,17,1750,3105,1644,1994,1981
3.7727,17,1750,3105,1644,1994,1981
3.7930,17,1750,3105,1644,1994,1981
3.8132,17,1750,3105,1644,1994,1981
3.8337,17,1750,3105,1644,1994,1981
3.8545,17,1750,3105,1644,1996,1981
3.8752,17,1750,3105,1644,1999,1981
3.8959,17,1750,3105,1644,2002,1981
3.9164,17,1750,3105,1644,2004,1981
3.9367,17,1750,3105,1644,2005,1981
3.9572,17,1750,3105,1644,2005,1981
3.9774,17,1750,3105,1644,2006,1981
3.9975,17,1750,3105,1644,2006,1981
4.0180,17,1750,3105,1644,2006,1981
4.0384,17,1750,3105,1644,2006,1981
4.0586,17,1750,3105,1644,2007,1981
4.0791,17,1750,3105,1644,2008,1981
4.1001,17,1750,3105,1644,2008,1981
4.1205,18,1750,3105,1644,2007,1981
4.1409,18,1750,3105,1644,2006,1981
4.1612,18,1750,3105,1644,2003,1981
4.1821,18,1750,3105,1644,2002,1981
4.2026,18,1750,3105,1644,2002,1981
4.2226,18,1750,3105,1644,2002,1981
4.2430,18,1750,3105,1644,2003,1981
4.2635,18,1750,3105,1644,2005,1981
4.2841,17,1750,3105,1644,2006,1981
4.3042,17,1750,3105,1644,2009,1981
4.3245,17,1750,3105,1644,2010,1981
4.3450,17,1750,3105,1644,2011,1981
4.3655,17,1750,3105,1644,2012,1981
4.3866,17,1750,3105,1644,2013,1981
4.4069,17,1750,3105,1644,2014,1981
4.4270,17,1750,3105,1644,2015,1981
4.4472,17,1750,3105,1644,2015,1981
4.4676,17,1750,3105,1644,2015,1981
4.4879,18,1750,3105,1644,2014,1981
4.5084,19,1750,3105,1644,2013,1981
4.5286,21,1750,3105,1644,2013,1981
4.5487,21,1750,3105,1644,2013,1981
4.5690,21,1750,3105,1644,2013,1981
4.5893,22,1750,3105,1645,2011,1981
4.6097,23,1750,3105,1647,2010,1981
4.6299,23,1750,3105,1650,2009,1981
4.6504,24,1750,3105,1656,2009,1981
4.6709,24,1750,3105,1664,2009,1981
4.6910,24,1750,3105,1674,2010,1981
4.7115,24,1750,3103,1685,2013,1980
4.7322,24,1750,3101,1699,2016,1980
4.7525,24,1750,3098,1714,2019,1980
4.7727,24,1750,3091,1730,2021,1980
4.7931,24,1750,3084,1748,2025,1980
4.8132,24,1750,3075,1768,2028,1980
4.8335,23,1750,3067,1791,2032,1980
4.8537,21,1749,3059,1816,2037,1980
4.8739,19,1749,3051,1843,2041,1980
4.8945,19,1749,3043,1869,2044,1980
4.9148,18,1749,3035,1894,2048,1980
4.9351,18,1749,3027,1920,2053,1980
4.9556,17,1750,3018,1943,2057,1980
4.9756,17,1752,3010,1965,2061,1980
4.9959,16,1756,3003,1987,2065,1980
5.0161,14,1760,2994,2007,2071,1980
5.0363,13,1765,2984,2031,2076,1980
5.0568,11,1772,2973,2054,2082,1980
5.0775,10,1779,2960,2079,2090,1980
5.0976,8,1786,2946,2104,2099,1980
5.1180,7,1795,2932,2129,2106,1980
5.1385,5,1803,2917,2156,2115,1980
5.1592,3,1812,2900,2186,2123,1980
5.1794,2,1823,2883,2213,2129,1980
5.1996,1,1833,2866,2237,2136,1980
5.2196,0,1844,2852,2258,2142,1979
5.2402,4095,1857,2834,2281,2149,1979
5.2602,4093,1869,2818,2301,2157,1979
5.2806,4092,1883,2801,2320,2163,1979
5.3011,4091,1899,2784,2337,2169,1979
5.3215,4090,1913,2768,2350,2171,1979
5.3416,4089,1928,2754,2359,2176,1979
5.3618,4088,1942,2740,2369,2179,1979
5.3818,4086,1958,2725,2380,2183,1979
5.4020,4084,1973,2709,2396,2188,1979
5.4221,4082,1988,2692,2411,2192,1979
5.4425,4080,2004,2676,2427,2197,1979
5.4634,4077,2019,2659,2443,2204,1979
5.4841,4073,2034,2642,2462,2210,1979
5.5043,4069,2049,2625,2483,2217,1979
5.5249,4065,2066,2608,2502,2225,1979
5.5453,4061,2082,2591,2525,2233,1979
5.5660,4056,2097,2576,2549,2240,1979
5.5865,4051,2112,2559,2572,2248,1979
5.6071,4046,2126,2543,2595,2257,1979
5.6277,4040,2141,2528,2620,2265,1979
5.6478,4034,2156,2511,2646,2273,1979
5.6679,4029,2168,2495,2671,2280,1979
5.6883,4022,2182,2479,2698,2286,1979
5.7089,4015,2196,2460,2725,2293,1979
5.7293,4009,2210,2444,2745,2302,1979
5.7500,4005,2225,2426,2764,2308,1979
5.7702,4000,2238,2408,2788,2314,1979
5.7906,3995,2251,2391,2811,2321,1979
5.8110,3989,2265,2374,2833,2328,1979
5.8314,3983,2278,2357,2853,2332,1979
5.8517,3979,2291,2338,2880,2337,1979
5.8722,3976,2304,2319,2907,2340,1979
5.8923,3972,2315,2299,2936,2343,1979
5.9126,3970,2326,2282,2963,2346,1979
5.9328,3966,2338,2264,2989,2351,1979
5.9535,3963,2351,2245,3015,2354,1979
5.9738,3959,2362,2227,3043,2357,1979
5.9942,3956,2374,2207,3072,2359,1979
6.0146,3954,2384,2191,3095,2361,1979
6.0346,3952,2395,2175,3117,2362,1979
6.0551,3951,2406,2158,3140,2364,1979
6.0754,3949,2417,2143,3163,2366,1979
6.0963,3948,2427,2130,3181,2368,1979
6.1166,3947,2437,2119,3198,2370,1979
6.1370,3946,2446,2107,3217,2372,1979
6.1574,3946,2456,2094,3235,2374,1979
6.1780,3945,2466,2083,3253,2376,1979
6.1982,3944,2474,2072,3272,2377,1979
6.2185,3944,2484,2060,3292,2377,1979
6.2390,3944,2493,2048,3311,2377,1979
6.2591,3944,2502,2034,3333,2378,1979
6.2793,3945,2512,2018,3359,2379,1979
6.2999,3945,2521,2004,3381,2379,1979
6.3207,3947,2531,1988,3405,2379,1979
6.3407,3948,2541,1973,3428,2379,1979
6.3611,3948,2551,1957,3450,2382,1979
6.3823,3949,2562,1942,3467,2387,1979
6.4026,3950,2571,1930,3484,2393,1979
6.4229,3950,2580,1915,3500,2399,1979
6.4435,3950,2592,1899,3521,2404,1979
6.4640,3950,2603,1881,3541,2410,1979
6.4846,3950,2614,1866,3559,2416,1979
6.5051,3950,2626,1851,3573,2421,1979
6.5252,3950,2636,1839,3586,2425,1979
6.5455,3950,2648,1827,3600,2428,1979
6.5657,3949,2660,1815,3614,2435,1979
6.5860,3949,2673,1802,3628,2442,1979
6.6065,3949,2685,1791,3638,2449,1979
6.6269,3948,2698,1781,3648,2453,1979
6.6472,3948,2711,1771,3656,2456,1979
6.6675,3947,2726,1761,3664,2458,1979
6.6881,3946,2741,1751,3671,2459,1979
6.7084,3945,2755,1744,3675,2459,1979
6.7288,3943,2768,1739,3676,2460,1979
6.7494,3942,2780,1735,3677,2461,1979
6.7694,3940,2793,1731,3677,2461,1979
6.7896,3937,2807,1725,3679,2458,1979
6.8100,3936,2821,1720,3684,2451,1979
6.8306,3934,2834,1716,3685,2446,1979
6.8512,3932,2847,1710,3689,2440,1979
6.8716,3930,2859,1704,3694,2437,1979
6.8921,3929,2873,1696,3698,2437,1979
6.9124,3927,2886,1688,3701,2436,1979
6.9326,3926,2899,1681,3703,2435,1979
6.9530,3924,2911,1674,3704,2436,1979
6.9732,3922,2924,1664,3707,2440,1979
6.9939,3920,2937,1654,3712,2441,1979
7.0140,3919,2950,1646,3714,2443,1979
7.0352,3918,2962,1638,3714,2447,1979
7.0554,3918,2974,1629,3714,2453,1979
7.0760,3917,2986,1620,3714,2459,1979
7.0962,3916,2996,1613,3714,2463,1979
7.1167,3914,3007,1608,3714,2463,1979
7.1368,3913,3015,1605,3714,2463,1980
7.1570,3913,3022,1602,3715,2466,1980
7.1771,3912,3029,1598,3717,2468,1980
7.1975,3911,3037,1596,3720,2465,1980
7.2185,3910,3043,1595,3723,2460,1980
7.2389,3909,3048,1595,3723,2456,1981
7.2590,3909,3053,1595,3724,2454,1984
7.2795,3909,3058,1595,3724,2453,1987
7.2997,3909,3062,1595,3724,2450,1989
7.3201,3909,3067,1595,3725,2443,1992
7.3406,3910,3072,1595,3725,2437,1997
7.3611,3910,3076,1596,3725,2437,1999
7.3819,3911,3080,1599,3722,2438,1999
7.4023,3913,3083,1602,3718,2441,1998
7.4224,3915,3086,1605,3714,2442,1994
7.4427,3917,3089,1606,3712,2438,1988
7.4632,3919,3093,1607,3709,2435,1981
7.4835,3920,3097,1609,3704,2435,1981
7.5038,3921,3101,1612,3698,2436,1981
7.5247,3922,3105,1614,3694,2436,1981
7.5451,3923,3110,1614,3692,2436,1981
7.5656,3924,3115,1614,3691,2435,1980
7.5862,3925,3120,1614,3691,2435,1980
7.6065,3925,3126,1614,3690,2436,1980
7.6268,3926,3132,1614,3689,2436,1980
7.6473,3926,3138,1614,3686,2436,1980
7.6675,3927,3144,1614,3683,2436,1980
7.6878,3927,3150,1614,3680,2438,1980
7.7081,3929,3157,1614,3676,2438,1980
7.7288,3930,3164,1613,3670,2438,1980
7.7492,3931,3170,1614,3665,2438,1980
7.7697,3931,3175,1617,3659,2437,1980
7.7900,3932,3180,1621,3652,2434,1980
7.8103,3933,3184,1628,3644,2430,1980
7.8308,3935,3187,1633,3639,2428,1980
7.8510,3936,3190,1638,3634,2427,1980
7.8712,3938,3192,1644,3629,2426,1980
7.8916,3941,3193,1651,3623,2426,1980
7.9117,3943,3193,1659,3616,2426,1980
7.9321,3945,3193,1667,3610,2425,1980
7.9525,3948,3191,1676,3605,2424,1980
7.9725,3950,3189,1685,3600,2422,1980
7.9927,3953,3186,1695,3593,2420,1980
8.0129,3956,3181,1708,3584,2420,1980
8.0333,3960,3175,1721,3576,2420,1980
8.0539,3964,3170,1733,3569,2420,1980
8.0741,3968,3164,1743,3564,2420,1980
8.0945,3972,3159,1754,3560,2420,1980
8.1153,3976,3152,1764,3557,2420,1980
8.1360,3980,3146,1773,3555,2419,1980
8.1564,3985,3139,1781,3554,2419,1980
8.1769,3990,3132,1789,3554,2417,1980
8.1972,3995,3125,1797,3554,2416,1980
8.2175,4000,3119,1805,3553,2416,1980
8.2379,4005,3112,1812,3553,2417,1980
8.2583,4009,3106,1818,3553,2420,1980
8.2792,4014,3101,1823,3554,2421,1980
8.2996,4018,3095,1828,3557,2421,1980
8.3197,4021,3090,1831,3559,2421,1980
8.3402,4025,3084,1835,3560,2421,1980
8.3606,4028,3079,1838,3560,2423,1980
8.3810,4030,3075,1842,3560,2424,1980
8.4013,4032,3070,1845,3561,2424,1980
8.4214,4034,3066,1849,3561,2424,1980
8.4421,4035,3060,1852,3561,2423,1980
8.4622,4036,3057,1855,3561,2423,1980
8.4828,4037,3053,1856,3561,2423,1980
8.5032,4037,3049,1857,3563,2423,1980
8.5233,4037,3045,1859,3565,2420,1980
8.5438,4037,3042,1860,3567,2416,1980
8.5644,4037,3039,1862,3567,2415,1980
8.5849,4037,3035,1863,3567,2415,1980
8.6050,4038,3032,1864,3567,2414,1980
8.6257,4039,3029,1866,3568,2413,1980
8.6457,4040,3027,1868,3569,2410,1980
8.6664,4040,3024,1870,3569,2409,1980
8.6865,4041,3021,1873,3569,2409,1980
8.7068,4042,3018,1877,3569,2407,1980
8.7272,4043,3015,1880,3569,2406,1980
8.7475,4043,3013,1883,3569,2404,1980
8.7681,4044,3011,1887,3569,2403,1980
8.7882,4044,3008,1892,3569,2400,1980
8.8083,4045,3006,1897,3568,2397,1981
8.8286,4045,3004,1902,3567,2396,1984
8.8490,4045,3002,1908,3563,2394,1986
8.8694,4045,3001,1914,3559,2393,1987
8.8895,4045,3000,1920,3553,2391,1988
8.9098,4045,3000,1927,3545,2389,1989
8.9309,4044,3000,1935,3536,2386,1992
8.9511,4043,3000,1941,3526,2383,1997
8.9711,4042,3000,1948,3517,2381,2003
8.9912,4041,3000,1953,3509,2379,2006
9.0116,4040,3001,1957,3503,2378,2007
9.0320,4040,3003,1959,3498,2376,2007
9.0525,4039,3004,1961,3494,2374,2011
9.0728,4039,3006,1962,3491,2373,2015
9.0934,4038,3007,1961,3491,2372,2017
9.1139,4036,3009,1960,3490,2372,2021
9.1342,4036,3010,1959,3490,2372,2030
9.1551,4035,3011,1957,3490,2372,2040
9.1757,4034,3012,1956,3490,2372,2049
9.1959,4033,3012,1956,3490,2372,2059
9.2160,4032,3012,1955,3490,2371,2067
9.2364,4031,3012,1955,3490,2371,2073
9.2565,4031,3012,1954,3490,2371,2081
9.2768,4030,3011,1953,3490,2371,2092
9.2972,4030,3011,1953,3490,2371,2104
9.3176,4029,3010,1952,3490,2371,2117
9.3381,4029,3010,1951,3490,2371,2137
9.3588,4029,3010,1949,3491,2370,2153
9.3789,4029,3009,1948,3493,2369,2168
9.3994,4029,3009,1947,3493,2369,2187
9.4197,4029,3008,1947,3493,2369,2199
9.4402,4029,3007,1945,3493,2371,2210
9.4607,4029,3006,1945,3491,2373,2218
9.4812,4029,3006,1945,3490,2375,2234
9.5016,4029,3005,1944,3489,2375,2247
9.5220,4029,3003,1943,3489,2375,2256
9.5423,4029,3002,1942,3487,2376,2268
9.5627,4029,3001,1942,3485,2378,2279
9.5828,4029,3000,1941,3482,2380,2289
9.6032,4029,2999,1940,3479,2381,2301
9.6233,4028,2998,1939,3475,2382,2309
9.6434,4027,2997,1938,3469,2383,2317
9.6638,4026,2996,1938,3464,2382,2326
9.6839,4025,2995,1938,3459,2379,2331
9.7043,4022,2995,1938,3454,2377,2335
9.7247,4020,2994,1938,3448,2375,2339
9.7454,4017,2994,1938,3442,2372,2341
9.7662,4014,2994,1938,3436,2371,2342
9.7866,4011,2994,1938,3429,2371,2341
9.8068,4007,2994,1938,3421,2369,2341
9.8272,4004,2994,1938,3413,2367,2341
9.8472,4001,2994,1938,3403,2366,2339
9.8675,3999,2994,1938,3394,2364,2337
9.8878,3997,2994,1938,3385,2361,2333
9.9080,3994,2994,1938,3377,2359,2329
9.9283,3993,2994,1938,3368,2356,2327
9.9487,3991,2994,1938,3361,2353,2324
9.9690,3990,2993,1938,3352,2348,2322
9.9892,3990,2993,1940,3343,2344,2317
10.0095,3988,2992,1944,3332,2341,2308
10.0298,3988,2991,1948,3322,2338,2299
10.0502,3987,2990,1955,3310,2335,2295
10.0707,3987,2990,1961,3298,2332,2292
10.0909,3986,2989,1966,3288,2329,2291
10.1110,3986,2988,1972,3278,2323,2289
10.1312,3986,2988,1977,3271,2319,2287
10.1515,3986,2987,1981,3266,2317,2288
10.1717,3986,2987,1983,3263,2315,2292
10.1922,3986,2987,1985,3263,2313,2293
10.2124,3986,2987,1987,3263,2313,2294
10.2337,3986,2987,1989,3263,2312,2297
10.2540,3986,2987,1990,3263,2312,2301
10.2753,3986,2987,1993,3265,2313,2304
10.2958,3986,2987,1995,3269,2313,2305
10.3161,3988,2987,1995,3272,2313,2305
10.3373,3990,2988,1996,3272,2313,2302
10.3574,3991,2988,1998,3272,2313,2302
10.3777,3993,2989,1999,3272,2313,2304
10.3983,3995,2989,2002,3272,2313,2306
10.4185,3996,2990,2006,3273,2310,2307
10.4388,3998,2990,2011,3273,2308,2308
10.4593,3998,2991,2015,3273,2308,2308
10.4800,4000,2992,2019,3273,2308,2308
10.5003,4002,2993,2021,3273,2308,2308
10.5207,4004,2994,2024,3273,2308,2308
10.5407,4005,2995,2027,3273,2308,2308
10.5610,4007,2995,2031,3273,2306,2309
10.5813,4007,2995,2036,3273,2305,2310
10.6016,4008,2996,2040,3273,2304,2312
10.6219,4009,2996,2042,3273,2304,2313
10.6424,4010,2996,2045,3273,2304,2312
10.6629,4011,2996,2048,3273,2303,2312
10.6834,4011,2996,2050,3272,2303,2312
10.7046,4011,2997,2051,3271,2302,2311
10.7247,4012,2998,2052,3270,2302,2311
10.7449,4012,3000,2053,3268,2302,2310
10.7659,4012,3001,2053,3267,2302,2309
10.7863,4012,3003,2053,3267,2302,2308
10.8070,4012,3005,2053,3267,2302,2307
10.8270,4012,3008,2053,3266,2301,2307
10.8472,4012,3010,2053,3265,2300,2306
10.8675,4011,3012,2053,3263,2300,2306
10.8878,4010,3015,2052,3262,2300,2305
10.9081,4009,3016,2052,3261,2299,2305
10.9283,4007,3018,2052,3260,2298,2304
10.9485,4006,3019,2052,3260,2297,2304
10.9686,4005,3020,2052,3258,2296,2303
10.9888,4003,3020,2052,3257,2295,2303
11.0092,4002,3021,2052,3256,2295,2303
11.0304,4002,3021,2052,3256,2294,2303
11.0505,4001,3021,2052,3256,2293,2302
11.0709,4001,3022,2052,3256,2292,2302
11.0916,4001,3022,2052,3256,2290,2302
11.1125,4001,3022,2052,3256,2289,2302
11.1332,4001,3023,2053,3256,2288,2301
11.1536,4001,3023,2054,3256,2288,2300
11.1739,4001,3023,2055,3256,2287,2300
11.1941,4001,3024,2057,3256,2287,2300
11.2147,4001,3024,2058,3256,2287,2300
11.2352,4001,3024,2059,3256,2286,2300
11.2555,4000,3024,2061,3256,2284,2300
11.2757,4000,3024,2063,3256,2284,2300
11.2960,4000,3024,2065,3256,2283,2299
11.3163,3999,3024,2066,3256,2283,2298
11.3368,3999,3024,2067,3256,2281,2298
11.3574,3999,3024,2068,3256,2281,2297
11.3774,3999,3024,2069,3256,2281,2297
11.3978,3999,3025,2069,3256,2280,2297
11.4181,3999,3026,2070,3256,2278,2297
11.4385,3999,3026,2070,3256,2277,2296
11.4594,3999,3027,2070,3256,2277,2296
11.4797,3999,3028,2070,3256,2277,2296
11.5002,3998,3029,2070,3256,2276,2296
11.5206,3997,3030,2070,3256,2276,2295
11.5409,3997,3031,2070,3256,2275,2294
11.5612,3996,3031,2071,3256,2275,2293
11.5814,3995,3032,2071,3256,2273,2293
11.6018,3994,3032,2072,3256,2272,2293
11.6224,3993,3032,2073,3256,2270,2292
11.6425,3992,3032,2074,3256,2269,2291
11.6626,3992,3032,2074,3256,2268,2290
11.6828,3991,3032,2074,3256,2268,2289
11.7033,3991,3032,2074,3256,2267,2289
11.7238,3991,3032,2075,3256,2266,2289
11.7441,3991,3033,2075,3256,2264,2289
11.7645,3991,3034,2076,3256,2263,2288
11.7850,3991,3034,2076,3255,2262,2287
11.8050,3991,3035,2077,3254,2262,2287
11.8255,3990,3036,2077,3253,2262,2287
11.8459,3990,3037,2077,3253,2261,2286
11.8661,3990,3037,2078,3252,2261,2286
11.8866,3990,3038,2079,3251,2260,2285
11.9072,3989,3039,2079,3251,2260,2284
11.9277,3989,3040,2081,3250,2259,2283
11.9484,3988,3042,2081,3249,2259,2283
11.9695,3988,3044,2082,3249,2259,2283
11.9904,3987,3045,2082,3247,2258,2282
12.0107,3987,3046,2083,3245,2257,2282
12.0310,3986,3048,2084,3244,2257,2282
12.0511,3986,3049,2086,3243,2256,2281
12.0714,3985,3050,2086,3243,2255,2281
12.0914,3985,3051,2087,3243,2254,2281
12.1119,3985,3052,2088,3241,2254,2281
12.1323,3985,3053,2089,3241,2254,2280
12.1528,3985,3054,2090,3240,2253,2280
12.1731,3985,3054,2090,3240,2253,2280
12.1934,3985,3055,2092,3239,2253,2279
12.2140,3985,3055,2094,3238,2253,2279
12.2351,3985,3055,2096,3237,2253,2279
12.2556,3985,3055,2097,3236,2253,2278
12.2759,3985,3055,2099,3236,2253,2277
12.2964,3985,3055,2100,3236,2253,2277
12.3169,3986,3055,2102,3235,2253,2277
12.3371,3986,3055,2105,3235,2252,2276
12.3575,3986,3055,2107,3235,2252,2275
12.3779,3986,3054,2109,3234,2251,2275
12.3985,3987,3054,2112,3234,2251,2275
12.4188,3988,3054,2114,3232,2250,2274
12.4390,3988,3053,2117,3231,2250,2274
12.4594,3988,3053,2119,3230,2250,2274
12.4799,3989,3052,2121,3230,2250,2274
12.5002,3989,3052,2122,3230,2250,2274
12.5203,3989,3051,2124,3229,2250,2274
12.5407,3990,3051,2125,3229,2250,2274
12.5609,3990,3049,2125,3229,2252,2274
12.5811,3990,3047,2125,3229,2253,2274
12.6017,3990,3045,2124,3229,2253,2274
12.6222,3990,3041,2123,3229,2254,2275
12.6423,3989,3037,2121,3229,2254,2275
12.6627,3989,3032,2120,3229,2255,2274
12.6831,3989,3027,2119,3229,2256,2274
12.7034,3989,3022,2117,3229,2257,2274
12.7235,3989,3016,2115,3229,2258,2274
12.7439,3989,3011,2113,3228,2259,2274
12.7640,3989,3006,2110,3228,2260,2274
12.7848,3990,3001,2108,3228,2260,2274
12.8052,3990,2995,2106,3228,2262,2274
12.8258,3990,2989,2105,3228,2263,2274
12.8461,3991,2984,2103,3228,2264,2274
12.8662,3991,2979,2102,3228,2264,2274
12.8863,3991,2973,2102,3228,2265,2274
12.9066,3991,2967,2102,3228,2265,2274
12.9269,3991,2961,2102,3228,2267,2274
12.9473,3991,2955,2102,3228,2268,2274
12.9677,3991,2949,2102,3229,2269,2274
12.9881,3991,2944,2102,3229,2269,2274
13.0083,3991,2939,2102,3230,2271,2273
13.0288,3992,2934,2102,3231,2272,2272
13.0490,3993,2930,2102,3231,2272,2270
13.0696,3994,2926,2102,3231,2272,2268
13.0899,3995,2922,2102,3231,2272,2268
13.1103,3996,2919,2102,3231,2272,2268
13.1303,3998,2916,2102,3231,2272,2267
13.1506,3999,2913,2102,3231,2272,2267
13.1706,4001,2911,2102,3231,2272,2267
13.1910,4003,2909,2102,3231,2272,2266
13.2116,4005,2906,2103,3231,2272,2266
13.2320,4007,2904,2103,3231,2272,2266
13.2524,4009,2902,2104,3231,2272,2264
13.2725,4011,2901,2104,3231,2272,2263
13.2931,4013,2900,2104,3231,2272,2263
13.3132,4014,2900,2104,3231,2272,2261
13.3342,4015,2900,2104,3231,2272,2260
13.3549,4015,2900,2104,3231,2271,2260
13.3754,4015,2900,2104,3231,2270,2260
13.3957,4015,2901,2104,3231,2269,2259
13.4161,4014,2902,2104,3231,2268,2259
13.4361,4013,2903,2104,3229,2266,2259
13.4565,4010,2904,2104,3227,2264,2259
13.4767,4008,2906,2105,3222,2261,2259
13.4969,4005,2907,2106,3216,2259,2259
13.5173,4002,2909,2108,3210,2256,2259
13.5377,3998,2911,2109,3202,2255,2259
13.5578,3995,2914,2110,3194,2253,2259
13.5778,3991,2916,2111,3187,2250,2261
13.5979,3987,2919,2111,3182,2246,2262
13.6183,3984,2922,2111,3176,2245,2265
13.6384,3980,2925,2107,3172,2243,2267
13.6589,3976,2929,2104,3170,2242,2268
13.6793,3973,2933,2099,3169,2239,2270
13.7002,3970,2937,2095,3167,2238,2270
13.7208,3967,2939,2091,3165,2235,2270
13.7409,3963,2942,2087,3165,2232,2272
13.7612,3960,2945,2083,3165,2229,2274
13.7815,3957,2947,2080,3164,2226,2277
13.8017,3953,2949,2076,3164,2223,2283
13.8222,3950,2952,2072,3164,2219,2291
13.8427,3946,2956,2067,3164,2216,2297
13.8631,3943,2960,2064,3164,2212,2300
13.8833,3940,2962,2062,3164,2207,2302
13.9038,3937,2966,2060,3164,2201,2305
13.9239,3933,2971,2055,3164,2196,2308
13.9442,3929,2977,2050,3164,2193,2308
13.9643,3926,2983,2044,3164,2191,2309
13.9846,3923,2989,2039,3164,2188,2309
14.0051,3920,2996,2034,3164,2185,2310
14.0259,3917,3003,2027,3164,2182,2313
14.0471,3914,3009,2022,3164,2179,2316
14.0673,3911,3016,2016,3164,2178,2318
14.0878,3908,3022,2010,3164,2176,2323
14.1081,3905,3028,2005,3164,2172,2329
14.1283,3902,3034,2000,3164,2169,2330
14.1488,3899,3039,1995,3164,2167,2331
14.1695,3896,3044,1990,3164,2166,2331
14.1900,3894,3048,1985,3164,2165,2331
14.2105,3891,3053,1980,3164,2163,2331
14.2310,3887,3058,1975,3164,2162,2331
14.2514,3884,3062,1970,3164,2162,2331
14.2716,3882,3067,1964,3165,2162,2331
14.2916,3879,3071,1957,3168,2161,2331
14.3117,3876,3076,1949,3173,2159,2331
14.3322,3874,3081,1942,3177,2158,2329
14.3527,3873,3086,1934,3180,2158,2328
14.3732,3871,3091,1927,3182,2158,2328
14.3933,3871,3097,1918,3187,2158,2327
14.4134,3870,3102,1911,3191,2158,2327
14.4338,3870,3107,1903,3194,2160,2326
14.4543,3870,3112,1897,3198,2162,2326
14.4747,3870,3116,1891,3201,2163,2326
14.4951,3871,3119,1888,3203,2164,2326
14.5155,3872,3121,1886,3206,2164,2326
14.5358,3874,3123,1885,3207,2164,2326
14.5564,3875,3125,1885,3207,2165,2326
14.5772,3876,3125,1885,3207,2165,2326
14.5975,3878,3126,1886,3208,2166,2326
14.6177,3879,3127,1887,3209,2166,2327
14.6381,3880,3128,1888,3210,2166,2327
14.6584,3881,3129,1889,3211,2167,2327
14.6788,3883,3130,1889,3211,2167,2327
14.6990,3884,3132,1890,3212,2168,2326
14.7195,3885,3133,1891,3212,2168,2325
14.7400,3886,3134,1892,3212,2168,2325
14.7605,3887,3135,1892,3212,2169,2324
14.7810,3889,3136,1893,3212,2170,2323
14.8015,3891,3137,1894,3212,2172,2322
14.8215,3891,3138,1894,3212,2173,2322
14.8420,3893,3139,1894,3212,2173,2320
14.8624,3895,3141,1894,3212,2174,2318
14.8826,3897,3141,1895,3210,2175,2318
14.9031,3898,3143,1895,3210,2176,2317
14.9232,3898,3144,1896,3210,2176,2317
14.9432,3899,3145,1896,3210,2176,2316
14.9636,3899,3146,1897,3209,2176,2316
14.9838,3900,3148,1897,3209,2176,2315
15.0043,3900,3149,1897,3208,2176,2314
15.0251,3900,3150,1897,3208,2176,2313
15.0453,3900,3152,1897,3208,2176,2313
15.0655,3901,3153,1897,3207,2175,2312
15.0863,3901,3155,1898,3206,2175,2312
15.1065,3901,3156,1898,3206,2175,2311
15.1267,3901,3157,1898,3205,2175,2311
15.1470,3900,3159,1898,3205,2173,2311
15.1672,3899,3161,1898,3205,2172,2311
15.1874,3898,3162,1898,3204,2170,2310
15.2078,3897,3163,1898,3204,2169,2310
15.2282,3896,3165,1898,3204,2168,2310
15.2483,3895,3166,1898,3204,2166,2310
15.2691,3894,3168,1897,3203,2165,2310
15.2893,3894,3171,1897,3202,2164,2310
15.3098,3892,3172,1897,3202,2162,2310
15.3303,3892,3174,1897,3202,2161,2310
15.3508,3891,3175,1897,3201,2160,2309
15.3711,3891,3177,1897,3201,2159,2309
15.3916,3890,3177,1897,3201,2159,2309
15.4121,3890,3179,1897,3201,2159,2309
15.4325,3889,3179,1898,3201,2158,2309
15.4534,3889,3179,1899,3201,2157,2309
15.4738,3889,3179,1900,3201,2157,2309
15.4943,3889,3179,1900,3200,2157,2309
15.5147,3889,3179,1902,3200,2156,2308
15.5352,3889,3179,1903,3200,2156,2308
15.5555,3889,3179,1904,3200,2156,2308
15.5762,3889,3179,1905,3200,2156,2308
15.5964,3889,3179,1907,3200,2156,2308
15.6164,3889,3179,1908,3200,2156,2308
15.6368,3889,3179,1910,3200,2155,2308
15.6572,3889,3179,1913,3200,2155,2307
15.6777,3889,3179,1915,3200,2154,2307
15.6979,3889,3179,1917,3200,2153,2305
15.7184,3889,3179,1919,3200,2153,2305
15.7387,3889,3179,1921,3199,2152,2305
15.7594,3889,3179,1923,3199,2152,2305
15.7797,3888,3179,1925,3199,2151,2305
15.7999,3888,3179,1927,3198,2150,2304
15.8204,3887,3180,1929,3197,2150,2304
15.8405,3887,3181,1930,3197,2149,2303
15.8606,3886,3182,1932,3196,2148,2302
15.8809,3886,3183,1933,3196,2147,2302
15.9013,3885,3184,1934,3196,2147,2302
15.9216,3884,3186,1935,3196,2147,2302
15.9425,3884,3187,1935,3196,2146,2302
15.9626,3883,3189,1936,3195,2145,2302
15.9829,3882,3190,1937,3195,2144,2302
16.0031,3881,3192,1937,3195,2142,2301
16.0235,3880,3193,1938,3195,2142,2301
16.0435,3879,3195,1939,3194,2142,2301
16.0639,3878,3196,1940,3193,2141,2300
16.0844,3877,3197,1941,3193,2139,2300
16.1046,3876,3198,1943,3192,2138,2299
16.1249,3875,3200,1944,3191,2137,2299
16.1454,3874,3200,1944,3191,2136,2299
16.1660,3874,3201,1945,3191,2135,2299
16.1875,3873,3201,1947,3191,2135,2299
16.2078,3873,3201,1948,3191,2135,2299
16.2283,3873,3201,1949,3191,2135,2299
16.2488,3873,3201,1950,3191,2135,2298
16.2697,3873,3201,1951,3191,2134,2298
16.2902,3873,3201,1953,3191,2134,2298
16.3108,3873,3200,1953,3190,2134,2298
16.3313,3873,3199,1954,3190,2134,2298
16.3520,3873,3198,1954,3190,2134,2298
16.3723,3873,3196,1955,3190,2134,2299
16.3935,3873,3193,1955,3191,2136,2299
16.4139,3873,3190,1955,3192,2137,2299
16.4342,3873,3186,1956,3193,2138,2299
16.4546,3874,3181,1956,3193,2139,2299
16.4750,3874,3176,1956,3195,2140,2299
16.4957,3875,3170,1957,3196,2141,2299
16.5163,3876,3164,1958,3196,2143,2299
16.5364,3877,3157,1958,3196,2145,2299
16.5564,3878,3150,1958,3197,2147,2299
16.5766,3879,3143,1959,3197,2148,2299
16.5970,3881,3135,1960,3197,2150,2299
16.6171,3882,3128,1960,3197,2151,2299
16.6374,3883,3120,1960,3197,2154,2299
16.6575,3883,3113,1960,3197,2155,2299
16.6777,3884,3106,1960,3197,2156,2299
16.6982,3885,3098,1960,3198,2158,2298
16.7183,3885,3090,1960,3198,2159,2298
16.7388,3885,3083,1961,3199,2161,2298
16.7593,3885,3075,1961,3200,2163,2298
16.7799,3885,3067,1961,3202,2164,2298
16.8003,3885,3059,1962,3204,2166,2298
16.8207,3886,3051,1963,3206,2168,2298
16.8411,3886,3043,1964,3208,2171,2298
16.8617,3887,3034,1967,3210,2174,2297
16.8822,3888,3025,1969,3212,2176,2296
16.9024,3889,3016,1973,3214,2178,2296
16.9226,3890,3007,1977,3216,2180,2295
16.9430,3892,2997,1982,3216,2182,2294
16.9634,3894,2987,1988,3216,2184,2293
16.9837,3897,2978,1993,3216,2186,2293
17.0038,3900,2968,1999,3217,2187,2292
17.0239,3903,2960,2006,3217,2188,2292
17.0443,3906,2952,2012,3217,2189,2290
17.0647,3911,2944,2018,3217,2191,2288
17.0859,3915,2936,2023,3217,2196,2287
17.1065,3919,2930,2027,3219,2199,2285
17.1274,3924,2924,2032,3221,2199,2285
17.1480,3928,2918,2038,3221,2199,2283
17.1688,3934,2911,2042,3221,2201,2283
17.1897,3939,2906,2046,3221,2205,2283
17.2099,3943,2903,2049,3221,2211,2282
17.2302,3948,2898,2053,3221,2215,2282
17.2509,3952,2895,2057,3222,2215,2283
17.2713,3955,2892,2061,3223,2215,2283
17.2916,3959,2890,2065,3223,2217,2283
17.3119,3962,2888,2069,3223,2221,2283
17.3328,3966,2887,2071,3223,2224,2283
17.3537,3970,2886,2074,3226,2225,2283
17.3741,3973,2886,2076,3227,2225,2283
17.3949,3977,2886,2079,3227,2226,2283
17.4150,3979,2886,2081,3227,2228,2283
17.4356,3982,2886,2082,3227,2233,2283
17.4565,3985,2886,2083,3227,2235,2284
17.4770,3988,2886,2084,3227,2235,2288
17.4973,3990,2887,2085,3227,2235,2289
17.5174,3991,2888,2086,3227,2234,2291
17.5378,3993,2889,2086,3227,2235,2292
17.5584,3995,2889,2086,3227,2236,2292
17.5785,3997,2890,2086,3227,2237,2293
17.5991,4000,2891,2086,3227,2237,2294
17.6195,4002,2893,2086,3227,2237,2295
17.6398,4004,2894,2086,3227,2238,2296
17.6600,4007,2895,2086,3227,2239,2296
17.6804,4009,2896,2086,3227,2240,2297
17.7007,4012,2897,2086,3227,2240,2298
17.7211,4015,2897,2086,3228,2240,2300
17.7416,4018,2898,2086,3228,2242,2302
17.7619,4020,2899,2086,3228,2243,2304
17.7823,4023,2899,2086,3228,2244,2305
17.8039,4026,2900,2087,3228,2245,2308
17.8243,4028,2901,2087,3228,2245,2312
17.8450,4030,2902,2087,3228,2246,2316
17.8657,4033,2903,2087,3228,2246,2318
17.8859,4035,2904,2087,3228,2246,2321
17.9059,4038,2906,2087,3228,2246,2324
17.9265,4040,2908,2086,3227,2248,2327
17.9470,4043,2910,2086,3226,2249,2329
17.9674,4045,2912,2086,3224,2249,2333
17.9879,4048,2915,2085,3223,2249,2336
18.0083,4050,2918,2082,3223,2250,2339
18.0288,4052,2923,2079,3223,2252,2342
18.0493,4054,2926,2076,3223,2253,2346
18.0694,4057,2930,2073,3223,2255,2349
18.0898,4059,2935,2069,3223,2256,2350
18.1102,4060,2939,2065,3223,2256,2352
18.1303,4062,2945,2062,3223,2256,2353
18.1509,4063,2949,2058,3223,2256,2363
18.1711,4065,2953,2054,3224,2255,2373
18.1915,4066,2958,2049,3226,2254,2378
18.2117,4068,2961,2046,3227,2253,2380
18.2318,4069,2966,2043,3228,2253,2383
18.2520,4070,2969,2040,3228,2253,2390
18.2721,4071,2974,2036,3228,2252,2394
18.2923,4072,2978,2032,3228,2252,2395
18.3124,4074,2983,2028,3228,2252,2395
18.3326,4075,2988,2024,3229,2252,2396
18.3531,4076,2993,2019,3230,2252,2400
18.3732,4077,2998,2015,3231,2251,2403
18.3937,4078,3003,2011,3231,2250,2405
18.4141,4079,3008,2008,3232,2249,2407
18.4348,4081,3012,2004,3232,2249,2408
18.4550,4082,3016,2001,3233,2249,2408
18.4759,4083,3019,1999,3235,2250,2411
18.4967,4085,3022,1997,3236,2250,2412
18.5171,4087,3023,1997,3236,2250,2412
18.5373,4089,3024,1997,3236,2249,2412
18.5582,4092,3024,1997,3236,2249,2412
18.5789,4094,3025,1997,3237,2249,2412
18.5991,0,3026,1997,3238,2249,2412
18.6194,1,3027,1997,3241,2249,2411
18.6397,2,3028,1997,3243,2249,2410
18.6601,3,3029,1997,3246,2249,2409
18.6801,4,3029,1997,3249,2249,2409
18.7005,5,3030,1997,3251,2249,2408
18.7206,5,3031,1997,3253,2249,2408
18.7410,5,3033,1997,3254,2248,2407
18.7616,6,3034,1998,3255,2248,2405
18.7819,6,3036,1999,3255,2248,2404
18.8022,7,3038,1999,3255,2248,2403
18.8225,8,3040,2000,3255,2248,2400
18.8432,8,3043,2000,3255,2248,2399
18.8635,9,3045,2000,3255,2248,2398
18.8841,10,3047,2000,3255,2248,2396
18.9045,11,3050,2000,3255,2248,2396
18.9248,13,3051,2000,3255,2248,2395
18.9450,14,3052,2000,3255,2249,2394
18.9658,15,3054,2000,3255,2249,2394
18.9863,15,3054,2001,3255,2249,2393
19.0066,16,3055,2001,3255,2249,2393
19.0266,17,3057,2001,3254,2248,2392
19.0469,18,3057,2001,3254,2248,2390
19.0674,18,3058,2001,3253,2248,2389
19.0879,19,3059,2001,3252,2248,2389
19.1088,19,3060,2001,3251,2247,2389
19.1291,20,3061,2001,3251,2247,2389
19.1493,20,3062,2001,3251,2246,2388
19.1696,21,3063,2001,3250,2246,2388
19.1899,21,3064,2001,3249,2245,2387
19.2100,22,3065,2001,3249,2245,2386
19.2303,22,3066,2001,3248,2244,2386
19.2508,23,3068,2001,3248,2244,2386
19.2712,24,3069,2001,3248,2244,2385
19.2917,24,3070,2001,3248,2244,2385
19.3119,25,3071,2001,3248,2244,2385
19.3323,25,3071,2001,3248,2244,2384
19.3530,26,3072,2001,3248,2244,2383
19.3735,26,3072,2001,3248,2244,2381
19.3941,26,3072,2002,3248,2244,2381
19.4148,26,3073,2002,3248,2244,2381
19.4352,26,3073,2002,3248,2244,2381
19.4557,26,3073,2003,3248,2244,2380
19.4760,26,3074,2003,3248,2243,2379
19.4965,26,3075,2004,3248,2243,2378
19.5167,26,3076,2004,3248,2242,2378
19.5373,26,3077,2005,3248,2241,2378
19.5574,26,3077,2006,3248,2241,2378
19.5779,26,3078,2006,3248,2241,2378
19.5988,26,3078,2007,3248,2240,2377
19.6193,26,3079,2009,3248,2240,2376
19.6394,26,3079,2010,3248,2239,2376
19.6596,26,3080,2011,3248,2239,2375
19.6804,26,3080,2013,3248,2239,2375
19.7009,26,3080,2015,3248,2238,2374
19.7211,26,3080,2017,3248,2238,2374
19.7418,26,3080,2018,3248,2238,2373
19.7625,26,3080,2019,3248,2238,2373
19.7828,26,3080,2021,3248,2238,2373
19.8034,26,3080,2023,3247,2237,2371
19.8242,27,3080,2024,3247,2237,2370
19.8444,27,3080,2026,3247,2237,2369
19.8645,27,3080,2027,3247,2237,2369
19.8850,28,3080,2029,3247,2236,2367
19.9054,28,3080,2030,3247,2236,2366
19.9260,28,3080,2032,3247,2236,2365
19.9465,29,3080,2034,3247,2236,2364
19.9670,29,3080,2036,3247,2236,2363
19.9871,29,3080,2038,3247,2236,2363
20.0077,29,3080,2040,3247,2236,2362
20.0283,29,3080,2041,3247,2235,2362
20.0491,30,3081,2043,3247,2235,2361
20.0696,30,3081,2044,3247,2234,2361
20.0900,30,3082,2045,3246,2234,2360
20.1108,30,3082,2046,3246,2234,2360
20.1310,30,3083,2046,3246,2234,2360
20.1513,30,3084,2047,3246,2234,2359
20.1716,30,3084,2048,3246,2234,2359
20.1917,30,3085,2049,3245,2234,2359
20.2121,30,3085,2050,3245,2234,2359
20.2336,30,3086,2051,3245,2233,2359
20.2540,30,3086,2052,3244,2233,2359
20.2744,30,3087,2052,3244,2233,2359
20.2946,30,3088,2052,3243,2233,2359
20.3146,30,3089,2052,3243,2232,2359
20.3349,30,3090,2052,3243,2231,2359
20.3552,30,3091,2052,3243,2231,2359
20.3759,29,3092,2052,3243,2231,2359
20.3966,29,3093,2052,3243,2230,2360
20.4171,28,3094,2052,3243,2229,2360
20.4371,28,3095,2052,3243,2228,2360
20.4577,27,3097,2052,3243,2228,2360
20.4782,26,3098,2052,3243,2227,2360
20.4985,25,3100,2052,3243,2227,2360
20.5187,25,3101,2052,3243,2226,2360
20.5393,25,3102,2052,3243,2226,2360
20.5596,24,3103,2052,3243,2226,2360
20.5798,24,3103,2052,3243,2226,2360
20.6000,24,3103,2052,3243,2226,2360
20.6204,24,3103,2052,3243,2226,2360
20.6408,24,3103,2051,3243,2226,2361
20.6611,23,3101,2050,3243,2226,2361
20.6813,23,3100,2049,3243,2226,2362
20.7017,23,3096,2049,3243,2226,2362
20.7219,23,3093,2047,3243,2227,2362
20.7420,23,3088,2046,3243,2228,2362
20.7625,23,3083,2046,3243,2229,2361
20.7828,22,3077,2045,3243,2230,2361
20.8028,21,3070,2044,3243,2231,2361
20.8230,21,3062,2043,3243,2232,2361
20.8431,20,3053,2042,3242,2232,2361
20.8635,18,3045,2040,3242,2233,2361
20.8842,17,3036,2037,3242,2236,2362
20.9047,16,3028,2035,3242,2238,2362
20.9250,15,3019,2032,3242,2240,2362
20.9456,14,3012,2029,3242,2241,2362
20.9662,13,3005,2028,3242,2242,2361
20.9867,10,2998,2027,3242,2242,2361
21.0070,9,2992,2026,3242,2243,2361
21.0271,9,2986,2024,3242,2244,2361
21.0473,9,2981,2024,3242,2245,2361
21.0679,9,2976,2023,3242,2245,2361
21.0882,9,2972,2023,3242,2245,2361
21.1083,9,2969,2023,3242,2246,2361
21.1287,10,2965,2023,3242,2246,2360
21.1490,11,2962,2025,3242,2246,2359
21.1692,12,2959,2027,3242,2246,2359
21.1895,12,2957,2030,3242,2246,2359
21.2100,13,2954,2033,3242,2246,2359
21.2301,14,2952,2035,3242,2246,2359
21.2505,15,2950,2038,3242,2246,2359
21.2707,15,2948,2041,3242,2246,2359
21.2912,16,2946,2043,3242,2246,2359
21.3117,17,2945,2046,3242,2246,2358
21.3321,18,2943,2049,3242,2246,2357
21.3522,19,2941,2051,3242,2246,2356
21.3729,21,2940,2054,3242,2247,2355
21.3930,22,2939,2056,3242,2247,2354
21.4130,22,2938,2058,3242,2247,2353
21.4333,22,2938,2059,3242,2247,2353
21.4536,23,2938,2059,3242,2247,2353
21.4741,23,2938,2060,3242,2247,2353
21.4944,23,2938,2060,3242,2247,2353
21.5145,23,2938,2060,3242,2246,2353
21.5350,23,2938,2060,3242,2245,2353
21.5554,23,2938,2060,3241,2244,2353
21.5757,23,2938,2060,3241,2244,2353
21.5962,23,2939,2060,3240,2244,2353
21.6165,23,2939,2060,3239,2244,2353
21.6370,23,2940,2060,3239,2244,2353
21.6575,23,2941,2060,3239,2244,2353
21.6778,23,2941,2060,3239,2243,2353
21.6979,23,2942,2060,3239,2243,2353
21.7183,23,2942,2060,3238,2243,2353
21.7385,23,2943,2061,3238,2243,2353
21.7587,23,2943,2061,3238,2243,2354
21.7789,23,2944,2062,3238,2243,2354
21.7993,23,2945,2062,3238,2243,2354
21.8198,23,2947,2063,3238,2243,2354
21.8401,23,2948,2063,3238,2243,2354
21.8604,23,2950,2063,3238,2244,2354
21.8807,23,2952,2063,3239,2244,2354
21.9008,23,2955,2063,3239,2244,2353
21.9210,24,2958,2062,3239,2243,2353
21.9419,24,2960,2062,3239,2243,2353
21.9621,25,2963,2061,3239,2243,2353
21.9825,26,2966,2060,3239,2243,2352
22.0027,27,2968,2060,3239,2243,2352
22.0229,27,2970,2060,3239,2244,2352
22.0434,28,2972,2060,3240,2244,2352
22.0639,29,2973,2060,3242,2245,2352
22.0840,29,2975,2060,3243,2245,2352
22.1041,30,2976,2061,3244,2245,2352
22.1243,31,2978,2062,3245,2244,2351
22.1451,31,2980,2062,3246,2243,2351
22.1651,32,2983,2063,3246,2242,2351
22.1852,32,2985,2063,3246,2241,2351
22.2056,33,2988,2064,3246,2241,2351
22.2261,34,2990,2064,3246,2241,2350
22.2463,34,2993,2064,3246,2240,2350
22.2666,35,2995,2064,3246,2240,2350
22.2866,35,2997,2064,3246,2240,2350
22.3072,35,2999,2064,3246,2240,2350
22.3272,35,3001,2064,3246,2239,2350
22.3473,36,3003,2065,3246,2238,2350
22.3678,36,3006,2066,3246,2237,2350
22.3884,36,3008,2066,3246,2237,2350
22.4089,36,3010,2066,3246,2237,2350
22.4294,36,3013,2066,3246,2236,2352
22.4498,36,3016,2065,3246,2236,2353
22.4699,36,3019,2064,3246,2236,2355
22.4903,36,3022,2063,3246,2235,2355
22.5103,36,3024,2062,3246,2234,2355
22.5308,36,3027,2060,3246,2233,2355
22.5512,36,3030,2059,3246,2233,2355
22.5718,36,3033,2057,3246,2233,2355
22.5923,35,3036,2055,3246,2232,2356
22.6125,35,3038,2054,3246,2231,2356
22.6331,34,3041,2053,3246,2231,2356
22.6534,34,3043,2052,3246,2231,2356
22.6739,34,3044,2052,3246,2231,2356
22.6941,34,3045,2051,3246,2231,2356
22.7144,34,3047,2051,3246,2231,2356
22.7348,34,3048,2051,3246,2231,2356
22.7551,34,3049,2051,3246,2231,2355
22.7755,34,3049,2051,3247,2231,2355
22.7960,34,3050,2051,3247,2231,2355
22.8167,34,3051,2051,3247,2231,2354
22.8368,34,3051,2051,3248,2231,2354
22.8573,34,3052,2052,3248,2231,2354
22.8778,34,3053,2052,3248,2231,2354
22.8982,34,3054,2052,3248,2231,2353
22.9186,34,3055,2053,3248,2231,2353
22.9388,34,3056,2053,3248,2231,2353
22.9596,34,3057,2054,3248,2231,2353
22.9797,34,3058,2054,3248,2231,2352
23.0002,33,3059,2054,3248,2231,2352
23.0211,33,3061,2054,3248,2231,2352
23.0415,33,3062,2054,3248,2230,2352
23.0622,33,3063,2055,3248,2230,2352
23.0824,32,3065,2055,3248,2229,2352
23.1028,32,3066,2055,3248,2229,2351
23.1236,32,3067,2055,3248,2229,2351
23.1440,31,3068,2056,3248,2229,2351
23.1641,31,3069,2056,3248,2228,2350
23.1848,31,3070,2056,3248,2227,2350
23.2051,30,3071,2056,3248,2227,2350
23.2256,29,3072,2056,3248,2227,2350
23.2460,29,3072,2057,3248,2227,2350
23.2665,28,3074,2057,3248,2226,2350
23.2867,27,3075,2058,3248,2225,2349
23.3070,26,3076,2059,3248,2224,2349
23.3273,26,3078,2061,3248,2224,2348
23.3482,25,3079,2061,3247,2223,2348
23.3682,25,3081,2062,3247,2223,2348
23.3883,25,3082,2062,3247,2223,2347
23.4088,24,3084,2062,3247,2223,2347
23.4294,24,3085,2063,3247,2223,2347
23.4502,24,3086,2063,3247,2223,2347
23.4718,24,3086,2063,3247,2223,2347
23.4923,24,3086,2063,3247,2223,2347
23.5127,23,3085,2063,3247,2223,2347
23.5333,23,3082,2063,3247,2223,2347
23.5537,23,3080,2063,3247,2223,2347
23.5744,23,3075,2063,3247,2223,2347
23.5948,23,3070,2062,3247,2223,2347
23.6159,23,3065,2062,3247,2224,2347
23.6363,22,3058,2061,3247,2224,2347
23.6567,22,3051,2061,3247,2224,2347
23.6769,22,3044,2060,3247,2224,2347
23.6969,22,3037,2059,3247,2224,2347
23.7176,21,3029,2058,3247,2226,2347
23.7378,21,3022,2057,3247,2226,2347
23.7582,21,3015,2056,3247,2227,2347
23.7787,20,3008,2054,3247,2228,2347
23.7991,20,3002,2053,3247,2228,2347
23.8194,19,2995,2052,3247,2229,2347
23.8397,19,2990,2051,3247,2230,2347
23.8602,18,2986,2049,3247,2231,2347
23.8807,18,2982,2047,3247,2232,2346
23.9017,17,2980,2045,3247,2232,2346
23.9222,17,2977,2043,3247,2233,2346
23.9430,16,2975,2040,3247,2234,2345
23.9635,16,2973,2039,3246,2235,2344
23.9843,15,2972,2037,3246,2236,2344
24.0048,14,2971,2037,3246,2236,2344
24.0252,14,2969,2037,3246,2236,2343
24.0457,13,2968,2037,3246,2236,2343
24.0658,12,2968,2036,3246,2236,2342
24.0862,11,2968,2035,3246,2235,2342
24.1064,10,2967,2034,3246,2235,2342
24.1266,9,2967,2034,3246,2235,2342
24.1474,8,2966,2034,3245,2234,2342
24.1674,7,2965,2034,3245,2234,2342
24.1876,6,2963,2033,3244,2234,2341
24.2083,5,2962,2033,3244,2234,2340
24.2291,3,2960,2033,3243,2234,2340
24.2492,3,2957,2033,3242,2234,2340
24.2696,3,2954,2033,3240,2234,2340
24.2896,3,2951,2033,3237,2234,2340
24.3098,3,2947,2034,3235,2234,2339
24.3303,3,2944,2035,3235,2234,2339
24.3507,2,2941,2035,3233,2235,2339
24.3709,2,2939,2036,3231,2235,2339
24.3912,2,2936,2037,3229,2235,2338
24.4120,2,2934,2039,3225,2234,2338
24.4328,1,2932,2042,3221,2234,2338
24.4531,1,2931,2044,3217,2234,2338
24.4737,1,2929,2046,3214,2234,2337
24.4942,1,2929,2048,3211,2234,2337
24.5143,1,2928,2050,3208,2234,2336
24.5346,1,2927,2053,3202,2234,2336
24.5550,1,2927,2055,3197,2235,2335
24.5761,1,2927,2057,3193,2237,2335
24.5963,1,2927,2059,3188,2239,2335
24.6167,1,2927,2060,3184,2241,2335
24.6373,1,2927,2061,3181,2242,2335
24.6578,1,2927,2062,3178,2242,2335
24.6781,1,2928,2063,3173,2243,2335
24.6986,0,2929,2063,3167,2245,2335
24.7187,0,2930,2064,3160,2247,2335
24.7392,0,2932,2065,3154,2247,2335
24.7596,0,2934,2065,3149,2247,2336
24.7797,0,2936,2064,3145,2245,2337
24.8002,0,2939,2062,3142,2244,2338
24.8208,4095,2942,2059,3138,2243,2339
24.8411,4095,2945,2057,3134,2243,2339
24.8612,4095,2948,2054,3129,2245,2339
24.8823,4095,2951,2051,3125,2246,2339
24.9024,4095,2954,2048,3122,2247,2339
24.9235,4095,2957,2044,3119,2248,2339
24.9439,0,2961,2041,3114,2249,2339
24.9639,0,2965,2038,3110,2249,2339
24.9847,0,2969,2034,3107,2249,2339
25.0053,1,2973,2030,3104,2249,2339
25.0259,3,2978,2026,3101,2249,2339
25.0467,4,2982,2022,3097,2248,2339
25.0671,6,2987,2019,3094,2247,2339
25.0875,9,2991,2016,3090,2246,2339
25.1076,11,2996,2014,3087,2243,2338
25.1278,13,3000,2012,3083,2240,2337
25.1481,15,3004,2010,3080,2239,2334
25.1686,16,3008,2009,3077,2237,2333
25.1890,18,3012,2007,3075,2236,2333
25.2095,20,3015,2006,3075,2236,2333
25.2306,22,3019,2005,3073,2235,2333
25.2510,23,3023,2004,3072,2234,2333
25.2714,25,3027,2001,3072,2233,2334
25.2917,26,3031,1999,3072,2233,2334
25.3122,28,3035,1997,3072,2233,2335
25.3326,30,3038,1994,3075,2232,2336
25.3527,31,3042,1991,3080,2232,2337
25.3730,33,3046,1987,3085,2232,2338
25.3936,34,3049,1983,3090,2232,2341
25.4136,36,3052,1980,3094,2232,2343
25.4342,37,3054,1977,3100,2232,2345
25.4545,39,3057,1975,3104,2232,2347
25.4747,41,3059,1973,3108,2232,2351
25.4949,42,3061,1972,3112,2232,2354
25.5153,44,3062,1972,3115,2232,2355
25.5358,45,3064,1972,3119,2231,2355
25.5568,46,3066,1972,3122,2231,2357
25.5776,47,3068,1971,3125,2231,2359
25.5981,49,3070,1971,3128,2231,2362
25.6185,50,3072,1971,3131,2231,2364
25.6387,51,3073,1971,3134,2231,2366
25.6589,52,3075,1971,3136,2231,2371
25.6791,53,3077,1971,3139,2230,2374
25.6996,54,3080,1971,3143,2228,2376
25.7202,55,3082,1971,3145,2227,2382
25.7413,55,3084,1971,3147,2226,2388
25.7617,56,3086,1971,3150,2225,2391
25.7823,57,3088,1971,3152,2225,2392
25.8026,57,3090,1969,3156,2226,2394
25.8231,57,3092,1967,3159,2227,2398
25.8434,57,3093,1965,3162,2228,2402
25.8635,57,3093,1965,3165,2228,2406
25.8838,57,3093,1965,3168,2227,2408
25.9042,57,3093,1965,3171,2226,2408
25.9248,56,3093,1965,3173,2226,2409
25.9451,55,3093,1965,3174,2226,2409
25.9655,55,3093,1965,3175,2226,2409
25.9860,54,3093,1966,3175,2225,2409
26.0063,52,3093,1966,3176,2224,2408
26.0265,52,3093,1967,3176,2223,2406
26.0470,51,3093,1967,3176,2223,2405
26.0674,49,3093,1967,3176,2223,2405
26.0879,48,3093,1967,3176,2222,2404
26.1082,47,3093,1967,3176,2221,2403
26.1286,46,3093,1967,3176,2220,2402
26.1490,45,3093,1967,3176,2220,2401
26.1696,44,3093,1967,3176,2219,2400
26.1898,43,3093,1967,3176,2218,2398
26.2101,42,3093,1967,3176,2216,2397
26.2305,41,3093,1967,3176,2215,2397
26.2506,40,3093,1967,3176,2214,2396
26.2709,39,3093,1967,3176,2214,2395
26.2909,38,3093,1967,3176,2213,2395
26.3109,37,3093,1967,3176,2212,2395
26.3310,36,3093,1968,3176,2211,2394
26.3512,35,3094,1968,3176,2209,2394
26.3715,34,3094,1969,3176,2208,2394
26.3922,33,3094,1969,3176,2207,2393
26.4132,31,3094,1969,3176,2206,2392
26.4337,31,3095,1969,3176,2205,2391
26.4546,29,3095,1969,3176,2204,2390
26.4752,28,3096,1969,3175,2203,2389
26.4954,26,3097,1970,3175,2200,2389
26.5158,25,3097,1971,3175,2197,2389
26.5358,23,3098,1972,3174,2196,2389
26.5562,22,3098,1972,3173,2196,2389
26.5766,21,3099,1972,3173,2195,2389
26.5970,20,3099,1972,3173,2195,2387
26.6175,19,3099,1973,3173,2194,2385
26.6380,18,3099,1973,3173,2193,2385
26.6581,18,3099,1975,3173,2192,2385
26.6783,18,3099,1976,3173,2192,2385
26.6988,18,3099,1976,3173,2192,2385
26.7191,18,3099,1977,3173,2192,2385
26.7394,18,3099,1978,3173,2192,2384
26.7607,18,3099,1979,3173,2192,2384
26.7811,19,3098,1981,3173,2191,2384
26.8011,19,3097,1983,3173,2191,2383
26.8219,19,3096,1985,3173,2191,2382
26.8426,19,3095,1988,3173,2191,2382
26.8628,19,3095,1990,3173,2191,2381
26.8832,19,3094,1992,3173,2190,2380
26.9036,19,3094,1994,3173,2189,2380
26.9241,19,3094,1996,3173,2189,2380
26.9445,19,3094,1997,3173,2188,2380
26.9646,19,3094,1998,3173,2188,2380
26.9846,19,3095,1999,3173,2188,2380
27.0055,19,3095,2001,3173,2187,2379
27.0260,19,3096,2002,3173,2187,2379
27.0462,19,3097,2003,3173,2187,2379
27.0666,20,3097,2003,3173,2187,2378
27.0870,20,3098,2003,3173,2187,2378
27.1075,21,3098,2004,3173,2187,2378
27.1280,22,3098,2005,3174,2187,2378
27.1483,22,3098,2005,3174,2187,2377
27.1687,23,3098,2005,3174,2187,2377
27.1890,23,3098,2005,3174,2187,2377
27.2090,24,3098,2005,3174,2187,2376
27.2291,25,3098,2005,3174,2187,2376
27.2491,25,3098,2005,3174,2187,2376
27.2692,26,3099,2006,3174,2187,2376
27.2896,26,3099,2006,3174,2187,2375
27.3100,27,3099,2006,3174,2187,2375
27.3301,27,3100,2006,3174,2187,2375
27.3503,28,3101,2006,3174,2187,2375
27.3707,28,3102,2006,3174,2187,2374
27.3910,28,3104,2006,3174,2186,2375
27.4115,29,3105,2006,3174,2185,2376
27.4319,29,3106,2006,3174,2185,2376
27.4519,29,3107,2006,3175,2184,2378
27.4723,30,3108,2006,3175,2184,2379
27.4927,30,3109,2006,3176,2184,2379
27.5132,31,3109,2006,3177,2184,2379
27.5334,31,3109,2006,3179,2184,2379
27.5537,32,3109,2006,3180,2184,2380
27.5739,33,3109,2006,3182,2185,2381
27.5944,33,3109,2006,3183,2186,2382
27.6148,34,3109,2006,3183,2186,2382
27.6351,35,3109,2006,3184,2187,2381
27.6562,36,3109,2006,3185,2187,2381
27.6767,36,3109,2006,3185,2187,2382
27.6971,36,3109,2006,3185,2187,2382
27.7175,37,3109,2007,3185,2187,2383
27.7379,37,3109,2007,3185,2188,2383
27.7583,37,3110,2007,3185,2188,2383
27.7787,37,3111,2007,3185,2188,2383
27.7990,37,3111,2007,3185,2188,2383
27.8195,38,3112,2007,3186,2188,2383
27.8398,38,3112,2007,3186,2188,2383
27.8599,38,3113,2007,3187,2188,2383
27.8802,38,3114,2007,3188,2188,2383
27.9005,38,3114,2008,3190,2188,2383
27.9211,38,3115,2008,3191,2188,2383
27.9416,38,3116,2008,3192,2188,2383
27.9617,38,3116,2008,3193,2187,2383
27.9822,38,3117,2009,3194,2186,2382
28.0027,38,3118,2010,3194,2185,2381
28.0233,38,3119,2012,3194,2184,2381
28.0436,38,3119,2013,3194,2184,2380
28.0643,38,3120,2014,3194,2184,2380
28.0843,38,3121,2015,3194,2183,2380
28.1047,38,3122,2016,3195,2183,2380
28.1254,38,3122,2017,3195,2183,2379
28.1458,38,3123,2018,3195,2183,2378
28.1662,38,3124,2019,3195,2183,2377
28.1866,38,3124,2020,3195,2182,2376
28.2068,39,3125,2021,3195,2181,2376
28.2271,39,3125,2022,3195,2181,2376
28.2476,39,3126,2023,3195,2181,2376
28.2683,39,3127,2023,3196,2181,2375
28.2885,39,3127,2023,3197,2181,2374
28.3091,39,3128,2024,3197,2181,2373
28.3292,39,3129,2025,3197,2181,2373
28.3495,39,3129,2025,3197,2181,2373
28.3696,39,3130,2025,3197,2181,2373
28.3902,39,3130,2025,3197,2181,2373
28.4105,39,3130,2025,3198,2181,2373
28.4309,39,3129,2025,3198,2181,2373
28.4514,39,3128,2025,3198,2181,2373
28.4716,39,3125,2025,3198,2182,2373
28.4923,39,3122,2025,3198,2183,2373
28.5123,38,3119,2024,3198,2185,2372
28.5328,38,3115,2022,3198,2187,2371
28.5533,37,3111,2020,3198,2189,2371
28.5734,37,3106,2018,3198,2192,2370
28.5935,37,3101,2016,3197,2195,2369
28.6136,36,3095,2015,3194,2197,2369
28.6337,36,3088,2014,3192,2200,2368
28.6543,35,3082,2013,3190,2204,2366
28.6748,34,3074,2012,3188,2208,2364
28.6954,34,3066,2012,3186,2211,2363
28.7157,33,3057,2012,3185,2213,2363
28.7361,33,3048,2013,3182,2215,2363
28.7563,32,3039,2015,3178,2217,2362
28.7768,31,3030,2017,3175,2219,2359
28.7971,31,3022,2020,3173,2221,2357
28.8177,30,3012,2023,3171,2223,2357
28.8378,29,3003,2026,3168,2224,2356
28.8581,28,2994,2031,3165,2224,2355
28.8784,27,2984,2037,3162,2224,2355
28.8988,27,2975,2042,3161,2225,2355
28.9193,26,2967,2045,3160,2225,2354
28.9397,25,2959,2051,3159,2226,2352
28.9600,25,2950,2057,3158,2226,2352
28.9800,25,2942,2064,3157,2226,2350
29.0003,25,2933,2073,3157,2223,2350
29.0205,24,2925,2081,3157,2220,2350
29.0407,24,2917,2090,3157,2218,2350
29.0609,24,2909,2100,3157,2216,2350
29.0812,24,2900,2111,3157,2213,2352
29.1017,24,2892,2121,3157,2210,2355
29.1221,23,2884,2132,3157,2205,2358
29.1423,23,2877,2141,3158,2200,2359
29.1624,22,2871,2151,3158,2197,2361
29.1828,21,2865,2159,3160,2195,2363
29.2031,20,2860,2164,3164,2194,2364
29.2237,19,2854,2169,3169,2193,2366
29.2451,18,2849,2174,3176,2190,2367
29.2656,17,2843,2179,3181,2187,2368
29.2861,16,2838,2184,3184,2185,2371
29.3069,14,2832,2190,3185,2183,2372
29.3273,12,2827,2196,3185,2182,2372
29.3480,9,2822,2201,3187,2176,2374
29.3681,7,2817,2205,3191,2170,2375
29.3884,4,2811,2211,3193,2166,2376
29.4089,2,2806,2217,3193,2163,2376
29.4294,0,2802,2223,3193,2160,2377
29.4499,4093,2797,2229,3193,2155,2378
29.4703,4090,2793,2235,3193,2149,2378
29.4904,4087,2789,2241,3193,2144,2378
29.5108,4084,2785,2246,3193,2139,2378
29.5309,4081,2783,2251,3193,2134,2378
29.5516,4078,2780,2255,3193,2129,2378
29.5719,4075,2778,2259,3192,2125,2378
29.5924,4072,2776,2264,3191,2120,2378
29.6125,4069,2774,2268,3188,2116,2378
29.6326,4066,2772,2273,3184,2112,2378
29.6531,4062,2769,2277,3182,2109,2378
29.6737,4059,2767,2281,3181,2106,2378
29.6941,4056,2765,2286,3181,2101,2378
29.7145,4052,2763,2291,3180,2096,2378
29.7350,4049,2761,2295,3178,2091,2377
29.7555,4045,2760,2299,3177,2086,2375
29.7759,4042,2759,2304,3175,2082,2373
29.7961,4038,2757,2309,3172,2079,2373
29.8165,4035,2755,2313,3171,2075,2373
29.8367,4031,2754,2317,3171,2070,2372
29.8573,4028,2753,2320,3170,2067,2371
29.8773,4025,2751,2323,3168,2064,2369
29.8979,4022,2749,2326,3167,2062,2368
29.9187,4019,2748,2329,3165,2057,2368
29.9391,4016,2746,2332,3164,2054,2368
29.9593,4013,2744,2336,3161,2051,2368
29.9804,4011,2741,2340,3157,2049,2369
30.0005,4008,2739,2344,3154,2047,2369
30.0210,4006,2737,2347,3150,2044,2370
30.0414,4004,2734,2350,3147,2043,2371
30.0618,4002,2732,2353,3144,2043,2371
30.0823,4000,2730,2357,3141,2043,2371
30.1027,3999,2728,2359,3138,2043,2370
30.1228,3999,2727,2362,3137,2043,2370
30.1432,3999,2726,2365,3134,2043,2370
30.1638,3999,2724,2369,3130,2043,2369
30.1841,3999,2723,2374,3122,2043,2369
30.2045,3999,2721,2379,3114,2043,2369
30.2247,3998,2720,2383,3107,2041,2369
30.2452,3998,2717,2388,3101,2041,2368
30.2658,3998,2715,2392,3096,2041,2368
30.2862,3997,2714,2395,3094,2040,2367
30.3066,3996,2713,2397,3092,2039,2366
30.3271,3995,2712,2398,3090,2038,2364
30.3478,3994,2712,2400,3087,2036,2364
30.3685,3993,2712,2401,3085,2035,2364
30.3886,3992,2712,2401,3084,2034,2364
30.4086,3992,2712,2401,3082,2034,2363
30.4288,3991,2713,2401,3080,2034,2361
30.4492,3991,2714,2401,3077,2034,2360
30.4696,3990,2716,2401,3074,2034,2359
30.4901,3990,2718,2401,3070,2034,2359
30.5103,3990,2719,2401,3066,2034,2359
30.5305,3990,2721,2401,3063,2033,2358
30.5508,3989,2723,2401,3060,2032,2358
30.5710,3989,2725,2401,3057,2032,2357
30.5917,3989,2726,2401,3053,2033,2357
30.6121,3988,2728,2401,3052,2032,2357
30.6328,3988,2730,2402,3049,2031,2356
30.6538,3987,2733,2402,3047,2031,2356
30.6743,3987,2735,2402,3045,2030,2356
30.6946,3987,2737,2403,3043,2030,2356
30.7150,3987,2740,2404,3041,2030,2356
30.7352,3987,2742,2404,3040,2029,2356
30.7556,3987,2745,2404,3039,2029,2356
30.7757,3987,2748,2405,3037,2029,2356
30.7958,3987,2750,2406,3036,2029,2356
30.8161,3987,2752,2407,3035,2029,2356
30.8365,3988,2754,2408,3034,2029,2356
30.8567,3988,2756,2409,3032,2029,2355
30.8770,3989,2757,2412,3030,2029,2355
30.8974,3990,2758,2414,3028,2029,2355
30.9175,3991,2759,2416,3028,2029,2355
30.9380,3992,2759,2419,3026,2029,2354
30.9582,3993,2760,2421,3024,2029,2354
30.9787,3994,2760,2424,3022,2029,2354
30.9990,3995,2760,2427,3020,2029,2354
31.0198,3996,2760,2430,3018,2029,2354
31.0403,3997,2761,2432,3017,2029,2353
31.0605,3998,2761,2434,3017,2029,2353
31.0810,3998,2762,2435,3016,2030,2352
31.1015,3999,2763,2437,3015,2030,2351
31.1219,4000,2764,2438,3014,2030,2351
31.1423,4000,2765,2439,3014,2030,2351
31.1628,4001,2766,2440,3013,2031,2350
31.1831,4002,2767,2441,3012,2031,2350
31.2034,4002,2768,2443,3010,2032,2350
31.2245,4003,2769,2444,3008,2031,2350
31.2449,4003,2770,2445,3006,2031,2350
31.2651,4003,2771,2447,3004,2031,2349
31.2853,4004,2771,2448,3001,2031,2349
31.3058,4004,2772,2449,2999,2031,2348
31.3265,4005,2773,2450,2998,2031,2348
31.3468,4005,2774,2451,2995,2031,2347
31.3673,4006,2774,2452,2993,2031,2347
31.3877,4006,2775,2453,2990,2031,2347
31.4078,4006,2776,2454,2989,2030,2347
31.4280,4006,2777,2455,2987,2030,2347
31.4485,4007,2778,2456,2986,2029,2347
31.4689,4007,2779,2457,2985,2029,2347
31.4895,4007,2780,2457,2984,2029,2347
31.5098,4007,2782,2457,2984,2029,2346
31.5302,4007,2783,2457,2984,2029,2346
31.5511,4007,2784,2458,2984,2029,2346
31.5714,4007,2785,2459,2984,2029,2346
31.5922,4007,2787,2459,2984,2029,2346
31.6126,4007,2788,2459,2984,2029,2345
31.6328,4007,2788,2460,2984,2028,2345
31.6531,4007,2789,2461,2984,2028,2345
31.6736,4007,2790,2461,2984,2028,2344
31.6939,4007,2791,2462,2984,2028,2344
31.7139,4007,2792,2462,2984,2028,2344
31.7345,4007,2793,2462,2984,2028,2344
31.7549,4007,2793,2463,2984,2028,2344
31.7752,4007,2793,2464,2984,2028,2344
31.7954,4007,2794,2465,2984,2027,2344
31.8160,4007,2794,2466,2984,2026,2343
31.8367,4007,2794,2467,2984,2026,2343
31.8569,4007,2794,2468,2984,2026,2343
31.8773,4007,2794,2469,2984,2026,2343
31.8977,4007,2794,2470,2984,2026,2343
31.9177,4007,2794,2471,2984,2025,2343
31.9382,4007,2794,2472,2984,2025,2343
31.9586,4007,2794,2472,2984,2025,2343
31.9791,4007,2794,2473,2984,2025,2343
31.9997,4007,2794,2473,2984,2024,2343
32.0199,4007,2794,2474,2984,2024,2343
32.0404,4007,2793,2475,2984,2023,2343
32.0606,4007,2793,2475,2984,2023,2343
32.0808,4007,2792,2476,2984,2023,2343
32.1014,4007,2790,2477,2984,2023,2343
32.1218,4007,2789,2477,2984,2022,2343
32.1422,4007,2788,2478,2984,2022,2342
32.1627,4007,2787,2479,2984,2021,2342
32.1831,4007,2786,2480,2984,2021,2342
32.2034,4007,2784,2481,2985,2021,2342
32.2237,4007,2783,2483,2985,2021,2342
32.2444,4007,2782,2484,2986,2020,2341
32.2646,4007,2781,2485,2987,2020,2341
32.2847,4007,2780,2486,2989,2020,2340
32.3055,4007,2779,2487,2991,2019,2339
32.3256,4007,2779,2488,2992,2019,2339
32.3462,4007,2778,2489,2994,2019,2338
32.3665,4006,2778,2491,2995,2018,2338
32.3867,4006,2778,2492,2996,2018,2338
32.4068,4006,2778,2493,2998,2018,2338
32.4271,4006,2778,2493,3001,2018,2338
32.4471,4006,2778,2494,3004,2018,2337
32.4678,4006,2778,2494,3006,2018,2337
32.4882,4006,2778,2494,3008,2018,2337
32.5088,4006,2777,2494,3009,2019,2338
32.5288,4006,2775,2493,3009,2019,2338
32.5490,4006,2773,2492,3009,2019,2338
32.5694,4007,2769,2489,3009,2020,2338
32.5899,4007,2766,2487,3009,2020,2338
32.6099,4008,2762,2485,3009,2021,2338
32.6304,4008,2758,2482,3009,2021,2338
32.6507,4008,2753,2479,3009,2021,2338
32.6709,4008,2748,2475,3009,2022,2338
32.6913,4008,2743,2471,3009,2023,2338
32.7116,4008,2738,2466,3009,2025,2338
32.7317,4008,2733,2461,3009,2027,2337
32.7519,4007,2727,2456,3009,2029,2337
32.7725,4007,2721,2451,3009,2032,2336
32.7929,4006,2716,2446,3009,2033,2337
32.8130,4006,2711,2441,3009,2034,2337
32.8333,4005,2706,2437,3009,2037,2337
32.8542,4005,2700,2433,3009,2040,2337
32.8748,4005,2695,2429,3009,2043,2336
32.8954,4005,2691,2424,3009,2047,2336
32.9156,4005,2686,2421,3009,2050,2335
32.9358,4006,2682,2418,3009,2053,2334
32.9559,4007,2677,2416,3009,2055,2333
32.9764,4008,2673,2414,3009,2058,2331
32.9969,4008,2669,2413,3009,2061,2330
33.0170,4009,2666,2413,3007,2062,2330
33.0374,4010,2663,2414,3003,2063,2330
33.0576,4011,2660,2415,2998,2066,2328
33.0779,4011,2658,2416,2993,2069,2326
33.0982,4012,2656,2418,2989,2072,2325
33.1186,4014,2655,2419,2987,2076,2325
33.1394,4015,2654,2419,2984,2079,2324
33.1600,4015,2654,2419,2981,2082,2323
33.1801,4016,2653,2419,2977,2084,2323
33.2009,4016,2653,2419,2975,2087,2324
33.2215,4016,2653,2419,2974,2090,2325
33.2419,4016,2653,2419,2972,2091,2325
33.2623,4016,2654,2419,2970,2092,2325
33.2824,4016,2655,2419,2967,2092,2326
33.3025,4016,2656,2419,2965,2094,2327
33.3229,4016,2657,2419,2963,2095,2328
33.3429,4016,2659,2418,2962,2096,2328
33.3631,4016,2661,2417,2960,2097,2329
33.3835,4016,2662,2417,2959,2098,2329
33.4038,4016,2664,2416,2957,2099,2330
33.4246,4015,2666,2415,2955,2100,2330
33.4449,4015,2668,2414,2952,2102,2330
33.4655,4015,2670,2413,2949,2103,2330
33.4857,4014,2672,2411,2949,2104,2330
33.5061,4014,2675,2409,2949,2104,2331
33.5269,4014,2677,2408,2947,2104,2331
33.5471,4014,2679,2407,2945,2104,2331
33.5673,4014,2681,2405,2941,2104,2331
33.5876,4014,2683,2403,2939,2105,2331
33.6080,4014,2687,2402,2937,2105,2332
33.6286,4013,2690,2399,2935,2105,2332
33.6491,4013,2693,2396,2933,2108,2332
33.6692,4012,2697,2393,2933,2112,2332
33.6897,4012,2700,2391,2932,2112,2332
33.7100,4012,2702,2391,2930,2112,2332
33.7305,4012,2705,2391,2927,2113,2331
33.7510,4012,2709,2389,2926,2115,2332
33.7712,4013,2713,2387,2926,2118,2333
33.7918,4015,2718,2385,2926,2121,2334
33.8124,4017,2722,2382,2925,2123,2334
33.8325,4018,2726,2379,2925,2125,2337
33.8527,4020,2732,2375,2924,2125,2339
33.8730,4022,2737,2371,2923,2127,2342
33.8935,4023,2743,2367,2920,2130,2345
33.9140,4024,2749,2361,2918,2132,2350
33.9346,4025,2755,2355,2917,2134,2355
33.9546,4026,2761,2350,2914,2136,2361
33.9750,4026,2767,2345,2911,2138,2366
33.9954,4026,2773,2339,2909,2139,2369
34.0155,4026,2779,2333,2909,2141,2369
34.0357,4026,2784,2329,2907,2144,2371
34.0560,4025,2789,2326,2905,2146,2377
34.0765,4024,2793,2323,2903,2146,2380
34.0969,4022,2797,2322,2900,2145,2383
34.1174,4021,2800,2322,2894,2145,2384
34.1383,4019,2802,2322,2888,2146,2383
34.1586,4016,2804,2322,2884,2147,2383
34.1791,4014,2806,2320,2884,2148,2383
34.1996,4011,2808,2317,2884,2149,2383
34.2201,4008,2811,2313,2884,2150,2383
34.2403,4004,2812,2309,2884,2154,2383
34.2607,4001,2814,2306,2884,2155,2384
34.2812,3997,2815,2305,2885,2155,2384
34.3015,3994,2815,2303,2884,2153,2384
34.3220,3990,2816,2302,2883,2151,2384
34.3423,3986,2817,2300,2883,2150,2385
34.3625,3983,2818,2299,2883,2150,2388
34.3826,3979,2819,2297,2883,2147,2389
34.4027,3977,2821,2296,2883,2141,2389
34.4232,3974,2824,2296,2883,2135,2391
34.4435,3971,2827,2295,2879,2132,2392
34.4637,3969,2830,2295,2876,2130,2392
34.4839,3967,2833,2296,2875,2127,2393
34.5042,3964,2837,2296,2873,2123,2394
34.5245,3962,2840,2298,2868,2118,2394
34.5445,3960,2844,2301,2861,2115,2394
34.5647,3957,2847,2305,2854,2113,2393
34.5854,3955,2851,2306,2852,2112,2393
34.6057,3954,2855,2306,2851,2111,2393
34.6260,3952,2858,2307,2851,2111,2393
34.6462,3950,2862,2307,2851,2111,2392
34.6668,3949,2866,2307,2851,2112,2391
34.6871,3948,2869,2307,2850,2111,2391
34.7074,3947,2871,2308,2849,2107,2390
34.7279,3947,2875,2309,2846,2105,2390
34.7484,3946,2877,2310,2841,2105,2389
34.7686,3946,2880,2309,2839,2104,2389
34.7893,3945,2883,2308,2838,2102,2388
34.8099,3943,2885,2307,2835,2098,2388
34.8303,3942,2888,2306,2832,2095,2387
34.8511,3941,2891,2305,2831,2092,2386
34.8717,3939,2895,2301,2831,2091,2385
34.8922,3937,2899,2298,2830,2090,2385
34.9126,3934,2904,2295,2830,2087,2382
34.9332,3931,2909,2291,2830,2084,2379
34.9538,3928,2915,2285,2830,2081,2376
34.9738,3925,2921,2278,2830,2078,2375
34.9941,3920,2927,2271,2830,2074,2373
35.0146,3916,2933,2265,2830,2071,2370
35.0351,3911,2938,2258,2830,2069,2366
35.0561,3907,2942,2252,2830,2067,2364
35.0764,3902,2946,2246,2830,2066,2364
35.0968,3897,2949,2238,2832,2066,2365
35.1175,3893,2952,2230,2835,2065,2365
35.1382,3889,2955,2222,2838,2067,2366
35.1583,3886,2957,2216,2838,2070,2366
35.1789,3883,2957,2210,2838,2074,2367
35.1993,3880,2958,2205,2838,2075,2367
35.2197,3877,2958,2200,2839,2075,2367
35.2400,3875,2958,2197,2839,2076,2367
35.2603,3872,2958,2193,2839,2079,2366
35.2805,3871,2958,2190,2839,2079,2366
35.3010,3868,2959,2187,2839,2076,2365
35.3211,3866,2961,2185,2839,2073,2364
35.3413,3864,2963,2182,2838,2072,2364
35.3618,3862,2965,2179,2838,2071,2364
35.3823,3860,2968,2176,2837,2068,2364
35.4028,3858,2970,2174,2835,2063,2363
35.4236,3856,2972,2174,2833,2058,2363
35.4439,3855,2974,2172,2832,2056,2363
35.4640,3853,2976,2170,2832,2054,2365
35.4843,3852,2979,2169,2832,2051,2365
35.5045,3852,2981,2169,2832,2047,2366
35.5246,3852,2982,2169,2832,2044,2366
35.5447,3852,2985,2170,2832,2043,2366
35.5653,3852,2987,2171,2832,2042,2365
35.5856,3852,2990,2171,2832,2040,2366
35.6057,3853,2992,2171,2833,2037,2369
35.6260,3854,2995,2171,2833,2034,2372
35.6467,3855,2998,2171,2833,2033,2373
35.6668,3856,3001,2171,2833,2033,2373
35.6868,3857,3004,2171,2834,2032,2372
35.7073,3857,3008,2169,2836,2029,2372
35.7274,3857,3011,2166,2838,2028,2374
35.7477,3858,3015,2164,2839,2027,2376
35.7681,3858,3018,2161,2839,2025,2376
35.7886,3858,3022,2158,2840,2025,2376
35.8087,3858,3026,2154,2840,2025,2376
35.8292,3858,3030,2150,2842,2025,2377
35.8495,3858,3035,2146,2844,2025,2379
35.8697,3857,3039,2142,2845,2024,2382
35.8897,3857,3043,2138,2847,2022,2386
35.9098,3856,3047,2133,2850,2021,2388
35.9301,3855,3052,2126,2852,2022,2393
35.9505,3855,3056,2120,2855,2024,2396
35.9730,3855,3060,2115,2858,2025,2397
35.9933,3855,3064,2111,2859,2026,2398
36.0134,3855,3067,2108,2859,2026,2398
36.0338,3855,3070,2106,2860,2026,2399
36.0540,3855,3072,2102,2862,2027,2402
36.0744,3855,3075,2100,2865,2028,2405
36.0945,3855,3076,2098,2867,2029,2406
36.1151,3856,3077,2098,2868,2030,2410
36.1356,3857,3078,2097,2872,2030,2414
36.1562,3857,3078,2096,2876,2030,2416
36.1766,3859,3079,2096,2877,2032,2419
36.1969,3859,3079,2096,2878,2033,2423
36.2172,3860,3079,2096,2880,2033,2425
36.2373,3861,3079,2095,2882,2033,2427
36.2575,3861,3079,2095,2883,2033,2427
36.2780,3862,3079,2094,2884,2036,2427
36.2985,3862,3080,2093,2885,2038,2428
36.3188,3863,3080,2091,2888,2039,2428
36.3390,3864,3080,2091,2891,2039,2428
36.3598,3864,3081,2091,2892,2039,2428
36.3800,3865,3081,2091,2892,2041,2428
36.4000,3865,3081,2090,2894,2043,2428
36.4203,3866,3081,2089,2896,2046,2427
36.4410,3866,3081,2088,2898,2047,2425
36.4612,3867,3081,2087,2898,2047,2425
36.4814,3867,3081,2087,2898,2047,2425
36.5019,3867,3081,2087,2899,2047,2425
36.5223,3867,3082,2086,2899,2047,2425
36.5429,3867,3083,2085,2899,2047,2424
36.5633,3867,3083,2085,2899,2046,2422
36.5837,3867,3085,2085,2899,2045,2422
36.6041,3867,3086,2082,2899,2045,2422
36.6242,3867,3088,2080,2899,2046,2422
36.6447,3867,3090,2079,2899,2046,2421
36.6649,3867,3092,2077,2899,2045,2420
36.6850,3867,3094,2076,2899,2044,2420
36.7059,3866,3096,2074,2899,2044,2420
36.7264,3866,3098,2072,2899,2043,2419
36.7466,3866,3100,2071,2899,2042,2418
36.7674,3866,3101,2071,2899,2041,2418
36.7877,3865,3103,2070,2899,2040,2418
36.8080,3865,3104,2069,2899,2039,2418
36.8285,3865,3106,2068,2899,2037,2418
36.8487,3865,3107,2067,2899,2036,2417
36.8691,3865,3108,2067,2899,2035,2417
36.8898,3865,3110,2066,2899,2034,2417
36.9102,3864,3111,2066,2899,2033,2417
36.9307,3864,3112,2065,2899,2030,2417
36.9512,3864,3113,2065,2899,2028,2416
36.9716,3863,3114,2065,2899,2028,2416
36.9922,3863,3115,2064,2899,2027,2416
37.0125,3863,3116,2064,2899,2026,2416
37.0330,3863,3117,2063,2899,2024,2416
37.0534,3863,3118,2063,2899,2022,2416
37.0739,3863,3119,2063,2899,2021,2416
37.0942,3862,3121,2063,2899,2019,2416
37.1148,3862,3122,2063,2899,2018,2416
37.1352,3862,3123,2063,2899,2016,2416
37.1556,3862,3124,2063,2899,2015,2416
37.1767,3862,3125,2063,2899,2013,2416
37.1969,3862,3126,2063,2899,2012,2415
37.2176,3862,3126,2064,2899,2010,2415
37.2380,3862,3127,2065,2899,2008,2415
37.2584,3862,3127,2066,2900,2006,2415
37.2794,3862,3128,2068,2900,2004,2414
37.2995,3863,3128,2070,2900,2002,2413
37.3195,3864,3128,2072,2900,2001,2413
37.3398,3864,3128,2075,2900,1998,2413
37.3598,3864,3128,2077,2900,1996,2413
37.3800,3865,3128,2079,2900,1994,2413
37.4005,3866,3128,2082,2900,1992,2412
37.4205,3866,3128,2083,2900,1991,2412
37.4411,3867,3128,2085,2900,1989,2412
37.4616,3867,3128,2087,2900,1985,2412
37.4821,3867,3128,2090,2900,1983,2411
37.5026,3867,3128,2092,2899,1980,2411
37.5232,3867,3128,2093,2899,1979,2410
37.5435,3868,3128,2094,2899,1978,2410
37.5640,3868,3129,2095,2899,1975,2410
37.5840,3868,3129,2097,2899,1972,2410
37.6046,3868,3129,2099,2898,1970,2410
37.6247,3868,3130,2100,2898,1968,2410
37.6448,3868,3130,2100,2898,1966,2410
37.6649,3868,3131,2101,2898,1963,2410
37.6853,3868,3132,2103,2898,1959,2409
37.7059,3868,3132,2104,2898,1957,2409
37.7264,3868,3133,2105,2898,1956,2409
37.7470,3868,3134,2105,2898,1955,2409
37.7673,3868,3135,2105,2898,1954,2409
37.7876,3868,3136,2105,2898,1950,2409
37.8079,3868,3136,2107,2898,1946,2409
37.8280,3868,3137,2108,2898,1943,2409
37.8485,3868,3138,2109,2898,1941,2409
37.8688,3868,3139,2109,2898,1939,2409
37.8890,3868,3140,2110,2898,1938,2409
37.9091,3868,3142,2110,2898,1936,2410
37.9292,3868,3143,2110,2898,1934,2410
37.9492,3868,3144,2110,2898,1933,2410
37.9695,3868,3146,2110,2898,1933,2410
37.9898,3868,3146,2110,2898,1933,2411
38.0103,3867,3147,2109,2898,1932,2412
38.0304,3867,3147,2109,2898,1929,2413
38.0509,3867,3147,2110,2899,1929,2413
38.0713,3867,3147,2110,2900,1929,2413
38.0916,3866,3147,2110,2901,1928,2414
38.1118,3866,3147,2110,2902,1928,2415
38.1326,3866,3147,2112,2903,1926,2415
38.1531,3866,3147,2113,2904,1923,2416
38.1732,3866,3146,2116,2905,1922,2416
38.1939,3866,3146,2118,2905,1921,2416
38.2141,3866,3145,2118,2906,1921,2416
38.2344,3867,3145,2119,2907,1921,2416
38.2546,3867,3145,2120,2908,1921,2416
38.2747,3868,3144,2121,2908,1920,2416
38.2951,3868,3143,2122,2908,1919,2416
38.3155,3868,3141,2122,2908,1921,2416
38.3358,3868,3139,2120,2908,1927,2416
38.3562,3868,3137,2116,2907,1937,2409
38.3766,3868,3134,2110,2906,1948,2407
38.3970,3868,3131,2103,2906,1958,2407
38.4177,3867,3127,2096,2906,1968,2406
38.4380,3867,3123,2091,2906,1979,2405
38.4584,3866,3118,2086,2905,1990,2404
38.4788,3864,3112,2082,2904,1999,2403
38.4992,3862,3107,2079,2904,2006,2404
38.5196,3860,3101,2076,2903,2015,2404
38.5399,3858,3094,2074,2900,2028,2402
38.5603,3858,3087,2072,2899,2039,2398
38.5805,3857,3081,2070,2899,2048,2397
38.6010,3856,3073,2069,2898,2055,2396
38.6215,3856,3066,2069,2896,2064,2395
38.6417,3855,3059,2070,2893,2072,2395
38.6621,3855,3052,2073,2891,2077,2393
38.6822,3855,3045,2076,2889,2083,2391
38.7028,3855,3038,2080,2887,2087,2389
38.7234,3856,3030,2086,2883,2089,2389
38.7436,3857,3023,2093,2880,2090,2389
38.7638,3858,3016,2101,2876,2092,2388
38.7845,3859,3010,2109,2871,2095,2386
38.8049,3861,3003,2115,2869,2097,2386
38.8256,3863,2997,2122,2868,2099,2385
38.8458,3864,2991,2129,2866,2100,2384
38.8659,3866,2985,2135,2862,2102,2383
38.8864,3869,2979,2143,2858,2105,2382
38.9067,3871,2973,2148,2856,2109,2381
38.9272,3873,2967,2155,2854,2111,2381
38.9472,3876,2962,2161,2852,2113,2381
38.9673,3880,2956,2168,2846,2116,2381
38.9874,3883,2950,2177,2839,2119,2381
39.0079,3887,2944,2184,2834,2121,2383
39.0282,3891,2937,2192,2832,2123,2384
39.0487,3895,2931,2201,2832,2123,2389
39.0688,3899,2925,2208,2832,2123,2393
39.0889,3903,2918,2216,2830,2125,2397
39.1094,3908,2911,2222,2829,2132,2400
39.1297,3913,2905,2226,2830,2140,2400
39.1508,3919,2899,2231,2833,2144,2401
39.1710,3924,2893,2236,2837,2146,2406
39.1914,3929,2888,2240,2838,2148,2409
39.2114,3935,2883,2246,2838,2150,2411
39.2319,3939,2878,2250,2839,2155,2415
39.2527,3943,2874,2253,2842,2160,2417
39.2731,3947,2870,2254,2847,2163,2421
39.2936,3951,2867,2255,2853,2166,2423
39.3139,3955,2864,2256,2858,2170,2425
39.3351,3959,2861,2256,2864,2175,2426
39.3560,3962,2859,2256,2870,2181,2427
39.3763,3967,2857,2255,2879,2187,2429
39.3963,3970,2856,2253,2890,2192,2432
39.4171,3973,2854,2249,2902,2197,2435
39.4372,3977,2853,2247,2914,2202,2437
39.4575,3980,2852,2244,2925,2206,2438
39.4779,3983,2852,2240,2940,2210,2440
39.4983,3986,2852,2235,2956,2213,2440
39.5185,3989,2852,2231,2968,2217,2441
39.5386,3993,2852,2229,2976,2220,2442
39.5590,3996,2852,2227,2984,2222,2442
39.5792,3999,2853,2224,2994,2225,2443
39.5999,4003,2855,2221,3002,2226,2444
39.6203,4005,2856,2218,3009,2227,2444
39.6410,4009,2858,2213,3016,2229,2445
39.6611,4012,2860,2207,3024,2232,2444
39.6813,4015,2861,2202,3031,2235,2444
39.7014,4018,2862,2198,3034,2236,2444
39.7219,4021,2863,2195,3034,2236,2442
39.7419,4024,2864,2192,3034,2236,2439
39.7625,4028,2866,2189,3034,2236,2435
39.7831,4031,2867,2186,3034,2236,2429
39.8033,4034,2868,2183,3034,2236,2422
39.8241,4037,2870,2179,3034,2236,2417
39.8443,4040,2871,2175,3035,2238,2413
39.8646,4043,2872,2171,3036,2240,2410
39.8851,4047,2873,2167,3036,2243,2407
39.9058,4049,2874,2162,3037,2246,2403
39.9263,4051,2875,2156,3039,2251,2399
39.9464,4054,2875,2152,3041,2256,2395
39.9666,4056,2876,2148,3041,2258,2394
39.9868,4058,2876,2145,3041,2258,2395
40.0072,4060,2877,2142,3042,2260,2394
40.0281,4062,2878,2139,3043,2262,2391
40.0486,4065,2880,2136,3044,2265,2389
40.0694,4067,2881,2133,3044,2267,2389
40.0895,4069,2882,2130,3044,2268,2389
40.1098,4072,2884,2127,3044,2270,2384
40.1301,4074,2886,2125,3044,2273,2370
40.1505,4076,2888,2123,3044,2275,2351
40.1710,4079,2890,2121,3044,2272,2350
40.1914,4080,2892,2119,3044,2270,2348
40.2117,4082,2894,2117,3044,2270,2341
40.2318,4083,2897,2114,3044,2272,2331
40.2524,4084,2899,2112,3044,2274,2324
40.2727,4086,2902,2111,3044,2275,2323
40.2934,4087,2905,2108,3046,2273,2323
40.3135,4088,2908,2105,3049,2269,2323
40.3337,4089,2911,2102,3050,2267,2326
40.3540,4090,2914,2100,3050,2266,2332
40.3748,4091,2916,2097,3051,2264,2343
40.3951,4092,2918,2093,3058,2257,2356
40.4156,4092,2921,2091,3063,2248,2375
40.4357,4093,2924,2090,3065,2240,2402
40.4558,4093,2925,2090,3067,2234,2420
40.4761,4093,2928,2089,3071,2229,2429
40.4963,4094,2930,2087,3076,2225,2444
40.5167,4095,2933,2085,3083,2218,2469
40.5373,0,2935,2084,3088,2212,2481
40.5575,0,2938,2083,3091,2210,2487
40.5781,1,2940,2082,3092,2208,2493
40.5981,2,2943,2081,3094,2207,2496
40.6184,2,2945,2080,3095,2207,2499
40.6387,3,2947,2078,3097,2207,2500
40.6591,3,2949,2076,3100,2206,2500
40.6795,3,2951,2075,3100,2206,2499
40.6999,3,2953,2075,3100,2205,2497
40.7205,3,2955,2073,3100,2205,2498
40.7410,3,2957,2071,3100,2205,2498
40.7618,3,2959,2068,3100,2205,2498
40.7827,3,2962,2066,3099,2205,2497
40.8028,3,2965,2064,3095,2206,2495
40.8237,4,2968,2064,3091,2207,2494
40.8444,4,2972,2061,3088,2206,2494
40.8650,5,2977,2059,3086,2205,2494
40.8858,5,2981,2056,3084,2204,2493
40.9059,6,2987,2053,3082,2204,2492
40.9264,7,2992,2049,3081,2204,2492
40.9466,7,2997,2044,3081,2204,2492
40.9670,8,3003,2040,3081,2203,2493
40.9878,8,3008,2036,3081,2202,2491
41.0078,8,3012,2033,3081,2201,2491
41.0282,9,3017,2028,3081,2201,2491
41.0483,9,3022,2025,3081,2201,2491
41.0689,10,3026,2022,3081,2201,2487
41.0893,11,3031,2021,3080,2199,2481
41.1097,12,3035,2019,3079,2198,2478
41.1299,13,3039,2017,3078,2197,2476
41.1505,14,3044,2015,3078,2196,2476
41.1712,15,3048,2014,3078,2195,2476
41.1913,17,3053,2013,3078,2194,2476
41.2114,18,3057,2011,3078,2193,2477
41.2321,20,3061,2010,3078,2193,2478
41.2524,22,3064,2010,3078,2191,2477
41.2725,23,3067,2010,3078,2189,2477
41.2930,25,3069,2010,3078,2188,2477
41.3132,26,3072,2010,3078,2188,2477
41.3336,28,3073,2011,3078,2188,2477
41.3538,30,3073,2011,3078,2188,2477
41.3743,31,3074,2013,3078,2187,2477
41.3949,32,3075,2015,3078,2185,2477
41.4152,33,3075,2016,3078,2184,2477
41.4353,33,3076,2017,3078,2183,2476
41.4555,34,3077,2018,3078,2183,2476
41.4761,34,3078,2018,3078,2183,2476
41.4962,35,3079,2018,3078,2181,2476
41.5167,35,3081,2018,3078,2180,2475
41.5372,35,3082,2018,3077,2180,2475
41.5576,35,3083,2017,3077,2180,2475
41.5779,35,3084,2017,3077,2180,2474
41.5986,35,3085,2017,3077,2177,2474
41.6191,35,3086,2017,3077,2174,2474
41.6395,35,3086,2018,3077,2172,2474
41.6600,35,3086,2019,3077,2171,2474
41.6801,34,3087,2019,3077,2171,2474
41.7005,34,3087,2019,3077,2171,2474
41.7210,34,3087,2020,3078,2170,2474
41.7415,34,3087,2020,3078,2169,2474
41.7618,33,3087,2021,3078,2168,2473
41.7822,33,3087,2022,3078,2168,2473
41.8025,32,3087,2022,3078,2167,2473
41.8228,32,3087,2022,3078,2166,2473
41.8434,31,3088,2022,3078,2165,2473
41.8640,31,3088,2022,3078,2163,2473
41.8844,31,3089,2022,3078,2163,2473
41.9047,30,3089,2022,3078,2162,2473
41.9250,30,3090,2022,3078,2162,2473
41.9452,29,3090,2022,3078,2160,2473
41.9657,29,3090,2022,3078,2160,2472
41.9863,29,3091,2022,3078,2160,2472
42.0066,29,3091,2022,3078,2160,2471
42.0277,29,3091,2022,3078,2159,2471
42.0481,29,3091,2024,3078,2158,2471
42.0689,29,3091,2025,3078,2156,2471
42.0896,29,3091,2026,3078,2156,2471
42.1097,29,3091,2027,3078,2155,2471
42.1298,29,3091,2028,3078,2152,2471
42.1499,29,3091,2030,3078,2150,2470
42.1704,30,3092,2031,3078,2149,2470
42.1906,30,3092,2032,3078,2148,2469
42.2108,30,3093,2032,3078,2148,2469
42.2313,30,3093,2032,3078,2146,2469
42.2515,30,3094,2033,3078,2144,2468
42.2717,30,3095,2034,3078,2142,2468
42.2919,30,3096,2034,3077,2141,2467
42.3120,30,3098,2034,3076,2139,2467
42.3323,30,3099,2034,3076,2138,2467
42.3527,29,3100,2034,3075,2135,2466
42.3728,29,3101,2036,3073,2133,2465
42.3930,29,3103,2038,3071,2131,2464
42.4131,29,3104,2038,3071,2129,2464
42.4338,29,3106,2038,3071,2127,2463
42.4540,29,3107,2039,3070,2125,2463
42.4750,29,3109,2041,3068,2123,2462
42.4953,29,3110,2042,3067,2122,2462
42.5156,29,3112,2042,3067,2121,2462
42.5365,29,3113,2042,3067,2119,2461
42.5572,29,3114,2043,3066,2116,2460
42.5774,29,3115,2045,3063,2113,2460
42.5983,29,3115,2047,3060,2113,2460
42.6186,29,3116,2047,3060,2112,2460
42.6387,29,3117,2048,3060,2111,2460
42.6591,29,3117,2049,3060,2109,2459
42.6792,29,3117,2051,3059,2107,2458
42.7007,29,3117,2053,3058,2106,2458
42.7210,29,3117,2053,3058,2106,2458
42.7413,29,3118,2054,3058,2106,2458
42.7615,30,3118,2055,3058,2103,2457
42.7820,30,3118,2058,3056,2100,2456
42.8024,30,3118,2060,3054,2098,2455
42.8228,30,3118,2061,3053,2098,2455
42.8432,30,3118,2061,3053,2098,2455
42.8636,30,3118,2061,3053,2099,2455
42.8844,29,3118,2061,3053,2098,2455
42.9045,29,3117,2061,3053,2097,2455
42.9247,29,3116,2062,3053,2097,2455
42.9452,28,3115,2062,3053,2099,2456
42.9658,27,3114,2061,3053,2103,2457
42.9863,27,3112,2060,3053,2105,2457
43.0066,26,3109,2060,3053,2106,2458
43.0270,25,3106,2059,3053,2108,2459
43.0472,24,3102,2058,3054,2112,2461
43.0678,22,3098,2056,3055,2118,2461
43.0883,21,3094,2054,3059,2124,2461
43.1088,21,3088,2052,3062,2128,2461
43.1289,20,3083,2051,3063,2132,2461
43.1490,19,3078,2051,3064,2136,2461
43.1694,17,3071,2051,3064,2143,2461
43.1899,17,3064,2049,3065,2152,2460
43.2100,16,3058,2048,3070,2158,2459
43.2310,16,3050,2047,3073,2161,2459
43.2512,15,3042,2048,3073,2164,2459
43.2717,14,3035,2048,3073,2169,2459
43.2924,13,3028,2049,3074,2175,2459
43.3126,13,3021,2050,3075,2179,2458
43.3331,12,3014,2052,3076,2181,2458
43.3533,11,3006,2055,3076,2183,2458
43.3736,11,3000,2058,3076,2185,2458
43.3940,10,2994,2060,3076,2187,2458
43.4146,10,2988,2062,3076,2189,2458
43.4349,10,2983,2065,3075,2191,2458
43.4554,9,2978,2067,3075,2193,2458
43.4755,9,2974,2069,3075,2193,2458
43.4959,9,2970,2072,3074,2193,2456
43.5162,8,2966,2075,3072,2194,2456
43.5367,8,2961,2078,3070,2194,2456
43.5571,8,2957,2081,3070,2194,2454
43.5773,7,2953,2083,3070,2193,2453
43.5977,7,2949,2085,3068,2193,2452
43.6180,7,2944,2088,3067,2193,2452
43.6384,6,2939,2092,3066,2193,2453
43.6589,5,2933,2096,3065,2193,2455
43.6794,4,2927,2100,3065,2193,2455
43.6994,3,2922,2105,3065,2191,2457
43.7195,2,2916,2109,3064,2190,2461
43.7405,0,2911,2112,3064,2188,2464
43.7607,4095,2907,2115,3064,2185,2469
43.7816,4093,2904,2116,3064,2183,2472
43.8018,4091,2902,2117,3064,2182,2473
43.8222,4089,2900,2118,3064,2180,2475
43.8427,4086,2899,2118,3063,2179,2476
43.8628,4083,2898,2118,3063,2178,2477
43.8834,4081,2898,2118,3061,2176,2478
43.9036,4079,2898,2118,3061,2174,2478
43.9237,4076,2898,2118,3060,2173,2479
43.9443,4073,2898,2118,3060,2171,2480
43.9647,4071,2899,2118,3060,2170,2481
43.9854,4069,2899,2118,3060,2170,2481
44.0055,4068,2900,2120,3060,2169,2481
44.0259,4066,2900,2121,3061,2168,2482
44.0460,4064,2900,2123,3063,2167,2484
44.0666,4062,2900,2123,3067,2167,2486
44.0869,4059,2900,2123,3072,2167,2487
44.1074,4057,2900,2123,3075,2168,2488
44.1278,4055,2899,2123,3076,2168,2490
44.1480,4053,2898,2123,3080,2168,2491
44.1683,4049,2898,2123,3085,2168,2494
44.1887,4046,2898,2120,3089,2169,2494
44.2088,4045,2898,2119,3090,2170,2495
44.2291,4043,2898,2118,3092,2171,2497
44.2495,4042,2898,2117,3095,2170,2499
44.2706,4041,2898,2116,3098,2169,2499
44.2911,4040,2898,2116,3100,2169,2499
44.3118,4040,2898,2116,3102,2169,2500
44.3322,4039,2899,2114,3107,2169,2501
44.3522,4039,2901,2111,3113,2169,2501
44.3728,4039,2903,2109,3117,2166,2503
44.3931,4038,2906,2107,3120,2164,2505
44.4136,4038,2909,2104,3123,2163,2506
44.4346,4038,2912,2100,3125,2163,2507
44.4550,4037,2915,2096,3127,2163,2509
44.4750,4037,2919,2093,3129,2162,2511
44.4954,4037,2922,2090,3130,2161,2512
44.5157,4037,2925,2087,3131,2160,2515
44.5358,4036,2929,2085,3131,2159,2516
44.5561,4036,2932,2083,3132,2158,2518
44.5768,4035,2935,2081,3134,2156,2519
44.5973,4035,2938,2078,3136,2155,2520
44.6176,4035,2941,2076,3136,2155,2520
44.6378,4034,2943,2074,3136,2154,2520
44.6584,4033,2945,2073,3136,2153,2520
44.6790,4032,2946,2071,3136,2153,2520
44.6996,4030,2947,2068,3136,2152,2519
44.7197,4027,2948,2065,3136,2151,2517
44.7405,4025,2950,2062,3134,2151,2515
44.7607,4021,2951,2060,3130,2151,2513
44.7811,4018,2952,2057,3127,2149,2512
44.8013,4013,2953,2055,3124,2144,2508
44.8218,4009,2954,2054,3119,2139,2502
44.8423,4004,2955,2053,3111,2133,2500
44.8623,4000,2956,2052,3106,2128,2496
44.8827,3996,2957,2051,3101,2126,2490
44.9028,3992,2959,2050,3098,2123,2486
44.9232,3988,2960,2048,3096,2119,2481
44.9436,3985,2961,2047,3096,2114,2475
44.9636,3983,2962,2046,3095,2111,2467
44.9839,3980,2963,2046,3095,2107,2452
45.0039,3978,2964,2046,3095,2102,2435
45.0241,3976,2965,2046,3095,2097,2425
45.0446,3973,2966,2047,3094,2094,2418
45.0646,3971,2967,2047,3094,2094,2410
45.0849,3970,2967,2046,3093,2092,2406
45.1052,3968,2968,2045,3093,2090,2406
45.1255,3967,2968,2045,3093,2087,2404
45.1458,3965,2968,2045,3093,2084,2402
45.1661,3963,2968,2046,3093,2080,2401
45.1864,3962,2969,2047,3092,2076,2401
45.2066,3961,2969,2048,3092,2071,2400
45.2266,3960,2969,2049,3091,2066,2399
45.2473,3958,2969,2050,3089,2061,2399
45.2675,3957,2969,2051,3088,2055,2399
45.2875,3954,2969,2053,3087,2050,2397
45.3080,3951,2970,2054,3085,2044,2395
45.3281,3948,2970,2056,3082,2038,2394
45.3482,3944,2972,2058,3079,2033,2390
45.3684,3941,2973,2059,3077,2028,2385
45.3889,3937,2975,2059,3074,2022,2383
45.4094,3934,2977,2059,3073,2016,2382
45.4295,3931,2978,2060,3070,2010,2383
45.4499,3928,2980,2060,3069,2004,2383
45.4701,3926,2982,2060,3068,1998,2380
45.4906,3923,2983,2060,3068,1992,2379
45.5106,3921,2985,2061,3068,1985,2379
45.5313,3919,2987,2062,3068,1976,2380
45.5516,3918,2988,2065,3068,1969,2379
45.5718,3916,2990,2066,3068,1963,2378
45.5924,3916,2992,2067,3069,1958,2376
45.6129,3916,2994,2069,3070,1954,2373
45.6334,3916,2996,2070,3070,1950,2372
45.6535,3916,2999,2071,3070,1949,2370
45.6738,3917,3001,2071,3070,1947,2368
45.6940,3917,3004,2071,3070,1947,2367
45.7147,3918,3008,2069,3069,1948,2368
45.7350,3919,3011,2067,3069,1949,2369
45.7554,3920,3014,2066,3069,1949,2368
45.7756,3920,3018,2066,3069,1949,2368
45.7959,3921,3021,2066,3068,1949,2368
45.8163,3923,3025,2065,3066,1949,2368
45.8365,3925,3028,2066,3064,1949,2368
45.8567,3927,3031,2068,3061,1949,2367
45.8773,3930,3036,2068,3059,1949,2367
45.8980,3932,3040,2068,3058,1949,2367
45.9182,3934,3043,2068,3058,1949,2368
45.9387,3936,3047,2068,3058,1949,2368
45.9601,3938,3050,2066,3058,1949,2369
45.9806,3939,3053,2065,3058,1949,2370
46.0009,3940,3056,2064,3058,1949,2371
46.0214,3941,3058,2061,3058,1951,2374
46.0417,3942,3060,2059,3058,1954,2376
46.0620,3943,3062,2057,3058,1955,2377
46.0825,3943,3064,2055,3058,1955,2376
46.1029,3944,3066,2053,3058,1955,2376
46.1236,3944,3069,2050,3058,1956,2378
46.1443,3945,3071,2048,3058,1958,2380
46.1647,3945,3073,2046,3058,1959,2381
46.1850,3946,3075,2044,3058,1961,2381
46.2054,3946,3077,2042,3058,1962,2382
46.2260,3947,3078,2040,3059,1963,2384
46.2467,3948,3080,2039,3059,1964,2386
46.2670,3948,3081,2037,3060,1964,2387
46.2877,3949,3082,2037,3061,1964,2389
46.3080,3949,3082,2036,3061,1965,2393
46.3281,3949,3082,2035,3061,1965,2394
46.3482,3949,3083,2034,3061,1966,2395
46.3688,3949,3083,2033,3061,1968,2395
46.3890,3949,3084,2032,3061,1970,2395
46.4091,3949,3084,2031,3061,1971,2396
46.4293,3949,3084,2031,3061,1970,2397
46.4494,3949,3085,2031,3061,1969,2398
46.4708,3949,3086,2031,3061,1968,2398
46.4910,3949,3087,2030,3062,1968,2398
46.5114,3949,3088,2030,3063,1966,2398
46.5320,3949,3089,2029,3065,1964,2398
46.5526,3949,3091,2029,3066,1962,2398
46.5727,3949,3093,2028,3067,1961,2398
46.5931,3949,3094,2028,3068,1960,2398
46.6135,3949,3097,2027,3069,1959,2397
46.6342,3949,3099,2025,3071,1957,2396
46.6545,3949,3100,2024,3071,1955,2396
46.6749,3949,3102,2024,3072,1954,2395
46.6954,3949,3104,2023,3072,1954,2394
46.7162,3949,3106,2021,3072,1954,2394
46.7363,3949,3107,2020,3072,1954,2394
46.7568,3949,3109,2019,3072,1952,2394
46.7771,3949,3111,2019,3072,1949,2394
46.7973,3949,3112,2019,3072,1948,2393
46.8177,3949,3114,2019,3072,1948,2393
46.8380,3949,3116,2019,3072,1947,2393
46.8583,3950,3118,2020,3073,1945,2392
46.8787,3950,3120,2021,3073,1942,2391
46.8996,3951,3122,2023,3073,1938,2391
46.9198,3952,3123,2024,3073,1936,2390
46.9403,3952,3125,2025,3073,1935,2389
46.9604,3953,3127,2026,3073,1933,2389
46.9805,3954,3129,2027,3073,1929,2389
47.0011,3954,3130,2029,3073,1925,2387
47.0212,3954,3131,2031,3073,1922,2385
47.0416,3954,3133,2032,3073,1922,2383
47.0620,3954,3134,2032,3073,1921,2382
47.0822,3954,3135,2031,3073,1921,2382
47.1033,3954,3136,2029,3073,1924,2383
47.1233,3954,3136,2027,3073,1928,2384
47.1437,3954,3135,2024,3073,1933,2384
47.1641,3953,3133,2020,3073,1939,2384
47.1849,3952,3129,2016,3073,1948,2383
47.2053,3951,3124,2012,3073,1957,2384
47.2256,3950,3118,2007,3073,1967,2387
47.2460,3950,3111,2005,3073,1977,2387
47.2666,3949,3102,2003,3072,1987,2387
47.2870,3948,3094,2002,3070,1998,2388
47.3075,3948,3085,2001,3069,2011,2391
47.3279,3947,3075,2001,3069,2020,2394
47.3484,3947,3065,2002,3068,2027,2394
47.3688,3947,3054,2007,3066,2032,2394
47.3891,3947,3044,2011,3064,2037,2394
47.4092,3947,3035,2014,3064,2042,2395
47.4296,3948,3025,2018,3064,2048,2395
47.4499,3949,3016,2023,3064,2053,2393
47.4703,3952,3008,2028,3064,2056,2393
47.4905,3955,3000,2034,3064,2057,2393
47.5109,3958,2992,2041,3064,2059,2393
47.5327,3962,2985,2047,3063,2063,2391
47.5528,3967,2978,2054,3063,2066,2391
47.5729,3971,2972,2060,3063,2067,2389
47.5932,3976,2968,2067,3063,2068,2389
47.6140,3980,2964,2072,3063,2068,2389
47.6346,3984,2960,2078,3063,2070,2389
47.6550,3989,2957,2083,3063,2072,2388
47.6751,3993,2954,2088,3063,2073,2388
47.6954,3997,2952,2093,3063,2073,2388
47.7160,4001,2950,2097,3063,2073,2387
47.7364,4005,2948,2102,3063,2072,2387
47.7570,4009,2947,2106,3063,2072,2388
47.7771,4014,2945,2109,3063,2072,2388
47.7974,4018,2943,2112,3063,2074,2388
47.8179,4022,2942,2113,3063,2076,2389
47.8389,4026,2940,2114,3063,2079,2392
47.8593,4030,2939,2114,3064,2083,2396
47.8799,4034,2939,2114,3067,2086,2400
47.9003,4038,2938,2113,3071,2088,2403
47.9208,4041,2938,2112,3074,2090,2408
47.9417,4044,2938,2109,3077,2094,2415
47.9622,4049,2938,2106,3080,2101,2420
47.9827,4054,2938,2102,3085,2108,2424
48.0029,4060,2938,2097,3092,2114,2429
48.0232,4066,2938,2093,3097,2119,2433
48.0432,4071,2939,2090,3099,2125,2436
48.0638,4077,2939,2087,3100,2134,2437
48.0844,4082,2940,2084,3102,2144,2438
48.1047,4089,2941,2080,3107,2153,2442
48.1254,4094,2941,2076,3112,2160,2448
48.1459,3,2942,2073,3117,2166,2451
48.1663,8,2943,2070,3122,2171,2454
48.1864,13,2944,2067,3125,2176,2457
48.2068,18,2945,2064,3128,2183,2463
48.2271,23,2946,2061,3131,2189,2466
48.2479,27,2948,2058,3134,2195,2467
48.2683,31,2950,2055,3134,2199,2468
48.2890,35,2952,2053,3134,2205,2468
48.3092,38,2955,2050,3134,2214,2468
48.3294,42,2958,2046,3135,2224,2469
48.3498,45,2961,2041,3139,2231,2470
48.3700,47,2964,2036,3143,2236,2471
48.3902,50,2967,2033,3143,2239,2470
48.4106,51,2970,2032,3143,2241,2470
48.4310,53,2973,2030,3142,2242,2471
48.4513,55,2976,2029,3144,2242,2471
48.4720,56,2978,2028,3147,2241,2471
48.4924,57,2981,2028,3150,2236,2471
48.5132,57,2983,2028,3155,2227,2471
48.5338,58,2985,2028,3162,2217,2471
48.5544,58,2987,2028,3168,2210,2472
48.5745,58,2988,2028,3172,2206,2472
48.5950,58,2989,2029,3174,2204,2471
48.6159,58,2990,2029,3175,2203,2470
48.6360,59,2990,2029,3177,2202,2470
48.6561,59,2991,2029,3182,2199,2470
48.6768,58,2991,2029,3187,2193,2469
48.6970,58,2991,2030,3191,2187,2468
48.7170,57,2991,2032,3191,2182,2467
48.7371,56,2991,2034,3191,2180,2467
48.7573,56,2991,2035,3191,2179,2466
48.7777,55,2991,2036,3191,2176,2465
48.7982,55,2992,2038,3191,2171,2462
48.8187,55,2994,2040,3191,2165,2461
48.8390,55,2995,2041,3191,2162,2461
48.8591,54,2997,2041,3190,2162,2460
48.8795,54,2999,2041,3190,2162,2460
48.8998,54,3001,2041,3190,2162,2460
48.9202,54,3002,2041,3190,2159,2459
48.9406,54,3003,2041,3190,2157,2459
48.9607,54,3005,2041,3190,2157,2458
48.9812,54,3005,2041,3190,2157,2458
49.0016,54,3006,2041,3190,2156,2458
49.0222,54,3007,2042,3190,2152,2457
49.0426,54,3008,2042,3190,2149,2454
49.0630,54,3009,2043,3190,2148,2454
49.0831,54,3010,2043,3190,2146,2454
49.1031,54,3012,2043,3190,2144,2454
49.1233,54,3014,2043,3190,2142,2454
49.1437,53,3016,2043,3189,2139,2454
49.1639,53,3017,2043,3189,2135,2454
49.1840,53,3019,2044,3189,2132,2454
49.2042,53,3021,2044,3189,2130,2453
49.2249,53,3023,2045,3189,2127,2453
49.2454,52,3025,2045,3189,2125,2453
49.2659,52,3026,2045,3189,2124,2453
49.2862,52,3028,2045,3189,2122,2453
49.3067,52,3029,2045,3189,2120,2453
49.3269,52,3030,2046,3189,2119,2452
49.3474,52,3030,2046,3189,2118,2452
49.3678,52,3031,2046,3189,2118,2452
49.3880,52,3031,2047,3189,2117,2451
49.4083,52,3032,2048,3189,2116,2451
49.4288,52,3032,2048,3189,2115,2450
49.4492,52,3033,2048,3189,2114,2449
49.4695,52,3033,2048,3189,2113,2449
49.4899,51,3034,2049,3189,2112,2448
49.5104,51,3035,2049,3189,2111,2447
49.5307,51,3037,2049,3189,2111,2447
49.5512,50,3038,2048,3189,2109,2447
49.5721,50,3038,2047,3189,2109,2446
49.5922,49,3040,2046,3189,2108,2446
49.6128,48,3041,2046,3189,2108,2446
49.6334,48,3042,2046,3189,2107,2445
49.6535,48,3042,2045,3189,2107,2444
49.6740,47,3043,2045,3189,2106,2444
49.6946,47,3044,2045,3189,2106,2444
49.7148,47,3044,2045,3189,2105,2444
49.7350,47,3045,2045,3189,2104,2443
49.7551,47,3047,2045,3189,2103,2442
49.7754,47,3048,2045,3189,2102,2441
49.7958,47,3049,2045,3189,2102,2441
49.8159,47,3051,2045,3189,2100,2441
49.8362,47,3053,2044,3188,2100,2440
49.8570,47,3054,2044,3188,2098,2440
49.8775,47,3057,2044,3188,2098,2440
49.8979,47,3058,2044,3187,2097,2439
49.9182,47,3060,2044,3186,2095,2439
49.9386,47,3062,2044,3186,2094,2438
49.9590,47,3063,2043,3186,2093,2438
49.9790,47,3065,2043,3186,2091,2438
49.9993,47,3066,2043,3186,2091,2438
50.0197,47,3067,2043,3186,2091,2438
50.0401,47,3068,2042,3186,2091,2438
50.0604,47,3069,2042,3186,2090,2438
50.0814,47,3070,2042,3186,2090,2438
50.1017,47,3071,2042,3186,2089,2438
50.1225,47,3072,2042,3186,2088,2438
50.1427,47,3073,2043,3186,2087,2438
50.1628,47,3074,2043,3186,2085,2438
50.1833,47,3075,2043,3186,2085,2438
50.2035,47,3077,2043,3186,2083,2438
50.2239,47,3078,2044,3186,2082,2437
50.2441,47,3079,2045,3186,2080,2437
50.2645,47,3081,2045,3185,2077,2437
50.2848,47,3082,2046,3184,2076,2436
50.3053,47,3083,2047,3184,2075,2436
50.3254,48,3085,2047,3183,2074,2436
50.3457,48,3086,2048,3183,2072,2435
50.3664,48,3087,2048,3182,2071,2435
50.3866,48,3088,2048,3182,2071,2435
50.4072,48,3089,2048,3182,2071,2435
50.4275,48,3090,2048,3182,2070,2435
50.4478,48,3090,2048,3182,2069,2435
50.4680,48,3090,2048,3182,2069,2434
50.4886,48,3090,2048,3182,2070,2434
50.5091,48,3090,2047,3182,2071,2436
50.5292,48,3089,2047,3182,2071,2436
50.5497,47,3089,2047,3182,2070,2435
50.5699,47,3088,2047,3182,2070,2435
50.5905,47,3088,2047,3182,2071,2435
50.6110,47,3088,2047,3182,2071,2435
50.6315,47,3088,2047,3182,2071,2435
50.6516,47,3088,2047,3182,2071,2435
50.6724,47,3087,2047,3182,2071,2435
50.6925,47,3086,2047,3183,2074,2435
50.7127,47,3085,2047,3183,2076,2435
50.7332,47,3083,2046,3185,2079,2435
50.7540,47,3080,2045,3187,2081,2435
50.7743,47,3077,2045,3189,2084,2435
50.7945,47,3072,2045,3190,2090,2435
50.8147,48,3066,2045,3192,2098,2436
50.8351,48,3059,2045,3195,2104,2436
50.8558,49,3051,2045,3199,2109,2435
50.8763,49,3042,2046,3200,2114,2434
50.8970,49,3033,2047,3200,2123,2432
50.9174,49,3024,2047,3200,2136,2429
50.9378,49,3015,2047,3201,2147,2428
50.9585,49,3005,2047,3201,2154,2428
50.9787,49,2997,2049,3201,2157,2427
50.9990,48,2987,2051,3199,2161,2428
51.0191,47,2978,2052,3196,2168,2428
51.0395,45,2970,2054,3193,2179,2426
51.0596,45,2963,2055,3193,2184,2426
51.0801,43,2955,2057,3193,2186,2426
51.1004,41,2948,2061,3190,2186,2427
51.1208,39,2941,2064,3186,2187,2427
51.1413,37,2935,2069,3182,2189,2426
51.1619,36,2929,2073,3177,2189,2425
51.1820,35,2924,2078,3173,2189,2425
51.2024,33,2919,2082,3169,2189,2425
51.2225,33,2915,2086,3165,2189,2425
51.2430,32,2911,2092,3159,2188,2424
51.2634,32,2907,2097,3155,2187,2423
51.2835,32,2904,2102,3153,2185,2422
51.3036,32,2901,2106,3151,2183,2421
51.3242,32,2898,2111,3149,2183,2420
51.3443,32,2895,2115,3146,2183,2419
51.3645,32,2892,2118,3146,2183,2419
51.3850,32,2890,2121,3143,2183,2419
51.4052,32,2888,2124,3141,2182,2418
51.4253,31,2886,2127,3137,2181,2418
51.4459,30,2884,2130,3133,2180,2418
51.4663,29,2883,2132,3128,2180,2418
51.4866,28,2883,2134,3125,2179,2419
51.5073,27,2883,2135,3122,2177,2419
51.5274,25,2883,2135,3119,2177,2419
51.5479,24,2883,2135,3118,2177,2420
51.5692,23,2883,2135,3117,2177,2420
51.5895,22,2883,2135,3116,2176,2419
51.6099,21,2883,2135,3116,2176,2419
51.6307,21,2883,2135,3115,2176,2419
51.6517,20,2883,2135,3115,2176,2419
51.6719,20,2883,2135,3115,2177,2419
51.6920,19,2882,2135,3115,2177,2419
51.7127,19,2882,2135,3115,2177,2419
51.7334,19,2882,2135,3115,2177,2420
51.7539,18,2882,2134,3115,2177,2420
51.7748,17,2882,2134,3115,2177,2420
51.7956,17,2882,2133,3115,2178,2420
51.8168,17,2882,2133,3115,2178,2421
51.8371,16,2882,2132,3115,2178,2421
51.8579,15,2882,2131,3115,2178,2421
51.8781,14,2882,2130,3116,2178,2421
51.8984,13,2882,2128,3116,2177,2421
51.9189,12,2884,2125,3117,2177,2421
51.9395,10,2885,2123,3119,2177,2422
51.9596,9,2887,2120,3122,2175,2423
51.9800,8,2888,2117,3123,2174,2424
52.0003,6,2889,2115,3125,2172,2424
52.0212,4,2891,2112,3127,2170,2425
52.0413,3,2893,2110,3127,2169,2427
52.0625,1,2895,2107,3128,2169,2428
52.0829,0,2896,2105,3129,2169,2428
52.1031,4095,2898,2102,3130,2168,2428
52.1235,4094,2900,2099,3131,2168,2428
52.1443,4092,2901,2096,3133,2168,2428
52.1646,4090,2903,2091,3135,2167,2429
52.1849,4087,2905,2087,3138,2165,2429
52.2054,4085,2908,2083,3140,2163,2429
52.2255,4083,2909,2080,3141,2160,2429
52.2459,4080,2911,2076,3142,2157,2430
52.2663,4077,2914,2072,3142,2155,2430
52.2868,4073,2917,2069,3142,2152,2430
52.3070,4070,2919,2066,3142,2148,2431
52.3274,4067,2922,2063,3142,2144,2431
52.3481,4064,2925,2060,3142,2140,2431
52.3686,4062,2928,2057,3142,2135,2431
52.3891,4059,2930,2055,3142,2129,2431
52.4092,4056,2933,2053,3142,2124,2431
52.4296,4054,2936,2052,3142,2118,2432
52.4500,4052,2938,2050,3142,2113,2432
52.4703,4049,2941,2049,3142,2109,2432
52.4906,4048,2943,2048,3142,2105,2432
52.5109,4045,2945,2047,3142,2099,2432
52.5312,4043,2947,2047,3142,2094,2432
52.5519,4041,2949,2046,3142,2090,2433
52.5722,4040,2951,2046,3142,2086,2434
52.5927,4038,2952,2046,3142,2083,2434
52.6129,4035,2954,2046,3142,2078,2434
52.6330,4033,2955,2046,3142,2073,2434
52.6535,4031,2957,2047,3142,2069,2434
52.6741,4028,2958,2048,3143,2064,2436
52.6944,4025,2960,2048,3144,2059,2437
52.7147,4022,2961,2049,3145,2054,2439
52.7347,4020,2962,2050,3146,2048,2439
52.7551,4017,2963,2050,3146,2041,2439
52.7757,4014,2964,2051,3146,2035,2438
52.7959,4010,2966,2051,3146,2031,2438
52.8163,4006,2967,2051,3146,2026,2438
52.8366,4003,2967,2050,3147,2021,2435
52.8571,3999,2968,2050,3148,2014,2433
52.8772,3996,2968,2051,3149,2009,2432
52.8976,3992,2968,2052,3150,2001,2429
52.9176,3988,2969,2052,3154,1994,2424
52.9379,3984,2970,2053,3157,1988,2419
52.9581,3981,2970,2054,3159,1983,2415
52.9786,3978,2971,2056,3160,1978,2414
52.9991,3973,2972,2058,3163,1970,2414
53.0191,3968,2972,2060,3167,1962,2414
53.0398,3963,2973,2061,3168,1957,2412
53.0600,3960,2973,2063,3168,1954,2410
53.0806,3957,2974,2063,3168,1952,2410
53.1010,3953,2975,2063,3168,1948,2411
53.1214,3949,2975,2063,3168,1943,2411
53.1414,3946,2975,2063,3168,1942,2409
53.1620,3943,2976,2063,3166,1942,2409
53.1825,3939,2976,2063,3165,1942,2409
53.2029,3936,2978,2060,3165,1941,2409
53.2235,3933,2979,2058,3165,1937,2409
53.2439,3929,2981,2055,3163,1935,2409
53.2651,3926,2984,2053,3161,1936,2410
53.2853,3923,2986,2050,3160,1937,2414
53.3057,3920,2988,2049,3160,1933,2414
53.3258,3917,2989,2049,3159,1927,2412
53.3462,3915,2991,2049,3156,1924,2410
53.3669,3913,2994,2048,3154,1928,2411
53.3873,3912,2996,2045,3157,1930,2413
53.4082,3910,2999,2044,3163,1925,2412
53.4286,3907,3001,2044,3163,1918,2410
53.4493,3906,3003,2043,3160,1917,2409
53.4696,3905,3006,2040,3157,1920,2409
53.4901,3904,3009,2034,3157,1924,2412
53.5102,3904,3013,2027,3157,1926,2416
53.5307,3903,3016,2022,3157,1927,2418
53.5511,3902,3019,2019,3157,1927,2418
53.5717,3901,3021,2015,3156,1928,2419
53.5919,3900,3022,2014,3154,1930,2422
53.6122,3900,3023,2013,3154,1931,2424
53.6332,3900,3024,2013,3154,1930,2423
53.6537,3899,3024,2013,3152,1930,2423
53.6742,3899,3024,2013,3151,1930,2424
53.6947,3899,3024,2013,3151,1930,2424
53.7149,3899,3024,2013,3151,1931,2424
53.7351,3899,3024,2015,3149,1932,2425
53.7554,3899,3024,2017,3147,1932,2425
53.7758,3899,3024,2020,3145,1930,2425
53.7960,3899,3024,2021,3143,1929,2425
53.8165,3899,3025,2023,3141,1929,2425
53.8372,3900,3026,2025,3139,1929,2425
53.8581,3900,3027,2026,3137,1929,2424
53.8786,3900,3028,2026,3133,1929,2425
53.8987,3900,3030,2026,3127,1931,2428
53.9190,3900,3031,2025,3123,1932,2429
53.9400,3900,3033,2024,3119,1933,2430
53.9603,3900,3035,2024,3112,1936,2434
53.9812,3899,3037,2024,3106,1938,2436
54.0015,3899,3038,2024,3103,1938,2436
54.0220,3898,3039,2024,3102,1937,2436
54.0423,3898,3041,2024,3101,1936,2436
54.0624,3897,3042,2024,3100,1935,2436
54.0830,3897,3044,2024,3100,1935,2436
54.1034,3897,3045,2023,3098,1935,2436
54.1239,3897,3047,2023,3096,1935,2435
54.1444,3897,3049,2023,3094,1934,2435
54.1647,3897,3050,2023,3094,1934,2435
54.1852,3897,3052,2022,3094,1933,2435
54.2054,3897,3054,2022,3094,1933,2434
54.2262,3898,3055,2022,3093,1933,2433
54.2465,3899,3057,2022,3093,1933,2432
54.2669,3899,3059,2022,3093,1932,2431
54.2870,3899,3061,2022,3093,1931,2430
54.3071,3900,3063,2022,3092,1931,2429
54.3278,3900,3065,2021,3092,1931,2429
54.3479,3901,3066,2021,3092,1931,2429
54.3682,3902,3067,2020,3092,1931,2427
54.3887,3902,3069,2020,3092,1931,2425
54.4092,3903,3070,2020,3091,1931,2424
54.4295,3903,3071,2020,3090,1932,2424
54.4500,3904,3072,2019,3090,1934,2423
54.4706,3904,3072,2019,3090,1935,2422
54.4909,3905,3073,2018,3090,1935,2422
54.5115,3905,3073,2018,3089,1936,2422
54.5320,3906,3073,2018,3089,1937,2422
54.5527,3907,3073,2019,3089,1937,2421
54.5729,3907,3073,2020,3089,1937,2421
54.5933,3908,3073,2021,3089,1937,2421
54.6141,3909,3072,2023,3089,1937,2421
54.6349,3910,3071,2025,3089,1937,2421
54.6553,3911,3070,2027,3089,1937,2421
54.6757,3912,3069,2027,3089,1938,2421
54.6959,3913,3068,2029,3089,1939,2421
54.7165,3913,3067,2031,3089,1939,2421
54.7374,3914,3066,2033,3089,1938,2420
54.7579,3915,3065,2035,3088,1938,2420
54.7783,3916,3064,2036,3088,1939,2420
54.7985,3916,3064,2037,3088,1939,2420
54.8190,3917,3064,2037,3088,1939,2420
54.8395,3918,3064,2039,3088,1937,2420
54.8600,3918,3064,2040,3088,1937,2419
54.8804,3919,3064,2040,3088,1937,2419
54.9005,3919,3064,2040,3088,1938,2419
54.9211,3919,3064,2041,3088,1937,2419
54.9413,3919,3064,2042,3088,1936,2419
54.9621,3919,3064,2043,3087,1935,2418
54.9825,3920,3064,2043,3086,1935,2418
55.0032,3920,3064,2044,3086,1935,2418
55.0235,3920,3065,2045,3085,1934,2417
55.0440,3921,3065,2046,3085,1932,2417
55.0644,3921,3066,2047,3085,1931,2417
55.0848,3921,3066,2048,3084,1930,2417
55.1054,3922,3067,2048,3083,1930,2416
55.1255,3923,3068,2049,3083,1930,2416
55.1471,3923,3068,2050,3083,1928,2416
55.1675,3923,3068,2051,3083,1927,2415
55.1885,3924,3069,2051,3083,1926,2415
55.2086,3924,3069,2052,3082,1926,2415
55.2289,3924,3069,2053,3082,1926,2415
55.2491,3925,3069,2054,3082,1925,2415
55.2695,3925,3069,2055,3082,1923,2414
55.2897,3925,3069,2056,3082,1922,2414
55.3098,3925,3069,2057,3081,1921,2414
55.3299,3925,3069,2058,3081,1921,2414
55.3502,3925,3069,2059,3081,1920,2414
55.3710,3925,3069,2060,3081,1920,2414
55.3914,3926,3069,2061,3081,1918,2414
55.4118,3926,3069,2062,3081,1917,2414
55.4320,3926,3069,2063,3081,1916,2414
55.4525,3926,3070,2063,3081,1915,2414
55.4732,3926,3070,2064,3081,1914,2413
55.4936,3926,3070,2064,3081,1914,2413
55.5141,3927,3070,2065,3081,1914,2414
55.5348,3927,3070,2065,3081,1914,2414
55.5554,3927,3070,2066,3081,1913,2414
55.5756,3927,3070,2066,3081,1913,2414
55.5960,3928,3070,2066,3081,1913,2414
55.6163,3928,3071,2067,3081,1913,2414
55.6364,3929,3071,2067,3081,1913,2414
55.6570,3929,3071,2068,3081,1913,2414
55.6775,3929,3071,2069,3081,1912,2414
55.6983,3929,3071,2070,3081,1910,2414
55.7188,3930,3071,2070,3081,1909,2414
55.7391,3930,3072,2071,3081,1909,2414
55.7597,3930,3072,2071,3082,1908,2414
55.7800,3930,3073,2071,3084,1905,2414
55.8005,3930,3074,2071,3084,1903,2414
55.8211,3930,3075,2072,3084,1901,2414
55.8412,3930,3076,2072,3085,1901,2413
55.8614,3929,3078,2071,3086,1899,2413
55.8818,3929,3079,2070,3086,1898,2413
55.9022,3929,3080,2070,3087,1895,2413
55.9228,3928,3082,2069,3088,1892,2413
55.9433,3928,3084,2069,3088,1891,2412
55.9638,3927,3085,2069,3088,1890,2412
55.9844,3927,3087,2068,3089,1888,2411
56.0047,3927,3088,2067,3091,1887,2411
56.0248,3927,3090,2067,3092,1886,2411
56.0453,3927,3091,2067,3093,1884,2410
56.0653,3927,3093,2067,3093,1882,2410
56.0857,3927,3094,2067,3093,1881,2409
56.1058,3927,3095,2067,3093,1880,2409
56.1266,3927,3096,2067,3093,1879,2409
56.1467,3927,3097,2068,3093,1879,2408
56.1670,3928,3098,2068,3093,1879,2407
56.1873,3928,3099,2068,3093,1879,2407
56.2078,3929,3100,2069,3093,1878,2406
56.2285,3929,3100,2070,3093,1876,2405
56.2490,3930,3100,2071,3093,1875,2404
56.2694,3930,3101,2072,3093,1874,2404
56.2896,3930,3102,2073,3093,1872,2404
56.3101,3931,3103,2074,3093,1871,2403
56.3304,3931,3104,2075,3093,1869,2402
56.3508,3931,3106,2075,3093,1868,2402
56.3710,3932,3107,2076,3093,1866,2402
56.3915,3932,3108,2077,3093,1863,2402
56.4121,3932,3109,2078,3093,1860,2402
56.4325,3932,3111,2079,3093,1858,2402
56.4531,3932,3112,2080,3093,1856,2402
56.4734,3932,3114,2080,3093,1854,2402
56.4939,3932,3115,2082,3093,1852,2401
56.5141,3932,3116,2082,3093,1851,2399
56.5344,3932,3118,2082,3093,1851,2399
56.5551,3932,3118,2082,3093,1851,2398
56.5756,3932,3118,2081,3093,1852,2398
56.5957,3932,3118,2079,3093,1855,2398
56.6162,3932,3118,2076,3093,1859,2398
56.6367,3932,3116,2074,3093,1864,2397
56.6572,3931,3114,2072,3093,1870,2396
56.6775,3930,3110,2070,3093,1875,2396
56.6979,3929,3106,2069,3093,1880,2396
56.7183,3929,3100,2069,3093,1886,2396
56.7386,3928,3094,2069,3093,1892,2395
56.7588,3928,3087,2069,3093,1899,2393
56.7791,3928,3080,2069,3093,1906,2392
56.8000,3928,3073,2069,3093,1913,2393
56.8203,3928,3065,2070,3094,1919,2393
56.8409,3928,3057,2072,3094,1922,2393
56.8612,3928,3049,2075,3094,1926,2392
56.8813,3928,3042,2078,3094,1930,2392
56.9018,3928,3034,2079,3094,1937,2392
56.9221,3928,3026,2082,3095,1943,2392
56.9427,3929,3019,2084,3095,1948,2392
56.9627,3929,3012,2086,3095,1952,2391
56.9832,3930,3005,2088,3095,1957,2391
57.0039,3930,2998,2089,3095,1963,2391
57.0245,3930,2992,2089,3095,1970,2391
57.0449,3930,2985,2090,3095,1976,2390
57.0650,3930,2978,2092,3095,1981,2389
57.0857,3931,2971,2093,3095,1986,2388
57.1063,3931,2965,2094,3095,1992,2389
57.1263,3931,2959,2094,3095,1999,2389
57.1464,3930,2954,2094,3095,2006,2386
57.1673,3930,2948,2094,3094,2014,2385
57.1875,3930,2942,2094,3094,2021,2385
57.2078,3931,2937,2094,3093,2027,2385
57.2285,3931,2931,2095,3092,2032,2385
57.2489,3932,2925,2096,3092,2038,2383
57.2694,3933,2920,2098,3090,2046,2381
57.2898,3934,2915,2101,3087,2051,2381
57.3100,3936,2910,2103,3084,2055,2381
57.3305,3937,2905,2106,3083,2058,2380
57.3506,3938,2901,2110,3081,2060,2380
57.3708,3940,2897,2114,3078,2062,2380
57.3909,3941,2892,2120,3074,2063,2379
57.4116,3942,2888,2126,3070,2065,2378
57.4320,3944,2884,2132,3067,2066,2378
57.4525,3946,2880,2138,3063,2066,2377
57.4727,3947,2876,2144,3059,2065,2376
57.4929,3948,2872,2151,3054,2065,2376
57.5136,3950,2868,2158,3050,2065,2374
57.5337,3952,2864,2165,3045,2065,2374
57.5539,3955,2859,2171,3040,2065,2374
57.5742,3957,2855,2177,3037,2065,2374
57.5949,3960,2851,2183,3036,2065,2374
57.6151,3962,2846,2189,3035,2064,2374
57.6358,3966,2842,2195,3034,2064,2374
57.6562,3969,2838,2199,3034,2065,2374
57.6764,3973,2833,2205,3033,2066,2375
57.6964,3976,2829,2210,3033,2065,2375
57.7168,3979,2825,2216,3033,2065,2375
57.7369,3982,2820,2221,3033,2065,2376
57.7577,3986,2816,2225,3033,2065,2378
57.7784,3989,2812,2229,3033,2066,2378
57.7986,3993,2807,2233,3033,2068,2378
57.8195,3997,2803,2238,3033,2070,2379
57.8398,4001,2799,2242,3033,2071,2380
57.8605,4004,2794,2247,3033,2071,2381
57.8813,4008,2790,2252,3033,2071,2381
57.9018,4012,2785,2257,3033,2071,2382
57.9223,4015,2781,2261,3033,2071,2384
57.9429,4019,2777,2266,3033,2071,2385
57.9632,4022,2774,2271,3033,2071,2385
57.9836,4026,2770,2275,3034,2071,2385
58.0039,4029,2767,2279,3035,2069,2384
58.0242,4032,2765,2283,3035,2069,2384
58.0445,4035,2762,2285,3037,2069,2384
58.0648,4038,2761,2287,3040,2069,2384
58.0853,4040,2759,2287,3044,2069,2384
58.1056,4042,2757,2289,3047,2069,2384
58.1260,4045,2755,2291,3048,2069,2384
58.1464,4047,2753,2293,3048,2070,2384
58.1669,4049,2751,2295,3048,2070,2384
58.1872,4051,2748,2297,3049,2070,2384
58.2077,4053,2746,2299,3049,2071,2384
58.2278,4055,2743,2302,3049,2072,2384
58.2483,4057,2739,2305,3049,2073,2384
58.2690,4060,2735,2308,3049,2074,2383
58.2891,4061,2732,2311,3049,2075,2383
58.3095,4064,2728,2315,3049,2076,2383
58.3297,4066,2724,2319,3049,2077,2382
58.3501,4068,2719,2324,3049,2077,2381
58.3703,4071,2715,2329,3049,2077,2381
58.3906,4073,2710,2334,3049,2077,2381
58.4112,4076,2705,2339,3049,2077,2381
58.4314,4078,2701,2343,3049,2078,2381
58.4527,4081,2697,2348,3049,2079,2381
58.4731,4083,2692,2353,3049,2079,2380
58.4937,4085,2688,2359,3049,2079,2379
58.5140,4087,2683,2364,3049,2079,2379
58.5343,4089,2678,2367,3049,2079,2378
58.5547,4090,2674,2372,3049,2079,2378
58.5748,4093,2669,2377,3049,2079,2377
58.5953,4095,2663,2381,3049,2079,2376
58.6157,0,2658,2387,3049,2079,2375
58.6363,0,2653,2394,3049,2079,2374
58.6565,2,2648,2399,3049,2079,2373
58.6772,3,2643,2404,3049,2079,2372
58.6974,6,2638,2409,3049,2079,2371
58.7177,8,2633,2415,3048,2079,2369
58.7379,11,2628,2420,3048,2080,2369
58.7579,13,2622,2425,3048,2080,2368
58.7784,15,2617,2432,3047,2080,2367
58.7987,17,2611,2437,3045,2080,2366
58.8187,19,2605,2444,3045,2080,2365
58.8392,21,2599,2450,3043,2080,2364
58.8593,23,2593,2456,3041,2081,2363
58.8797,27,2586,2457,3040,2081,2363
58.8999,31,2579,2461,3037,2081,2362
58.9202,35,2573,2467,3033,2080,2361
58.9405,37,2566,2473,3030,2080,2361
58.9610,39,2558,2479,3030,2080,2361
58.9813,41,2552,2484,3030,2081,2361
59.0022,44,2545,2489,3030,2081,2361
59.0226,46,2539,2495,3028,2082,2360
59.0429,48,2533,2501,3027,2082,2360
59.0634,50,2527,2508,3025,2083,2360
59.0840,51,2521,2516,3023,2083,2360
59.1045,53,2514,2524,3022,2083,2359
59.1252,54,2508,2532,3022,2083,2359
59.1454,55,2502,2540,3020,2083,2358
59.1658,56,2495,2550,3017,2083,2358
59.1863,57,2490,2556,3015,2083,2358
59.2065,58,2484,2562,3014,2083,2358
59.2267,60,2479,2568,3012,2082,2358
59.2469,61,2474,2574,3010,2081,2358
59.2676,62,2468,2580,3009,2080,2359
59.2879,62,2464,2585,3006,2080,2359
59.3081,63,2459,2590,3005,2079,2360
59.3285,64,2455,2595,3004,2077,2360
59.3488,65,2451,2600,3003,2076,2359
59.3695,65,2446,2605,3000,2074,2359
59.3900,65,2441,2610,2997,2073,2359
59.4104,65,2436,2617,2994,2070,2359
59.4309,66,2431,2623,2990,2067,2358
59.4515,66,2426,2628,2989,2064,2357
59.4723,66,2421,2634,2988,2058,2357
59.4927,66,2415,2639,2986,2052,2357
59.5129,65,2410,2646,2983,2047,2357
59.5333,64,2405,2652,2979,2044,2357
59.5537,63,2400,2658,2973,2043,2357
59.5740,63,2394,2664,2967,2042,2356
59.5952,62,2389,2670,2962,2040,2356
59.6156,62,2383,2677,2957,2037,2355
59.6361,62,2378,2683,2951,2034,2355
59.6562,62,2372,2691,2943,2032,2354
59.6768,62,2366,2699,2935,2029,2353
59.6969,62,2360,2705,2930,2028,2352
59.7174,62,2354,2711,2925,2027,2352
59.7374,62,2349,2716,2922,2025,2352
59.7582,62,2343,2722,2917,2023,2351
59.7782,62,2338,2727,2912,2021,2351
59.7986,63,2333,2733,2907,2020,2351
59.8196,63,2328,2738,2903,2019,2350
59.8402,63,2322,2744,2896,2016,2350
59.8603,64,2317,2751,2888,2013,2349
59.8806,64,2311,2759,2880,2010,2347
59.9010,65,2305,2766,2872,2007,2347
59.9216,66,2299,2773,2865,2006,2347
59.9422,67,2293,2779,2860,2004,2347
59.9629,68,2287,2785,2856,2001,2346
59.9838,68,2281,2791,2852,2000,2344
60.0047,68,2275,2798,2845,1999,2344
60.0252,69,2270,2804,2839,1997,2344
60.0452,70,2265,2809,2834,1996,2344
60.0656,71,2260,2813,2830,1995,2344
60.0861,72,2256,2818,2825,1995,2343
60.1063,72,2252,2821,2821,1996,2343
60.1266,73,2248,2824,2818,1996,2342
60.1469,73,2245,2827,2814,1996,2342
60.1669,73,2241,2831,2810,1996,2342
60.1878,74,2237,2835,2804,1996,2341
60.2083,76,2233,2839,2799,1996,2340
60.2283,77,2230,2843,2793,1996,2340
60.2487,78,2226,2848,2787,1996,2339
60.2694,79,2222,2852,2783,1996,2339
60.2898,81,2218,2855,2781,1996,2338
60.3102,82,2213,2859,2778,1996,2338
60.3305,84,2209,2864,2773,1996,2338
60.3507,86,2205,2869,2768,1996,2338
60.3713,88,2201,2873,2764,1994,2338
60.3913,90,2197,2878,2761,1992,2337
60.4120,93,2192,2883,2755,1991,2337
60.4322,95,2187,2889,2751,1991,2336
60.4524,98,2183,2893,2748,1990,2335
60.4729,101,2178,2898,2746,1989,2335
60.4931,103,2173,2902,2743,1989,2335
60.5134,105,2169,2906,2740,1988,2335
60.5338,107,2164,2909,2738,1988,2334
60.5547,108,2160,2913,2736,1987,2333
60.5750,111,2156,2917,2733,1987,2331
60.5958,114,2152,2921,2729,1987,2329
60.6161,116,2147,2924,2726,1987,2329
60.6364,118,2143,2927,2725,1987,2328
60.6567,120,2139,2929,2725,1987,2328
60.6775,122,2134,2932,2725,1987,2326
60.6979,123,2129,2936,2724,1987,2324
60.7182,126,2123,2940,2724,1987,2323
60.7391,128,2119,2943,2723,1986,2322
60.7593,131,2114,2946,2721,1986,2322
60.7795,133,2110,2950,2719,1985,2321
60.8001,136,2105,2954,2717,1985,2321
60.8204,138,2101,2958,2716,1985,2320
60.8411,140,2097,2961,2715,1985,2319
60.8614,142,2092,2965,2714,1985,2318
60.8817,144,2087,2968,2712,1985,2318
60.9020,146,2082,2972,2710,1984,2317
60.9225,148,2078,2975,2709,1984,2316
60.9432,150,2072,2978,2707,1984,2315
60.9637,152,2068,2982,2705,1984,2314
60.9840,153,2063,2986,2705,1982,2313
61.0045,154,2058,2990,2704,1981,2312
61.0247,155,2053,2994,2703,1981,2312
61.0450,155,2047,2999,2701,1980,2311
61.0655,156,2039,3003,2700,1979,2311
61.0858,157,2032,3009,2698,1976,2308
61.1063,158,2024,3014,2697,1974,2305
61.1264,158,2016,3020,2696,1973,2304
61.1469,158,2008,3025,2694,1972,2304
61.1669,158,2001,3029,2693,1971,2303
61.1872,158,1994,3033,2692,1969,2302
61.2077,157,1988,3037,2692,1967,2302
61.2283,157,1982,3040,2691,1966,2301
61.2491,156,1977,3042,2691,1964,2301
61.2693,154,1972,3044,2690,1964,2300
61.2894,150,1967,3044,2690,1964,2300
61.3099,146,1962,3045,2690,1966,2298
61.3299,143,1958,3046,2690,1967,2297
61.3503,141,1953,3046,2690,1967,2296
61.3711,138,1949,3046,2690,1965,2296
61.3916,135,1946,3046,2690,1963,2295
61.4120,133,1942,3046,2690,1962,2294
61.4323,130,1938,3046,2689,1961,2293
61.4528,128,1935,3046,2689,1961,2293
61.4729,127,1931,3046,2689,1961,2293
61.4931,125,1927,3047,2689,1958,2292
61.5135,123,1922,3050,2687,1954,2290
61.5340,122,1918,3053,2683,1952,2287
61.5542,120,1913,3056,2681,1950,2285
61.5744,118,1906,3059,2678,1949,2283
61.5951,116,1900,3063,2676,1947,2280
61.6152,115,1895,3065,2673,1945,2279
61.6356,114,1889,3068,2671,1944,2276
61.6558,112,1883,3071,2670,1943,2275
61.6761,110,1878,3072,2669,1942,2274
61.6966,109,1874,3074,2667,1941,2272
61.7170,109,1871,3076,2665,1938,2270
61.7372,109,1868,3078,2663,1937,2270
61.7573,108,1865,3078,2661,1936,2270
61.7779,108,1862,3079,2660,1935,2269
61.7982,107,1859,3081,2659,1934,2267
61.8186,107,1857,3082,2659,1933,2266
61.8387,106,1853,3083,2659,1932,2266
61.8591,105,1848,3086,2656,1932,2265
61.8794,105,1844,3091,2650,1930,2264
61.8999,104,1839,3095,2647,1928,2263
61.9203,104,1832,3100,2643,1925,2262
61.9408,104,1827,3103,2642,1922,2262
61.9616,104,1824,3103,2642,1922,2262
61.9818,104,1822,3103,2642,1922,2262
62.0022,103,1819,3103,2642,1922,2262
62.0222,102,1816,3103,2642,1922,2261
62.0426,101,1813,3103,2642,1922,2260
62.0631,100,1811,3103,2641,1922,2258
62.0834,99,1809,3103,2639,1923,2256
62.1038,99,1808,3103,2636,1924,2255
62.1242,97,1805,3103,2636,1924,2254
62.1447,96,1801,3103,2636,1925,2253
62.1647,94,1798,3103,2636,1925,2252
62.1847,94,1795,3103,2636,1926,2249
62.2051,94,1792,3103,2634,1926,2247
62.2255,93,1789,3103,2633,1926,2244
62.2460,93,1787,3103,2632,1926,2241
62.2665,93,1784,3103,2631,1926,2238
62.2868,93,1781,3103,2630,1926,2236
62.3070,93,1778,3103,2630,1926,2233
62.3274,93,1776,3103,2630,1924,2231
62.3478,93,1774,3103,2628,1923,2228
62.3682,93,1773,3103,2627,1922,2226
62.3885,93,1771,3103,2626,1922,2223
62.4090,93,1769,3103,2625,1923,2218
62.4291,93,1767,3103,2624,1923,2216
62.4494,93,1764,3103,2624,1923,2214
62.4696,93,1760,3104,2624,1924,2212
62.4901,93,1757,3104,2624,1925,2209
62.5103,93,1754,3104,2623,1925,2205
62.5304,93,1752,3104,2621,1925,2201
62.5505,93,1752,3104,2619,1926,2198
62.5711,93,1752,3104,2616,1926,2196
62.5916,93,1752,3104,2613,1926,2194
62.6121,93,1752,3104,2609,1926,2193
62.6325,93,1752,3104,2606,1925,2192
62.6530,93,1752,3104,2602,1923,2190
62.6735,92,1752,3104,2597,1921,2188
62.6939,92,1751,3104,2591,1920,2186
62.7141,92,1751,3104,2583,1920,2186
62.7344,92,1751,3104,2578,1919,2186
62.7546,92,1751,3104,2571,1915,2186
62.7747,93,1751,3105,2563,1913,2184
62.7951,95,1752,3106,2553,1913,2181
62.8154,96,1752,3106,2541,1914,2177
62.8358,96,1752,3106,2532,1915,2173
62.8558,96,1752,3106,2524,1914,2165
62.8759,96,1752,3106,2518,1914,2156
62.8961,96,1752,3106,2511,1915,2147
62.9170,96,1752,3106,2505,1917,2140
62.9373,95,1752,3106,2501,1918,2133
62.9580,94,1752,3106,2497,1918,2122
62.9781,94,1752,3106,2496,1918,2108
62.9983,94,1752,3106,2496,1916,2098
63.0188,94,1752,3106,2496,1912,2091
63.0391,94,1752,3106,2496,1909,2081
63.0594,94,1752,3106,2496,1908,2069
63.0796,95,1752,3106,2496,1906,2058
63.0997,96,1752,3106,2496,1904,2047
63.1199,96,1752,3106,2496,1902,2035
63.1403,96,1752,3106,2496,1901,2021
63.1608,96,1752,3106,2494,1900,2012
63.1810,96,1752,3106,2491,1897,2009
63.2015,96,1752,3106,2488,1895,2004
63.2220,96,1752,3106,2485,1895,1995
63.2423,96,1752,3106,2482,1894,1985
63.2635,96,1752,3106,2479,1894,1981
63.2836,96,1752,3106,2474,1893,1981
63.3045,96,1752,3106,2468,1892,1981
63.3249,96,1752,3106,2461,1890,1981
63.3458,96,1752,3106,2455,1889,1981
63.3659,96,1752,3106,2449,1886,1981
63.3860,96,1752,3106,2442,1884,1980
63.4065,96,1752,3106,2434,1883,1980
63.4270,96,1752,3106,2425,1880,1980
63.4472,96,1752,3106,2416,1876,1980
63.4676,96,1752,3106,2408,1875,1980
63.4877,96,1752,3106,2398,1873,1980
63.5082,96,1752,3106,2387,1871,1980
63.5286,96,1752,3106,2376,1868,1980
63.5491,96,1752,3106,2365,1865,1980
63.5696,96,1752,3106,2353,1865,1980
63.5896,96,1752,3106,2342,1864,1980
63.6100,96,1752,3106,2329,1864,1980
63.6305,96,1752,3106,2315,1865,1980
63.6514,96,1752,3106,2301,1867,1980
63.6718,96,1752,3106,2287,1867,1980
63.6925,97,1752,3106,2274,1867,1980
63.7130,98,1752,3106,2261,1867,1980
63.7336,98,1752,3106,2248,1869,1980
63.7540,98,1752,3106,2234,1871,1980
63.7741,98,1752,3106,2220,1871,1980
63.7946,98,1752,3106,2205,1871,1980
63.8151,98,1752,3106,2190,1871,1980
63.8355,98,1752,3106,2175,1872,1980
63.8555,98,1752,3106,2161,1872,1980
63.8761,98,1752,3106,2148,1872,1980
63.8962,98,1752,3106,2133,1870,1980
63.9169,99,1752,3106,2120,1869,1980
63.9380,99,1752,3106,2108,1868,1980
63.9581,99,1752,3106,2096,1867,1980
63.9783,99,1752,3106,2085,1866,1980
63.9988,99,1752,3106,2074,1865,1980
64.0190,99,1751,3106,2064,1865,1980
64.0394,99,1751,3106,2054,1865,1980
64.0595,99,1751,3106,2043,1867,1980
64.0795,99,1751,3106,2033,1869,1980
64.0999,99,1751,3106,2021,1871,1980
64.1208,99,1751,3106,2010,1872,1980
64.1413,99,1751,3106,1997,1874,1980
64.1617,99,1751,3106,1985,1876,1980
64.1821,99,1751,3106,1972,1877,1980
64.2024,100,1751,3106,1961,1878,1980
64.2226,100,1751,3106,1950,1876,1980
64.2431,100,1751,3106,1940,1875,1980
64.2638,100,1751,3106,1930,1874,1980
64.2840,100,1751,3106,1916,1875,1980
64.3042,100,1751,3106,1902,1878,1980
64.3242,100,1751,3106,1888,1879,1980
64.3446,101,1751,3106,1876,1879,1980
64.3650,101,1751,3106,1866,1878,1980
64.3855,101,1751,3106,1854,1877,1980
64.4060,100,1751,3106,1841,1877,1980
64.4262,100,1751,3106,1830,1877,1980
64.4465,100,1751,3106,1816,1877,1980
64.4670,100,1751,3106,1804,1879,1980
64.4872,100,1751,3106,1791,1880,1980
64.5076,100,1751,3106,1780,1881,1980
64.5281,100,1751,3106,1771,1881,1980
64.5486,100,1751,3106,1762,1880,1980
64.5690,99,1751,3106,1753,1880,1980
64.5891,99,1751,3106,1743,1880,1980
64.6100,99,1751,3106,1736,1879,1980
64.6304,99,1751,3106,1731,1876,1980
64.6509,98,1751,3106,1726,1876,1980
64.6710,95,1751,3106,1718,1877,1980
64.6916,92,1750,3106,1710,1881,1980
64.7120,87,1750,3106,1701,1887,1980
64.7324,79,1750,3106,1692,1894,1980
64.7528,72,1750,3106,1682,1900,1980
64.7731,61,1750,3106,1673,1907,1980
64.7939,50,1750,3106,1662,1915,1980
64.8145,38,1749,3106,1650,1925,1980
64.8350,24,1749,3106,1645,1934,1980
64.8551,12,1749,3106,1644,1941,1980
64.8755,3,1749,3106,1644,1945,1980
64.8959,4093,1749,3106,1643,1947,1980
64.9164,4092,1749,3106,1643,1947,1980
64.9365,4092,1749,3106,1643,1947,1980
64.9568,4092,1749,3106,1643,1946,1980
64.9773,4092,1749,3106,1643,1946,1980
64.9978,4092,1749,3106,1643,1947,1980
65.0181,4092,1749,3106,1643,1944,1980
65.0384,4092,1749,3106,1643,1944,1980
65.0587,4092,1749,3106,1643,1945,1980
65.0795,4092,1749,3106,1643,1950,1981
65.1001,4092,1749,3106,1643,1954,1981
65.1203,4092,1749,3106,1643,1959,1981
65.1404,4093,1749,3106,1643,1963,1981
65.1607,4093,1749,3106,1643,1966,1981
65.1809,4093,1749,3106,1643,1969,1981
65.2013,4093,1749,3106,1643,1973,1981
65.2214,4093,1749,3106,1643,1976,1981
65.2416,4093,1749,3106,1643,1978,1981
65.2622,4093,1749,3106,1643,1979,1981
65.2827,4093,1749,3106,1643,1981,1981
65.3027,4093,1749,3106,1643,1981,1981
65.3229,4093,1749,3106,1643,1982,1981
65.3434,4093,1749,3106,1643,1982,1981
65.3644,4093,1749,3106,1643,1982,1981
65.3848,4093,1749,3106,1643,1983,1981
65.4050,4093,1749,3106,1643,1983,1981
65.4255,4093,1749,3106,1643,1983,1981
65.4458,4093,1749,3106,1643,1983,1981
65.4663,4093,1749,3106,1643,1983,1981
65.4867,4093,1749,3106,1643,1983,1981
65.5070,4093,1749,3106,1643,1983,1981
65.5271,4093,1749,3106,1643,1983,1981
65.5477,4093,1749,3106,1643,1983,1981
65.5678,4093,1749,3106,1643,1983,1981
65.5882,4093,1749,3106,1643,1983,1981
65.6086,4093,1749,3106,1643,1983,1981
65.6292,4093,1749,3106,1643,1983,1981
65.6492,4093,1749,3106,1643,1983,1981
65.6697,4093,1749,3106,1643,1984,1981
65.6900,4093,1749,3106,1643,1984,1981
65.7104,4093,1749,3106,1643,1984,1981
65.7308,4093,1749,3106,1643,1984,1981
65.7509,4093,1749,3106,1643,1984,1981
65.7711,4093,1749,3106,1643,1984,1981
65.7917,4093,1749,3106,1643,1984,1981
65.8122,4093,1749,3106,1643,1984,1981
65.8327,4093,1749,3106,1643,1984,1981
65.8532,4093,1749,3106,1643,1984,1981
65.8736,4093,1749,3106,1643,1984,1981
65.8940,4093,1749,3106,1643,1984,1981
65.9145,4093,1749,3106,1643,1984,1981
65.9346,4093,1749,3106,1643,1984,1981
65.9552,4093,1749,3106,1643,1984,1981
65.9756,4093,1749,3106,1643,1984,1981
65.9962,4093,1749,3106,1643,1984,1981
66.0163,4093,1749,3106,1643,1984,1981
66.0363,4093,1749,3106,1643,1984,1981
66.0567,4093,1749,3106,1643,1984,1981
66.0772,4093,1749,3106,1643,1984,1981
66.0978,4093,1749,3106,1643,1984,1981
66.1181,4093,1749,3106,1643,1984,1981
66.1382,4093,1749,3106,1643,1984,1981
66.1586,4093,1749,3106,1643,1984,1981
66.1800,4093,1749,3106,1643,1984,1981
66.2008,4093,1749,3106,1643,1984,1981
66.2211,4093,1749,3106,1643,1984,1981
66.2413,4093,1749,3106,1643,1984,1981
66.2616,4093,1749,3106,1643,1984,1981
66.2817,4093,1749,3106,1643,1984,1981
66.3021,4093,1749,3106,1643,1984,1981
66.3221,4093,1749,3106,1643,1984,1981
66.3423,4093,1749,3106,1643,1984,1981
66.3626,4093,1749,3106,1643,1984,1981
66.3829,4093,1749,3106,1643,1984,1981
66.4034,4093,1749,3106,1643,1984,1981
66.4237,4093,1749,3106,1643,1984,1981
66.4440,4093,1749,3106,1643,1984,1981
66.4646,4093,1749,3106,1643,1984,1981
66.4850,4093,1749,3106,1643,1984,1981
66.5056,4093,1749,3106,1643,1984,1981
66.5261,4093,1749,3106,1643,1984,1981
66.5463,4093,1749,3106,1643,1984,1981
66.5679,4093,1749,3106,1643,1984,1981
66.5886,4093,1749,3106,1643,1984,1981
66.6086,4093,1749,3106,1643,1985,1981
66.6289,4093,1749,3106,1643,1985,1981
66.6494,4093,1749,3106,1643,1985,1981
66.6695,4093,1749,3106,1643,1985,1981
66.6902,4093,1749,3106,1643,1985,1981
66.7104,4093,1749,3106,1643,1985,1981
66.7308,4093,1749,3106,1643,1985,1981
66.7513,4093,1749,3106,1643,1985,1981
66.7721,4093,1749,3106,1643,1985,1981
66.7922,4093,1749,3106,1643,1985,1981
66.8124,4093,1749,3106,1643,1985,1981
66.8328,4093,1749,3106,1643,1985,1981
66.8533,4093,1749,3106,1643,1985,1981
66.8736,4093,1749,3106,1643,1985,1981
66.8940,4093,1749,3106,1643,1985,1981
66.9143,4093,1749,3106,1643,1985,1981
66.9347,4093,1749,3106,1643,1985,1981
66.9552,4093,1749,3106,1643,1985,1981
66.9754,4093,1749,3106,1643,1985,1981
66.9956,4093,1749,3106,1643,1985,1981
67.0161,4093,1749,3106,1643,1985,1981
67.0362,4093,1749,3106,1643,1985,1981
67.0565,4093,1749,3106,1643,1985,1981
67.0770,4093,1749,3106,1643,1985,1981
67.0981,4093,1749,3106,1643,1985,1981
67.1182,4093,1749,3106,1643,1985,1981
67.1383,4093,1749,3106,1643,1985,1981
67.1586,4093,1749,3106,1643,1985,1981
67.1790,4093,1749,3106,1643,1985,1981
67.2001,4093,1749,3106,1643,1985,1981
67.2202,4093,1749,3106,1643,1985,1981
67.2405,4093,1749,3106,1643,1985,1981
67.2611,4093,1749,3106,1643,1985,1981
67.2816,4093,1749,3106,1643,1985,1981
67.3017,4093,1749,3106,1643,1985,1981
67.3218,4093,1749,3106,1643,1985,1981
67.3423,4093,1749,3106,1643,1985,1981
67.3628,4093,1749,3106,1643,1985,1981
67.3830,4093,1749,3106,1643,1985,1981
67.4032,4093,1749,3106,1643,1985,1981
67.4232,4093,1749,3106,1643,1985,1981
67.4437,4093,1749,3106,1643,1985,1981
67.4640,4093,1749,3106,1643,1985,1981
67.4844,4093,1749,3106,1643,1985,1981
67.5047,4093,1749,3106,1643,1985,1981
67.5254,4093,1749,3106,1643,1985,1981
67.5461,4093,1749,3106,1643,1985,1981
67.5666,4093,1749,3106,1643,1985,1981
67.5878,4093,1749,3106,1643,1985,1981
67.6083,4093,1749,3106,1643,1985,1981
67.6290,4093,1749,3106,1643,1985,1981
67.6495,4093,1749,3106,1643,1985,1981
67.6698,4093,1749,3106,1643,1985,1981
67.6904,4093,1749,3106,1643,1985,1981
67.7108,4093,1749,3106,1643,1985,1981
67.7309,4093,1749,3106,1643,1985,1981
67.7510,4093,1749,3106,1643,1985,1981
67.7712,4093,1749,3106,1643,1985,1981
67.7917,4093,1749,3106,1643,1985,1981
67.8123,4093,1749,3106,1643,1985,1981
67.8328,4093,1749,3106,1643,1985,1981
67.8530,4093,1749,3106,1643,1985,1981
67.8737,4093,1749,3106,1643,1985,1981
67.8943,4093,1749,3106,1643,1985,1981
67.9146,4093,1749,3106,1643,1985,1981
67.9354,4093,1749,3106,1643,1985,1981
67.9555,4093,1749,3106,1643,1985,1981
67.9766,4093,1749,3106,1643,1985,1981
67.9970,4093,1749,3106,1643,1985,1981
68.0174,4093,1749,3106,1643,1985,1981
68.0378,4093,1749,3106,1643,1985,1981
68.0584,4093,1749,3106,1643,1985,1981
68.0787,4093,1749,3106,1643,1985,1981
68.0992,4093,1749,3106,1643,1985,1981
68.1195,4093,1749,3106,1643,1985,1981
68.1400,4093,1749,3106,1643,1985,1981
68.1601,4093,1749,3106,1643,1985,1981
68.1802,4093,1749,3106,1643,1985,1981
68.2010,4093,1749,3106,1643,1985,1981
68.2211,4093,1749,3106,1643,1985,1981
68.2416,4093,1749,3106,1643,1985,1981
68.2619,4093,1749,3106,1643,1985,1981
68.2823,4093,1749,3106,1643,1985,1981
68.3027,4093,1749,3106,1643,1985,1981
68.3230,4093,1749,3106,1643,1985,1981
68.3436,4093,1749,3106,1643,1985,1981
68.3640,4093,1749,3106,1643,1985,1981
68.3847,4093,1749,3106,1643,1985,1981
68.4048,4093,1749,3106,1643,1985,1981
68.4250,4093,1749,3106,1643,1985,1981
68.4459,4093,1749,3106,1643,1985,1981
68.4663,4093,1749,3106,1643,1985,1981
68.4867,4093,1749,3106,1643,1985,1981
68.5069,4093,1749,3106,1643,1985,1981
68.5269,4093,1749,3106,1643,1985,1981
68.5473,4093,1749,3106,1643,1985,1981
68.5677,4093,1749,3106,1643,1985,1981
68.5880,4093,1749,3106,1643,1985,1981
68.6081,4093,1749,3106,1643,1985,1981
68.6285,4093,1749,3106,1643,1985,1981
68.6488,4093,1749,3106,1643,1985,1981
68.6693,4093,1749,3106,1643,1985,1981
68.6897,4093,1749,3106,1643,1985,1981
68.7101,4093,1749,3106,1643,1985,1981
68.7301,4093,1749,3106,1643,1985,1981
68.7506,4093,1749,3106,1643,1985,1981
68.7710,4093,1749,3106,1643,1985,1981
68.7932,4093,1749,3106,1643,1985,1981
68.8138,4093,1749,3106,1643,1985,1981
68.8341,4093,1749,3106,1643,1985,1981
68.8544,4093,1749,3106,1643,1985,1981
68.8747,4093,1749,3106,1643,1985,1981
68.8949,4093,1749,3106,1643,1985,1981
68.9149,4093,1749,3106,1643,1985,1981
68.9359,4093,1749,3106,1643,1985,1981
68.9565,4093,1749,3106,1643,1985,1981
68.9768,4093,1749,3106,1643,1985,1981
68.9973,4093,1749,3106,1643,1985,1981
69.0178,4093,1749,3106,1643,1985,1981
69.0381,4093,1749,3106,1643,1985,1981
69.0584,4093,1749,3106,1643,1985,1981
69.0785,4093,1749,3106,1643,1985,1981
69.0995,4093,1749,3106,1643,1985,1981
69.1197,4093,1749,3106,1643,1985,1981
69.1399,4093,1749,3106,1643,1985,1981
69.1602,4093,1749,3106,1643,1985,1981
69.1802,4093,1749,3106,1643,1985,1981
69.2004,4093,1749,3106,1643,1985,1981
69.2205,4093,1749,3106,1643,1985,1981
69.2411,4093,1749,3106,1643,1985,1981
69.2615,4093,1749,3106,1643,1985,1981
69.2818,4093,1749,3106,1643,1985,1981
69.3026,4093,1749,3106,1643,1985,1981
69.3233,4093,1749,3106,1643,1985,1981
69.3437,4093,1749,3106,1643,1985,1981
69.3640,4093,1749,3106,1643,1985,1981
69.3844,4093,1749,3106,1643,1985,1981
69.4046,4093,1749,3106,1643,1985,1981
69.4251,4093,1749,3106,1643,1985,1981
69.4453,4093,1749,3106,1643,1985,1981
69.4657,4093,1749,3106,1643,1985,1981
69.4870,4093,1749,3106,1643,1985,1981
69.5072,4093,1749,3106,1643,1985,1981
69.5274,4093,1749,3106,1643,1985,1981
69.5477,4093,1749,3106,1643,1985,1981
69.5680,4093,1749,3106,1643,1985,1981
69.5881,4093,1749,3106,1643,1985,1981
69.6085,4093,1749,3106,1643,1985,1981
69.6288,4093,1749,3106,1643,1985,1981
69.6493,4093,1749,3106,1643,1985,1981
69.6694,4093,1749,3106,1643,1985,1981
69.6897,4093,1749,3106,1643,1985,1981
69.7101,4093,1749,3106,1643,1985,1981
69.7304,4093,1749,3106,1643,1985,1981
69.7512,4093,1749,3106,1643,1985,1981
69.7714,4093,1749,3106,1643,1985,1981
69.7922,4093,1749,3106,1643,1985,1981
69.8125,4093,1749,3106,1643,1985,1981
69.8331,4093,1749,3106,1643,1985,1981
69.8536,4093,1749,3106,1643,1985,1981
69.8737,4093,1749,3106,1643,1985,1981
69.8945,4093,1749,3106,1643,1985,1981
69.9151,4093,1749,3106,1643,1985,1981
69.9353,4093,1749,3106,1643,1985,1981
69.9554,4093,1749,3106,1643,1985,1981
69.9758,4093,1749,3106,1643,1985,1981
69.9964,4093,1749,3106,1643,1985,1981
70.0168,4093,1749,3106,1643,1985,1981
70.0372,4093,1749,3106,1643,1985,1981
70.0577,4093,1749,3106,1643,1985,1981
70.0779,4093,1749,3106,1643,1985,1981
70.0989,4093,1749,3106,1643,1985,1981
70.1197,4093,1749,3106,1643,1985,1981
70.1399,4093,1749,3106,1643,1985,1981
70.1602,4093,1749,3106,1643,1985,1981
70.1808,4093,1749,3106,1643,1985,1981
70.2013,4093,1749,3106,1643,1985,1981
70.2215,4093,1749,3106,1643,1985,1981
70.2424,4093,1749,3106,1643,1985,1981
70.2625,4093,1749,3106,1643,1985,1981
70.2829,4093,1749,3106,1643,1985,1981
70.3034,4093,1749,3106,1643,1985,1981
70.3239,4093,1749,3106,1643,1985,1981
70.3441,4093,1749,3106,1643,1985,1981
70.3646,4093,1749,3106,1643,1985,1981
70.3852,4093,1749,3106,1643,1985,1981
70.4053,4093,1749,3106,1643,1985,1981
70.4254,4093,1749,3106,1643,1985,1981
70.4465,4093,1749,3106,1643,1985,1981
70.4668,4093,1749,3106,1643,1985,1981
70.4870,4093,1749,3106,1643,1985,1981
70.5077,4093,1749,3106,1643,1985,1981
70.5282,4093,1749,3106,1643,1985,1981
70.5485,4093,1749,3106,1643,1985,1981
70.5688,4093,1749,3106,1643,1985,1981
70.5891,4093,1749,3106,1643,1985,1981
70.6095,4093,1749,3106,1643,1985,1981
70.6300,4093,1749,3106,1643,1985,1981
70.6507,4093,1749,3106,1643,1985,1981
70.6708,4093,1749,3106,1643,1985,1981
70.6911,4093,1749,3106,1643,1985,1981
70.7115,4093,1749,3106,1643,1985,1981
70.7322,4093,1749,3106,1643,1985,1981
70.7524,4093,1749,3106,1643,1985,1981
70.7730,4093,1749,3106,1643,1985,1981
70.7934,4093,1749,3106,1643,1985,1981
70.8139,4093,1749,3106,1643,1985,1981
70.8343,4093,1749,3106,1643,1985,1981
70.8544,4093,1749,3106,1643,1985,1981
70.8750,4093,1749,3106,1643,1985,1981
70.8950,4093,1749,3106,1643,1985,1981
70.9153,4093,1749,3106,1643,1985,1981
70.9359,4093,1749,3106,1643,1985,1981
70.9562,4093,1749,3106,1643,1985,1981
70.9767,4093,1749,3106,1643,1985,1981
70.9968,4093,1749,3106,1643,1985,1981
71.0169,4093,1749,3106,1643,1985,1981
71.0372,4093,1749,3106,1643,1985,1981
71.0572,4093,1749,3106,1643,1985,1981
71.0777,4093,1749,3106,1643,1985,1981
71.0978,4093,1749,3106,1643,1985,1981
71.1180,4093,1749,3106,1643,1985,1981
71.1384,4093,1749,3106,1643,1985,1981
71.1585,4093,1749,3106,1643,1985,1981
71.1790,4093,1749,3106,1643,1985,1981
71.1994,4093,1749,3106,1643,1985,1981
71.2196,4093,1749,3106,1643,1985,1981
71.2397,4093,1749,3106,1643,1985,1981
71.2604,4093,1749,3106,1643,1985,1981
71.2808,4093,1749,3106,1643,1985,1981
71.3010,4093,1749,3106,1643,1985,1981
71.3213,4093,1749,3106,1643,1985,1981
71.3414,4093,1749,3106,1643,1985,1981
71.3619,4093,1749,3106,1643,1985,1981
71.3821,4093,1749,3106,1643,1985,1981
71.4024,4093,1749,3106,1643,1985,1981
71.4229,4093,1749,3106,1643,1985,1981
71.4434,4093,1749,3106,1643,1985,1981
71.4638,4093,1749,3106,1643,1985,1981
71.4841,4093,1749,3106,1643,1985,1981
71.5044,4093,1749,3106,1643,1985,1981
71.5248,4093,1749,3106,1643,1985,1981
71.5452,4093,1749,3106,1643,1985,1981
71.5656,4093,1749,3106,1643,1985,1981
71.5859,4093,1749,3106,1643,1985,1981
71.6063,4093,1749,3106,1643,1985,1981
71.6266,4093,1749,3106,1643,1985,1981
71.6477,4093,1749,3106,1643,1985,1981
71.6682,4093,1749,3106,1643,1985,1981
71.6886,4093,1749,3106,1643,1985,1981
71.7089,4093,1749,3106,1643,1985,1981
71.7293,4093,1749,3106,1643,1985,1981
71.7496,4093,1749,3106,1643,1985,1981
71.7702,4093,1749,3106,1643,1985,1981
71.7913,4093,1749,3106,1643,1985,1981
71.8117,4093,1749,3106,1643,1985,1981
71.8322,4093,1749,3106,1643,1985,1981
71.8525,4093,1749,3106,1643,1985,1981
71.8728,4093,1749,3106,1643,1985,1981
71.8931,4093,1749,3106,1643,1985,1981
71.9139,4093,1749,3106,1643,1985,1981
71.9340,4093,1749,3106,1643,1985,1981
71.9543,4093,1749,3106,1643,1985,1981
71.9746,4093,1749,3106,1643,1985,1981
71.9953,4093,1749,3106,1643,1985,1981
72.0159,4093,1749,3106,1643,1985,1981
72.0362,4093,1749,3106,1643,1985,1981
72.0565,4093,1749,3106,1643,1985,1981
72.0766,4093,1749,3106,1643,1985,1981
72.0971,4093,1749,3106,1643,1985,1981
72.1179,4093,1749,3106,1643,1985,1981
72.1385,4093,1749,3106,1643,1985,1981
72.1592,4093,1749,3106,1643,1985,1981
72.1796,4093,1749,3106,1643,1985,1981
72.2002,4093,1749,3106,1643,1985,1981
72.2203,4093,1749,3106,1643,1985,1981
72.2408,4093,1749,3106,1643,1985,1981
72.2609,4093,1749,3106,1643,1985,1981
72.2811,4093,1749,3106,1643,1985,1981
72.3018,4093,1749,3106,1643,1985,1981
72.3224,4093,1749,3106,1643,1985,1981
72.3427,4093,1749,3106,1643,1985,1981
72.3627,4093,1749,3106,1643,1985,1981
72.3830,4093,1749,3106,1643,1985,1981
72.4031,4093,1749,3106,1643,1985,1981
72.4233,4093,1749,3106,1643,1985,1981
72.4434,4093,1749,3106,1643,1985,1981
72.4637,4093,1749,3106,1643,1985,1981
72.4841,4093,1749,3106,1643,1985,1981
72.5043,4093,1749,3106,1643,1985,1981
72.5247,4093,1749,3106,1643,1985,1981
72.5452,4093,1749,3106,1643,1985,1981
72.5652,4093,1749,3106,1643,1985,1981
72.5857,4093,1749,3106,1643,1985,1981
72.6061,4093,1749,3106,1643,1985,1981
72.6265,4093,1749,3106,1643,1985,1981
72.6468,4093,1749,3106,1643,1985,1981
72.6669,4093,1749,3106,1643,1985,1981
72.6872,4093,1749,3106,1643,1985,1981
72.7076,4093,1749,3106,1643,1985,1981
72.7279,4093,1749,3106,1643,1985,1981
72.7481,4093,1749,3106,1643,1985,1981
72.7686,4093,1749,3106,1643,1985,1981
72.7891,4093,1749,3106,1643,1985,1981
72.8107,4093,1749,3106,1643,1985,1981
72.8310,4093,1749,3106,1643,1985,1981
72.8516,4093,1749,3106,1643,1985,1981
72.8720,4093,1749,3106,1643,1985,1981
72.8925,4093,1749,3106,1643,1985,1981
72.9130,4093,1749,3106,1643,1985,1981
72.9334,4093,1749,3106,1643,1985,1981
72.9542,4093,1749,3106,1643,1985,1981
72.9747,4093,1749,3106,1643,1985,1981
72.9948,4093,1749,3106,1643,1985,1981
73.0150,4093,1749,3106,1643,1985,1981
73.0357,4093,1749,3106,1643,1985,1981
73.0561,4093,1749,3106,1643,1985,1981
73.0764,4093,1749,3106,1643,1985,1981
73.0974,4093,1749,3106,1643,1985,1981
73.1176,4093,1749,3106,1643,1985,1981
73.1381,4093,1749,3106,1643,1985,1981
73.1581,4093,1749,3106,1643,1985,1981
73.1783,4093,1749,3106,1643,1985,1981
73.1990,4093,1749,3106,1643,1985,1981
73.2192,4093,1749,3106,1643,1985,1981
73.2394,4093,1749,3106,1643,1985,1981
73.2597,4093,1749,3106,1643,1985,1981
73.2802,4093,1749,3106,1643,1985,1981
73.3004,4093,1749,3106,1643,1985,1981
73.3208,4093,1749,3106,1643,1985,1981
73.3414,4093,1749,3106,1643,1985,1981
73.3615,4093,1749,3106,1643,1985,1981
73.3820,4093,1749,3106,1643,1985,1981
73.4023,4093,1749,3106,1643,1985,1981
73.4230,4093,1749,3106,1643,1985,1981
73.4435,4093,1749,3106,1643,1985,1981
73.4638,4093,1749,3106,1643,1985,1981
73.4839,4093,1749,3106,1643,1985,1981
73.5042,4093,1749,3106,1643,1985,1981
73.5244,4093,1749,3106,1643,1985,1981
73.5446,4093,1749,3106,1643,1985,1981
73.5648,4093,1749,3106,1643,1985,1981
73.5852,4093,1749,3106,1643,1985,1981
73.6065,4093,1749,3106,1643,1985,1981
73.6269,4093,1749,3106,1643,1985,1981
