timestamp_sec,id_1,id_2,id_3,id_4,id_5,id_6
0.0001,31,1749,3108,1645,2071,1982
0.0203,31,1749,3108,1645,2071,1982
0.0406,31,1749,3108,1645,2071,1982
0.0612,31,1749,3108,1645,2071,1982
0.0818,31,1749,3108,1645,2071,1982
0.1019,31,1749,3108,1645,2071,1982
0.1222,31,1749,3108,1645,2071,1982
0.1424,31,1749,3108,1645,2071,1982
0.1629,31,1749,3108,1645,2071,1982
0.1830,31,1749,3108,1645,2071,1982
0.2032,31,1749,3108,1645,2071,1982
0.2233,31,1749,3108,1645,2071,1982
0.2438,31,1749,3108,1645,2071,1982
0.2638,31,1749,3108,1645,2071,1982
0.2840,31,1749,3108,1645,2071,1982
0.3043,31,1749,3108,1645,2071,1982
0.3251,31,1749,3108,1645,2071,1982
0.3456,31,1749,3108,1645,2071,1982
0.3661,31,1749,3108,1645,2071,1982
0.3862,31,1749,3108,1645,2071,1982
0.4066,31,1749,3108,1645,2071,1982
0.4269,31,1749,3108,1645,2071,1982
0.4473,31,1749,3108,1645,2071,1982
0.4677,31,1749,3108,1645,2071,1982
0.4881,31,1749,3108,1645,2071,1982
0.5087,31,1749,3108,1645,2071,1982
0.5292,31,1749,3108,1645,2071,1982
0.5504,31,1749,3108,1645,2071,1982
0.5707,31,1749,3108,1645,2071,1982
0.5909,31,1749,3108,1645,2071,1982
0.6112,31,1749,3108,1645,2071,1982
0.6318,31,1749,3108,1645,2071,1982
0.6520,31,1749,3108,1645,2071,1982
0.6722,31,1749,3108,1645,2071,1982
0.6928,31,1749,3108,1645,2071,1982
0.7133,31,1749,3108,1645,2071,1982
0.7335,31,1749,3108,1645,2071,1982
0.7536,31,1749,3108,1645,2071,1982
0.7742,31,1749,3108,1645,2071,1982
0.7945,31,1749,3108,1645,2071,1982
0.8150,31,1749,3108,1645,2071,1982
0.8351,31,1749,3108,1645,2071,1982
0.8554,31,1749,3108,1645,2071,1982
0.8761,31,1749,3108,1645,2071,1982
0.8965,31,1749,3108,1645,2071,1982
0.9167,31,1749,3108,1645,2071,1982
0.9372,31,1749,3108,1645,2071,1982
0.9575,31,1749,3108,1645,2071,1982
0.9780,31,1749,3108,1645,2071,1982
0.9987,31,1749,3108,1645,2071,1982
1.0188,31,1749,3108,1645,2071,1982
1.0394,31,1749,3108,1645,2071,1982
1.0599,31,1749,3108,1645,2071,1982
1.0804,31,1749,3108,1645,2071,1982
1.1010,31,1749,3108,1645,2071,1982
1.1214,31,1749,3108,1645,2071,1982
1.1417,31,1749,3108,1645,2071,1982
1.1618,31,1749,3108,1645,2071,1982
1.1822,31,1749,3108,1645,2071,1982
1.2025,31,1749,3108,1645,2071,1982
1.2229,31,1749,3108,1645,2071,1982
1.2433,31,1749,3108,1645,2071,1982
1.2637,31,1749,3108,1645,2071,1982
1.2846,31,1749,3108,1645,2071,1982
1.3046,31,1749,3108,1645,2071,1982
1.3249,31,1749,3108,1645,2071,1982
1.3454,31,1749,3108,1645,2071,1982
1.3660,31,1749,3108,1645,2071,1982
1.3865,31,1749,3108,1645,2071,1982
1.4074,31,1749,3108,1645,2071,1982
1.4280,31,1749,3108,1645,2071,1982
1.4487,31,1749,3108,1645,2071,1982
1.4693,31,1749,3108,1645,2071,1982
1.4894,31,1749,3108,1645,2071,1982
1.5097,31,1749,3108,1645,2071,1982
1.5301,31,1749,3108,1645,2071,1982
1.5509,31,1749,3108,1645,2071,1982
1.5711,31,1749,3108,1645,2071,1982
1.5912,31,1749,3108,1645,2071,1982
1.6116,31,1749,3108,1645,2071,1982
1.6322,31,1749,3108,1645,2071,1982
1.6526,31,1749,3108,1645,2071,1982
1.6731,31,1749,3108,1645,2071,1982
1.6935,31,1749,3108,1645,2071,1982
1.7138,31,1749,3108,1645,2071,1982
1.7341,31,1749,3108,1645,2071,1982
1.7542,31,1749,3108,1645,2071,1982
1.7745,31,1749,3108,1645,2071,1982
1.7952,31,1749,3108,1645,2071,1982
1.8158,31,1749,3108,1645,2071,1982
1.8363,31,1749,3108,1645,2071,1982
1.8564,31,1749,3108,1645,2071,1982
1.8768,31,1749,3108,1645,2071,1982
1.8973,31,1749,3108,1645,2071,1982
1.9174,31,1749,3108,1645,2071,1982
1.9378,31,1749,3108,1645,2071,1982
1.9581,31,1749,3108,1645,2071,1982
1.9784,31,1749,3108,1645,2071,1982
1.9988,31,1749,3108,1645,2071,1982
2.0193,31,1749,3108,1645,2071,1982
2.0399,31,1749,3108,1645,2071,1982
2.0604,31,1749,3108,1645,2071,1982
2.0810,31,1749,3108,1645,2071,1982
2.1017,31,1749,3108,1645,2071,1982
2.1217,31,1749,3108,1645,2071,1982
2.1422,31,1749,3108,1645,2071,1982
2.1628,31,1749,3108,1645,2071,1982
2.1829,31,1749,3108,1645,2071,1982
2.2033,31,1749,3108,1645,2071,1982
2.2239,31,1749,3108,1645,2071,1982
2.2441,31,1749,3108,1645,2071,1982
2.2646,31,1749,3108,1645,2071,1982
2.2850,31,1749,3108,1645,2071,1982
2.3053,31,1749,3108,1645,2071,1982
2.3256,31,1749,3108,1645,2071,1982
2.3457,31,1749,3108,1645,2071,1982
2.3658,31,1749,3108,1645,2071,1982
2.3860,31,1749,3108,1645,2071,1982
2.4060,31,1749,3108,1645,2071,1982
2.4268,31,1749,3108,1645,2071,1982
2.4471,31,1749,3108,1645,2071,1982
2.4675,31,1749,3108,1645,2071,1982
2.4879,31,1749,3108,1645,2071,1982
2.5087,31,1749,3108,1645,2071,1982
2.5288,31,1749,3108,1645,2071,1982
2.5493,31,1749,3108,1645,2071,1982
2.5694,31,1749,3108,1645,2071,1982
2.5894,31,1749,3108,1645,2071,1982
2.6094,31,1749,3108,1645,2071,1982
2.6299,31,1749,3108,1645,2071,1982
2.6502,31,1749,3108,1645,2071,1982
2.6704,31,1749,3108,1645,2071,1982
2.6907,31,1749,3108,1645,2071,1982
2.7114,31,1749,3108,1645,2071,1982
2.7315,31,1749,3108,1645,2071,1982
2.7519,31,1749,3108,1645,2071,1982
2.7722,31,1749,3108,1645,2071,1982
2.7930,31,1749,3108,1645,2071,1982
2.8136,31,1749,3108,1645,2071,1982
2.8339,31,1749,3108,1645,2071,1982
2.8544,31,1749,3108,1645,2071,1982
2.8749,31,1749,3108,1645,2071,1982
2.8950,31,1749,3108,1645,2071,1982
2.9152,31,1749,3108,1645,2071,1982
2.9356,31,1749,3108,1645,2071,1982
2.9562,31,1749,3108,1645,2071,1982
2.9762,31,1749,3108,1645,2071,1982
2.9965,31,1749,3108,1645,2071,1982
3.0167,31,1749,3108,1645,2071,1982
3.0371,31,1749,3108,1645,2071,1982
3.0578,31,1749,3108,1645,2071,1982
3.0778,31,1749,3108,1645,2071,1982
3.0982,31,1749,3108,1645,2071,1982
3.1185,31,1749,3108,1645,2071,1982
3.1388,31,1749,3108,1645,2071,1982
3.1594,31,1749,3108,1645,2071,1982
3.1797,31,1749,3108,1645,2071,1982
3.1999,31,1749,3108,1645,2071,1982
3.2201,31,1749,3108,1645,2071,1982
3.2406,31,1749,3108,1645,2071,1982
3.2611,31,1749,3108,1645,2071,1982
3.2815,31,1749,3108,1645,2071,1982
3.3018,31,1749,3108,1645,2071,1982
3.3223,31,1749,3108,1645,2071,1982
3.3424,31,1749,3108,1645,2071,1982
3.3631,31,1749,3108,1645,2071,1982
3.3836,31,1749,3108,1645,2071,1982
3.4037,31,1749,3108,1645,2071,1982
3.4241,31,1749,3108,1645,2071,1982
3.4449,31,1749,3108,1645,2071,1982
3.4652,31,1749,3108,1645,2071,1982
3.4854,31,1749,3108,1645,2071,1982
3.5059,31,1749,3108,1645,2071,1982
3.5262,31,1749,3108,1645,2071,1982
3.5467,31,1749,3108,1645,2071,1982
3.5668,31,1749,3108,1645,2071,1982
3.5873,31,1749,3108,1645,2071,1982
3.6077,31,1749,3108,1645,2071,1982
3.6280,31,1749,3108,1645,2071,1982
3.6484,31,1749,3108,1645,2071,1982
3.6688,31,1749,3108,1645,2071,1982
3.6892,31,1749,3108,1645,2071,1982
3.7097,31,1749,3108,1645,2071,1982
3.7299,31,1749,3108,1645,2071,1982
3.7501,31,1749,3108,1645,2071,1982
3.7706,31,1749,3108,1645,2071,1982
3.7910,31,1749,3108,1645,2071,1982
3.8111,31,1749,3108,1645,2071,1982
3.8314,31,1749,3108,1645,2071,1982
3.8519,31,1749,3108,1645,2071,1982
3.8720,31,1749,3108,1645,2071,1982
3.8922,31,1749,3108,1645,2071,1982
3.9126,31,1749,3108,1645,2071,1982
3.9327,31,1749,3108,1645,2071,1982
3.9530,31,1749,3108,1645,2071,1982
3.9731,31,1749,3108,1645,2071,1982
3.9935,31,1749,3108,1645,2071,1982
4.0139,31,1749,3108,1645,2071,1982
4.0341,31,1749,3108,1645,2071,1982
4.0544,31,1749,3108,1645,2071,1982
4.0749,31,1749,3108,1645,2071,1982
4.0951,31,1749,3108,1645,2071,1982
4.1155,31,1749,3108,1645,2071,1982
4.1359,31,1749,3108,1645,2071,1982
4.1564,31,1749,3108,1645,2071,1982
4.1767,31,1749,3108,1645,2071,1982
4.1972,31,1749,3108,1645,2071,1982
4.2175,31,1749,3108,1645,2071,1982
4.2381,31,1749,3108,1645,2071,1982
4.2583,31,1749,3108,1645,2071,1982
4.2790,31,1749,3108,1645,2071,1982
4.2994,31,1749,3108,1645,2071,1982
4.3195,31,1749,3108,1645,2071,1982
4.3397,31,1749,3108,1645,2071,1982
4.3603,31,1749,3108,1645,2071,1982
4.3807,31,1749,3108,1645,2071,1982
4.4009,31,1749,3108,1645,2071,1982
4.4213,31,1749,3108,1645,2071,1982
4.4419,31,1749,3108,1645,2071,1982
4.4622,31,1749,3108,1645,2071,1982
4.4823,31,1749,3108,1645,2075,1982
4.5025,31,1749,3108,1645,2082,1982
4.5228,29,1749,3108,1645,2085,1982
4.5433,26,1748,3108,1645,2085,1982
4.5636,25,1748,3108,1645,2086,1982
4.5837,25,1748,3108,1645,2088,1982
4.6042,25,1748,3108,1645,2091,1982
4.6244,26,1748,3108,1645,2096,1982
4.6451,27,1748,3108,1645,2102,1982
4.6655,29,1748,3108,1645,2106,1982
4.6858,30,1748,3108,1645,2111,1982
4.7059,30,1748,3108,1645,2114,1982
4.7260,30,1748,3108,1645,2118,1982
4.7464,30,1748,3108,1645,2121,1982
4.7667,31,1748,3108,1644,2125,1982
4.7871,31,1748,3108,1644,2128,1982
4.8075,31,1748,3108,1644,2131,1982
4.8279,31,1748,3108,1644,2135,1982
4.8483,31,1748,3108,1644,2140,1982
4.8684,31,1748,3108,1644,2144,1982
4.8888,31,1748,3108,1644,2150,1982
4.9090,31,1748,3108,1644,2156,1982
4.9292,31,1748,3108,1644,2162,1982
4.9493,31,1748,3108,1644,2170,1982
4.9695,31,1748,3108,1644,2178,1982
4.9899,31,1748,3108,1644,2187,1982
5.0101,31,1748,3108,1644,2196,1982
5.0305,31,1748,3108,1644,2205,1982
5.0507,31,1748,3108,1644,2216,1982
5.0711,31,1748,3108,1644,2226,1982
5.0916,31,1748,3108,1644,2239,1982
5.1120,31,1748,3108,1644,2250,1982
5.1326,31,1748,3108,1644,2263,1982
5.1529,31,1748,3108,1644,2276,1982
5.1734,31,1748,3108,1644,2291,1982
5.1936,31,1748,3108,1644,2305,1982
5.2138,31,1748,3108,1644,2318,1982
5.2340,31,1748,3108,1644,2333,1982
5.2541,31,1748,3108,1644,2347,1982
5.2746,31,1748,3108,1644,2361,1982
5.2950,31,1748,3108,1644,2376,1982
5.3155,31,1748,3108,1644,2389,1982
5.3356,31,1748,3108,1644,2403,1982
5.3561,31,1748,3108,1644,2416,1982
5.3764,31,1748,3108,1644,2429,1982
5.3969,31,1748,3108,1644,2442,1982
5.4174,31,1748,3108,1644,2455,1982
5.4375,31,1748,3108,1644,2467,1982
5.4578,31,1748,3108,1644,2479,1982
5.4784,31,1748,3108,1644,2493,1982
5.4986,31,1748,3108,1644,2507,1982
5.5190,31,1748,3108,1644,2522,1982
5.5395,31,1748,3108,1644,2537,1982
5.5601,31,1748,3108,1644,2555,1982
5.5806,31,1748,3108,1644,2572,1982
5.6009,31,1748,3108,1644,2591,1982
5.6209,31,1748,3108,1644,2609,1982
5.6410,31,1748,3108,1644,2629,1982
5.6611,31,1748,3108,1644,2648,1982
5.6813,31,1748,3108,1644,2667,1982
5.7015,31,1748,3108,1644,2685,1982
5.7219,31,1748,3108,1644,2703,1982
5.7425,31,1748,3108,1644,2719,1982
5.7633,31,1748,3108,1644,2736,1982
5.7837,31,1748,3108,1644,2751,1982
5.8039,31,1748,3108,1644,2765,1982
5.8243,31,1748,3108,1644,2780,1982
5.8443,31,1748,3108,1644,2794,1982
5.8646,30,1748,3108,1644,2809,1982
5.8849,30,1748,3108,1644,2823,1982
5.9054,30,1748,3108,1644,2835,1982
5.9258,30,1748,3108,1644,2847,1982
5.9458,30,1748,3108,1644,2860,1982
5.9661,30,1748,3108,1644,2873,1982
5.9864,30,1748,3108,1644,2886,1982
6.0068,30,1748,3108,1644,2897,1982
6.0270,30,1748,3108,1644,2910,1982
6.0472,30,1748,3108,1644,2922,1982
6.0674,30,1748,3108,1644,2935,1982
6.0875,30,1748,3108,1644,2947,1982
6.1079,30,1748,3108,1644,2962,1982
6.1284,30,1748,3108,1644,2976,1982
6.1489,30,1748,3108,1644,2992,1982
6.1699,30,1748,3108,1644,3005,1982
6.1905,30,1748,3108,1644,3017,1982
6.2109,30,1748,3108,1644,3032,1982
6.2317,30,1748,3108,1644,3044,1982
6.2521,30,1748,3108,1644,3056,1982
6.2725,30,1748,3108,1644,3069,1982
6.2930,30,1748,3108,1644,3079,1982
6.3137,30,1748,3108,1644,3089,1982
6.3344,30,1748,3108,1645,3098,1982
6.3547,30,1748,3108,1645,3106,1982
6.3749,30,1748,3108,1645,3115,1982
6.3952,30,1748,3108,1645,3124,1982
6.4153,30,1748,3108,1645,3132,1982
6.4357,30,1748,3108,1645,3138,1982
6.4561,30,1748,3108,1645,3148,1982
6.4767,30,1748,3108,1645,3157,1982
6.4975,30,1748,3108,1645,3164,1982
6.5178,30,1748,3108,1645,3170,1982
6.5379,30,1748,3108,1645,3174,1982
6.5583,30,1748,3108,1645,3177,1982
6.5789,30,1748,3108,1645,3179,1982
6.5991,30,1748,3108,1645,3181,1982
6.6193,30,1748,3108,1645,3181,1982
6.6394,31,1748,3108,1645,3180,1982
6.6598,31,1748,3108,1645,3180,1982
6.6802,31,1748,3108,1645,3181,1982
6.7002,31,1748,3108,1645,3182,1982
6.7207,31,1748,3108,1645,3182,1982
6.7409,31,1748,3108,1645,3185,1982
6.7609,31,1748,3108,1645,3191,1982
6.7819,31,1748,3108,1645,3194,1982
6.8021,31,1748,3108,1645,3196,1982
6.8229,31,1748,3108,1645,3200,1982
6.8433,31,1748,3108,1645,3207,1983
6.8637,31,1748,3108,1645,3213,1983
6.8839,31,1748,3108,1645,3218,1983
6.9044,31,1748,3108,1645,3222,1983
6.9247,31,1748,3108,1645,3227,1984
6.9451,31,1748,3108,1645,3233,1984
6.9656,31,1748,3108,1645,3239,1984
6.9859,31,1748,3108,1645,3244,1984
7.0064,31,1748,3108,1645,3245,1984
7.0265,31,1748,3108,1645,3246,1984
7.0470,31,1748,3108,1645,3248,1984
7.0679,31,1748,3108,1645,3249,1984
7.0884,31,1748,3108,1645,3250,1984
7.1089,31,1748,3108,1645,3250,1984
7.1293,31,1748,3108,1645,3250,1984
7.1494,31,1748,3108,1645,3249,1984
7.1701,31,1748,3108,1645,3249,1985
7.1905,31,1748,3108,1645,3247,1985
7.2109,31,1748,3108,1645,3244,1985
7.2315,31,1748,3108,1645,3242,1985
7.2521,31,1748,3108,1645,3239,1985
7.2723,31,1748,3108,1645,3238,1986
7.2930,31,1748,3108,1645,3237,1989
7.3133,31,1748,3108,1645,3234,1991
7.3334,31,1748,3108,1645,3230,1992
7.3540,31,1748,3108,1645,3227,1991
7.3743,31,1748,3108,1645,3225,1990
7.3957,31,1748,3108,1645,3223,1990
7.4161,31,1748,3108,1645,3221,1988
7.4363,31,1748,3108,1645,3218,1986
7.4567,31,1748,3108,1645,3215,1985
7.4768,31,1748,3108,1645,3213,1984
7.4974,31,1748,3108,1645,3210,1983
7.5178,31,1748,3108,1645,3208,1982
7.5383,31,1748,3108,1645,3203,1982
7.5590,31,1748,3108,1645,3199,1982
7.5797,31,1748,3108,1645,3193,1983
7.6003,31,1748,3108,1645,3187,1983
7.6203,31,1748,3108,1645,3182,1982
7.6408,31,1748,3108,1645,3178,1982
7.6608,31,1748,3108,1645,3175,1982
7.6814,31,1748,3108,1645,3172,1982
7.7015,31,1748,3108,1645,3170,1982
7.7217,31,1748,3108,1645,3170,1982
7.7427,31,1748,3108,1645,3170,1982
7.7631,31,1748,3108,1645,3170,1982
7.7838,31,1748,3108,1645,3170,1982
7.8040,31,1748,3108,1645,3170,1982
7.8244,31,1748,3108,1645,3170,1982
7.8449,31,1748,3108,1645,3170,1983
7.8650,31,1748,3108,1645,3171,1984
7.8854,31,1748,3108,1645,3172,1985
7.9059,31,1748,3108,1645,3175,1985
7.9263,31,1748,3108,1645,3179,1985
7.9467,31,1748,3108,1645,3181,1986
7.9667,31,1748,3108,1645,3183,1987
7.9871,31,1748,3108,1645,3184,1985
8.0073,31,1748,3108,1645,3185,1982
8.0279,31,1748,3108,1645,3183,1982
8.0483,31,1748,3108,1645,3181,1982
8.0687,31,1748,3108,1645,3180,1983
8.0891,31,1748,3108,1645,3176,1989
8.1096,30,1748,3108,1645,3169,1994
8.1301,29,1748,3108,1645,3168,1993
8.1506,28,1748,3108,1645,3168,1989
8.1707,28,1748,3108,1645,3169,1984
8.1911,28,1748,3108,1645,3167,1982
8.2113,28,1748,3108,1645,3165,1982
8.2317,28,1748,3108,1645,3162,1982
8.2523,28,1748,3108,1645,3160,1982
8.2726,28,1748,3108,1645,3159,1982
8.2931,28,1748,3108,1645,3159,1983
8.3136,28,1748,3108,1645,3159,1986
8.3337,28,1748,3108,1645,3158,1989
8.3540,28,1748,3108,1645,3157,1991
8.3746,28,1748,3108,1645,3155,1992
8.3947,28,1748,3108,1645,3154,1995
8.4149,28,1748,3108,1645,3153,1998
8.4353,28,1748,3108,1645,3150,2001
8.4560,28,1748,3108,1645,3146,2004
8.4762,28,1748,3108,1645,3144,2009
8.4963,28,1748,3108,1645,3143,2014
8.5167,28,1748,3108,1645,3141,2023
8.5369,28,1748,3108,1645,3138,2032
8.5571,28,1748,3108,1645,3137,2042
8.5776,28,1748,3108,1645,3135,2055
8.5979,28,1748,3108,1645,3133,2069
8.6186,28,1748,3108,1645,3133,2083
8.6389,28,1748,3108,1645,3133,2096
8.6592,28,1748,3108,1645,3133,2108
8.6797,28,1748,3108,1645,3133,2120
8.6998,28,1748,3108,1645,3132,2130
8.7202,28,1748,3108,1645,3132,2140
8.7406,28,1748,3108,1645,3132,2150
8.7611,28,1748,3108,1645,3132,2163
8.7814,28,1748,3108,1645,3132,2172
8.8016,28,1748,3108,1645,3131,2183
8.8218,28,1748,3108,1645,3131,2194
8.8423,28,1748,3108,1645,3131,2206
8.8626,28,1748,3108,1645,3131,2221
8.8826,28,1748,3108,1645,3131,2236
8.9031,28,1748,3108,1645,3131,2253
8.9236,28,1748,3108,1645,3131,2268
8.9438,28,1748,3108,1645,3131,2284
8.9643,29,1748,3108,1645,3131,2300
8.9844,29,1748,3108,1645,3132,2319
9.0056,29,1748,3108,1645,3133,2340
9.0258,29,1748,3108,1645,3133,2360
9.0461,29,1748,3108,1645,3133,2378
9.0665,29,1748,3108,1645,3133,2397
9.0866,29,1748,3108,1645,3133,2416
9.1070,29,1748,3108,1645,3133,2434
9.1270,29,1748,3108,1645,3133,2450
9.1472,29,1748,3108,1645,3133,2466
9.1676,29,1748,3108,1645,3133,2481
9.1881,29,1748,3108,1645,3133,2500
9.2085,29,1748,3108,1645,3133,2521
9.2288,29,1748,3108,1645,3133,2541
9.2493,29,1748,3108,1645,3133,2564
9.2697,29,1748,3108,1645,3134,2586
9.2902,29,1748,3108,1645,3135,2614
9.3103,29,1748,3108,1645,3136,2643
9.3304,29,1748,3108,1645,3136,2675
9.3509,29,1748,3108,1645,3136,2700
9.3716,29,1748,3108,1645,3136,2724
9.3916,29,1748,3108,1645,3136,2746
9.4121,29,1748,3108,1645,3136,2769
9.4327,29,1748,3108,1645,3136,2793
9.4528,29,1748,3108,1645,3136,2815
9.4732,29,1748,3108,1645,3135,2835
9.4937,29,1748,3108,1645,3134,2856
9.5141,29,1748,3108,1645,3134,2877
9.5346,29,1748,3108,1645,3135,2897
9.5548,29,1748,3108,1645,3135,2908
9.5756,29,1748,3108,1645,3135,2918
9.5961,29,1748,3108,1645,3135,2929
9.6168,29,1748,3108,1645,3135,2938
9.6369,29,1748,3108,1645,3135,2951
9.6570,29,1748,3108,1645,3135,2963
9.6774,29,1748,3108,1645,3135,2977
9.6976,29,1748,3108,1645,3135,2987
9.7180,29,1748,3108,1645,3135,2988
9.7385,29,1748,3108,1645,3136,2990
9.7588,29,1748,3108,1645,3136,2992
9.7794,29,1748,3108,1645,3136,2994
9.7997,29,1748,3108,1645,3136,2994
9.8199,29,1748,3108,1645,3135,2995
9.8401,29,1748,3108,1645,3135,2995
9.8608,29,1748,3108,1645,3136,2995
9.8809,29,1748,3108,1645,3136,2995
9.9012,29,1748,3108,1645,3136,2995
9.9219,29,1748,3108,1645,3136,2995
9.9423,29,1748,3108,1645,3136,2990
9.9626,29,1748,3108,1645,3135,2989
9.9828,29,1748,3108,1645,3135,2989
10.0033,29,1748,3108,1645,3135,2981
10.0236,29,1748,3108,1645,3135,2972
10.0439,29,1748,3108,1645,3135,2977
10.0643,29,1748,3108,1645,3135,2988
10.0847,29,1748,3108,1645,3135,2988
10.1049,29,1748,3108,1645,3136,2988
10.1250,29,1748,3108,1645,3136,2988
10.1450,29,1748,3108,1645,3137,2988
10.1651,29,1748,3108,1645,3137,2988
10.1855,29,1748,3108,1645,3137,2988
10.2060,29,1748,3108,1645,3137,2988
10.2261,29,1748,3108,1645,3137,2988
10.2465,29,1748,3108,1645,3137,2988
10.2673,29,1748,3108,1645,3137,2988
10.2874,29,1748,3108,1645,3137,2988
10.3076,29,1748,3108,1645,3137,2988
10.3282,29,1748,3108,1645,3137,2988
10.3487,29,1748,3108,1645,3137,2988
10.3689,29,1748,3108,1645,3137,2988
10.3891,29,1748,3108,1645,3137,2988
10.4095,29,1748,3108,1645,3137,2988
10.4300,29,1748,3108,1645,3137,2988
10.4504,29,1748,3108,1645,3136,2988
10.4705,29,1748,3108,1645,3136,2988
10.4906,29,1748,3108,1645,3136,2988
10.5106,29,1748,3108,1645,3136,2988
10.5308,29,1748,3108,1645,3136,2988
10.5512,31,1748,3108,1645,3135,2988
10.5714,36,1748,3108,1645,3131,2988
10.5915,41,1748,3108,1645,3128,2988
10.6117,45,1748,3108,1645,3124,2988
10.6320,48,1748,3108,1645,3121,2988
10.6526,51,1748,3108,1645,3119,2988
10.6728,52,1748,3108,1645,3117,2988
10.6929,56,1748,3108,1645,3114,2988
10.7134,61,1748,3108,1645,3110,2988
10.7342,68,1748,3108,1645,3104,2988
10.7543,76,1749,3108,1645,3098,2988
10.7747,84,1749,3108,1645,3092,2988
10.7948,90,1749,3108,1645,3088,2988
10.8153,97,1749,3108,1645,3084,2988
10.8357,101,1749,3108,1645,3082,2988
10.8561,105,1749,3108,1645,3080,2988
10.8768,109,1749,3108,1645,3077,2988
10.8975,114,1749,3108,1645,3074,2988
10.9178,118,1750,3108,1645,3073,2988
10.9379,122,1750,3108,1645,3072,2988
10.9582,123,1752,3108,1645,3072,2988
10.9785,124,1754,3108,1645,3070,2988
10.9986,124,1758,3108,1645,3067,2988
11.0188,124,1762,3108,1645,3065,2988
11.0389,124,1765,3108,1645,3063,2988
11.0591,124,1769,3108,1645,3061,2988
11.0794,124,1773,3108,1645,3060,2988
11.0998,123,1777,3108,1645,3059,2988
11.1203,122,1780,3108,1645,3059,2988
11.1404,121,1783,3108,1645,3059,2988
11.1611,121,1786,3108,1645,3059,2988
11.1812,121,1789,3108,1645,3058,2988
11.2022,122,1793,3108,1645,3058,2988
11.2227,122,1797,3108,1645,3057,2988
11.2428,123,1801,3107,1645,3056,2988
11.2630,124,1805,3107,1645,3055,2988
11.2833,125,1809,3107,1645,3053,2988
11.3036,126,1814,3107,1645,3052,2988
11.3241,128,1818,3107,1645,3051,2988
11.3445,129,1822,3107,1645,3049,2988
11.3647,132,1827,3107,1645,3048,2988
11.3849,134,1831,3107,1645,3047,2988
11.4053,135,1835,3107,1645,3047,2988
11.4255,137,1839,3107,1645,3045,2988
11.4458,138,1844,3107,1645,3043,2988
11.4663,140,1849,3107,1645,3042,2988
11.4864,141,1852,3107,1645,3041,2988
11.5069,143,1858,3107,1645,3039,2988
11.5272,144,1863,3105,1645,3037,2988
11.5473,145,1868,3104,1645,3036,2988
11.5676,146,1873,3103,1645,3036,2988
11.5881,146,1878,3101,1645,3036,2988
11.6085,146,1882,3099,1645,3036,2988
11.6286,147,1887,3096,1645,3037,2988
11.6496,147,1893,3094,1645,3038,2988
11.6698,147,1898,3091,1645,3038,2988
11.6902,146,1903,3089,1645,3038,2988
11.7106,146,1909,3088,1645,3037,2988
11.7312,146,1916,3084,1645,3036,2988
11.7517,146,1922,3081,1645,3035,2988
11.7721,146,1930,3079,1645,3032,2988
11.7926,146,1938,3077,1645,3030,2988
11.8127,147,1946,3074,1645,3027,2988
11.8329,148,1955,3070,1645,3025,2988
11.8532,149,1964,3067,1645,3024,2988
11.8733,149,1973,3063,1645,3023,2988
11.8934,149,1982,3060,1645,3023,2988
11.9134,150,1991,3056,1645,3021,2988
11.9338,150,2003,3052,1645,3019,2988
11.9540,150,2013,3048,1645,3017,2988
11.9741,150,2023,3043,1645,3017,2988
11.9942,150,2034,3038,1645,3017,2988
12.0144,151,2045,3033,1645,3017,2988
12.0347,151,2054,3029,1645,3017,2988
12.0550,152,2064,3024,1645,3019,2988
12.0755,152,2073,3019,1645,3020,2988
12.0959,153,2082,3015,1645,3020,2988
12.1161,154,2090,3010,1645,3021,2988
12.1367,154,2098,3005,1645,3022,2988
12.1571,154,2105,3001,1645,3023,2988
12.1776,154,2113,2997,1645,3023,2988
12.1977,154,2122,2992,1645,3022,2988
12.2181,154,2129,2987,1645,3021,2988
12.2385,153,2137,2982,1645,3021,2988
12.2587,153,2144,2977,1645,3021,2988
12.2789,152,2150,2972,1645,3021,2988
12.2993,151,2157,2968,1645,3020,2988
12.3199,150,2163,2964,1645,3020,2988
12.3402,150,2168,2961,1645,3020,2988
12.3602,149,2174,2958,1645,3019,2988
12.3806,149,2178,2956,1645,3018,2988
12.4011,148,2183,2953,1645,3018,2988
12.4214,148,2187,2952,1645,3018,2988
12.4418,148,2191,2950,1645,3017,2988
12.4621,148,2196,2947,1645,3017,2988
12.4823,148,2200,2945,1645,3017,2988
12.5027,148,2205,2943,1645,3016,2988
12.5228,147,2210,2939,1645,3016,2988
12.5428,147,2216,2936,1645,3016,2988
12.5633,146,2223,2931,1645,3014,2988
12.5838,146,2230,2926,1645,3014,2988
12.6044,146,2238,2920,1645,3013,2988
12.6247,146,2246,2913,1645,3013,2988
12.6450,146,2255,2905,1645,3013,2988
12.6655,146,2266,2897,1645,3013,2988
12.6861,146,2275,2888,1645,3011,2988
12.7065,145,2285,2879,1645,3010,2988
12.7268,145,2295,2870,1645,3010,2988
12.7469,145,2304,2862,1645,3009,2988
12.7670,145,2314,2855,1645,3009,2988
12.7876,145,2323,2847,1645,3009,2988
12.8081,146,2332,2840,1645,3008,2988
12.8281,146,2341,2832,1645,3008,2988
12.8485,146,2349,2826,1645,3008,2988
12.8686,145,2358,2819,1645,3008,2988
12.8887,145,2366,2813,1645,3008,2988
12.9090,144,2374,2807,1645,3007,2988
12.9292,143,2381,2801,1645,3006,2988
12.9493,142,2389,2796,1645,3006,2988
12.9695,141,2396,2791,1645,3006,2988
12.9896,139,2402,2787,1645,3006,2988
13.0100,137,2409,2782,1645,3006,2988
13.0300,136,2415,2778,1645,3006,2988
13.0504,133,2421,2774,1645,3006,2988
13.0710,131,2427,2771,1645,3006,2988
13.0914,129,2432,2768,1645,3006,2988
13.1118,126,2438,2766,1645,3006,2988
13.1318,124,2443,2763,1645,3006,2988
13.1525,121,2449,2761,1645,3007,2988
13.1727,119,2454,2759,1645,3007,2988
13.1930,115,2460,2757,1645,3007,2988
13.2132,113,2466,2755,1645,3007,2988
13.2341,110,2472,2752,1645,3007,2988
13.2543,108,2478,2749,1645,3007,2988
13.2761,105,2485,2746,1645,3007,2988
13.2965,103,2491,2743,1645,3005,2988
13.3167,101,2496,2740,1645,3003,2988
13.3369,99,2503,2735,1645,2999,2988
13.3570,97,2509,2730,1645,2995,2988
13.3770,95,2516,2725,1645,2991,2988
13.3971,94,2522,2720,1645,2986,2988
13.4179,93,2529,2714,1645,2982,2988
13.4383,92,2535,2709,1645,2978,2988
13.4586,91,2542,2703,1645,2974,2988
13.4787,90,2547,2698,1645,2972,2988
13.4988,89,2553,2694,1645,2969,2988
13.5188,88,2559,2690,1645,2967,2988
13.5392,88,2564,2686,1645,2965,2988
13.5594,88,2568,2684,1645,2963,2988
13.5797,87,2572,2682,1645,2963,2988
13.6002,87,2576,2680,1645,2962,2988
13.6211,87,2578,2679,1645,2962,2988
13.6414,87,2581,2678,1645,2962,2988
13.6618,87,2583,2678,1645,2962,2988
13.6822,87,2584,2678,1646,2962,2988
13.7027,87,2586,2678,1646,2961,2988
13.7230,87,2587,2678,1646,2963,2988
13.7432,86,2588,2678,1646,2966,2988
13.7637,86,2589,2678,1646,2969,2988
13.7841,86,2591,2678,1647,2972,2988
13.8046,85,2592,2678,1647,2976,2988
13.8255,84,2592,2678,1647,2979,2988
13.8460,83,2593,2678,1647,2982,2988
13.8665,82,2594,2678,1648,2983,2988
13.8867,79,2594,2678,1648,2985,2988
13.9071,77,2594,2678,1650,2988,2988
13.9272,75,2595,2678,1652,2992,2988
13.9480,73,2595,2679,1656,2996,2988
13.9684,71,2596,2680,1659,2997,2988
13.9890,68,2596,2681,1662,2990,2988
14.0091,65,2596,2682,1665,2982,2988
14.0293,62,2596,2683,1668,2974,2988
14.0497,59,2596,2683,1672,2968,2988
14.0702,57,2596,2684,1675,2961,2988
14.0908,54,2596,2684,1679,2956,2988
14.1108,52,2596,2685,1682,2951,2988
14.1309,51,2596,2685,1684,2947,2988
14.1513,49,2597,2686,1685,2943,2988
14.1721,47,2597,2687,1686,2941,2988
14.1924,45,2598,2689,1688,2941,2988
14.2128,43,2598,2691,1688,2944,2988
14.2332,42,2599,2693,1688,2948,2988
14.2533,41,2599,2696,1689,2952,2988
14.2736,41,2600,2699,1689,2958,2988
14.2939,41,2601,2702,1689,2964,2988
14.3143,41,2602,2704,1689,2970,2988
14.3350,43,2602,2706,1689,2977,2988
14.3555,44,2604,2707,1689,2984,2988
14.3757,44,2605,2708,1689,2991,2988
14.3961,45,2606,2708,1689,2997,2988
14.4166,45,2607,2708,1689,3005,2988
14.4372,46,2609,2707,1689,3014,2988
14.4574,46,2611,2706,1689,3021,2988
14.4781,47,2613,2705,1689,3025,2988
14.4983,47,2617,2703,1689,3027,2988
14.5184,47,2619,2701,1689,3030,2988
14.5387,47,2623,2697,1689,3034,2988
14.5591,47,2627,2693,1689,3037,2988
14.5792,47,2631,2688,1689,3038,2988
14.5998,47,2636,2682,1689,3038,2988
14.6205,47,2641,2676,1689,3038,2988
14.6409,48,2646,2671,1689,3037,2988
14.6611,48,2650,2665,1689,3033,2988
14.6813,48,2655,2659,1689,3030,2988
14.7016,47,2659,2655,1689,3027,2988
14.7222,47,2664,2649,1690,3023,2988
14.7425,47,2667,2644,1690,3019,2988
14.7625,47,2670,2641,1690,3018,2988
14.7829,47,2674,2638,1690,3019,2988
14.8036,47,2676,2635,1690,3017,2988
14.8240,47,2679,2633,1690,3015,2988
14.8448,47,2681,2631,1690,3011,2988
14.8653,47,2683,2630,1690,3006,2988
14.8855,45,2684,2627,1690,2998,2988
14.9055,43,2686,2625,1690,2990,2988
14.9258,41,2688,2622,1692,2983,2988
14.9463,38,2690,2620,1692,2982,2988
14.9664,37,2692,2618,1692,2987,2988
14.9872,36,2696,2617,1692,2988,2988
15.0077,36,2698,2616,1692,2983,2988
15.0282,35,2700,2615,1692,2982,2988
15.0484,35,2701,2615,1692,2983,2988
15.0684,35,2701,2613,1692,2987,2988
15.0888,35,2701,2612,1692,2991,2988
15.1091,35,2701,2608,1692,2994,2988
15.1294,36,2701,2604,1692,2996,2988
15.1504,36,2701,2601,1692,3000,2988
15.1706,36,2701,2598,1692,3002,2988
15.1907,36,2704,2594,1692,3002,2988
15.2111,36,2707,2590,1690,3003,2988
15.2316,36,2711,2586,1686,3004,2988
15.2521,36,2715,2583,1685,3004,2988
15.2723,36,2719,2579,1685,3003,2988
15.2928,36,2724,2574,1685,3002,2988
15.3132,35,2727,2570,1684,3000,2988
15.3333,35,2732,2566,1684,2998,2988
15.3535,34,2737,2562,1682,2996,2988
15.3737,34,2740,2558,1682,2995,2988
15.3942,33,2744,2554,1682,2995,2988
15.4146,33,2747,2550,1682,2995,2988
15.4347,32,2750,2546,1682,2995,2988
15.4550,30,2754,2542,1682,2995,2988
15.4753,29,2757,2538,1682,2996,2988
15.4956,28,2759,2536,1689,2996,2988
15.5161,28,2755,2540,1702,2996,2988
15.5365,29,2751,2540,1706,2997,2988
15.5569,31,2749,2541,1706,2998,2988
15.5773,34,2748,2542,1706,2998,2988
15.5978,36,2747,2544,1706,2998,2988
15.6181,39,2745,2546,1706,2996,2988
15.6388,42,2744,2549,1706,2995,2988
15.6592,45,2742,2551,1705,2993,2988
15.6796,49,2742,2552,1705,2990,2988
15.7001,51,2741,2555,1705,2989,2988
15.7202,52,2741,2558,1704,2988,2988
15.7406,53,2743,2560,1699,2987,2988
15.7611,53,2748,2562,1694,2984,2988
15.7813,51,2756,2561,1689,2982,2988
15.8016,45,2766,2559,1685,2982,2988
15.8221,41,2775,2553,1685,2981,2988
15.8442,39,2782,2547,1685,2981,2988
15.8642,37,2787,2545,1688,2981,2988
15.8846,33,2791,2544,1688,2982,2988
15.9049,31,2796,2543,1687,2983,2988
15.9249,29,2802,2539,1685,2984,2988
15.9452,28,2808,2532,1684,2984,2988
15.9655,28,2814,2525,1684,2984,2988
15.9857,26,2821,2517,1685,2984,2988
16.0061,25,2826,2512,1689,2984,2988
16.0265,24,2828,2510,1693,2984,2988
16.0466,23,2830,2508,1695,2984,2988
16.0667,23,2832,2507,1695,2985,2988
16.0870,23,2833,2504,1699,2985,2988
16.1071,25,2834,2503,1702,2985,2988
16.1276,27,2834,2501,1706,2985,2988
16.1480,29,2835,2499,1709,2984,2988
16.1685,31,2837,2495,1712,2983,2988
16.1890,33,2840,2490,1716,2982,2988
16.2092,34,2844,2483,1718,2981,2988
16.2295,35,2851,2472,1720,2980,2988
16.2506,35,2858,2463,1723,2979,2988
16.2707,35,2863,2456,1726,2979,2988
16.2912,36,2867,2450,1729,2978,2988
16.3115,36,2872,2444,1730,2978,2988
16.3318,36,2877,2439,1733,2978,2988
16.3522,36,2882,2433,1736,2978,2988
16.3723,36,2886,2427,1737,2978,2988
16.3926,36,2890,2422,1742,2978,2988
16.4127,36,2893,2418,1747,2978,2988
16.4332,36,2895,2416,1753,2978,2988
16.4534,36,2897,2413,1757,2978,2988
16.4739,36,2900,2410,1762,2976,2989
16.4944,36,2902,2408,1766,2975,2991
16.5149,36,2904,2406,1771,2974,2992
16.5355,36,2906,2404,1775,2973,2992
16.5561,37,2907,2404,1779,2970,2992
16.5762,37,2908,2403,1785,2966,2994
16.5967,38,2909,2403,1790,2963,2995
16.6171,38,2910,2402,1793,2961,2995
16.6375,39,2912,2400,1796,2960,2995
16.6579,39,2914,2399,1800,2958,2995
16.6784,39,2916,2398,1804,2953,2995
16.6985,39,2917,2398,1810,2948,2995
16.7190,39,2917,2399,1817,2945,2995
16.7391,39,2917,2399,1822,2940,2995
16.7597,39,2920,2398,1827,2935,2995
16.7800,39,2923,2395,1831,2931,2995
16.8007,40,2926,2391,1834,2929,2996
16.8211,41,2930,2388,1837,2927,2999
16.8415,41,2935,2383,1839,2925,2999
16.8620,41,2940,2378,1839,2923,2999
16.8825,42,2947,2372,1839,2920,2999
16.9028,42,2953,2366,1840,2917,2999
16.9232,42,2959,2362,1843,2915,2999
16.9436,42,2962,2359,1849,2915,2999
16.9644,42,2966,2354,1853,2915,2999
16.9849,43,2970,2347,1857,2915,2999
17.0054,43,2973,2341,1863,2915,2999
17.0259,43,2976,2333,1868,2915,2999
17.0467,44,2981,2326,1871,2916,2999
17.0672,44,2985,2320,1876,2917,2995
17.0876,43,2989,2312,1881,2918,2988
17.1077,43,2994,2307,1887,2918,2982
17.1279,42,2997,2302,1892,2918,2974
17.1485,42,3002,2297,1897,2918,2973
17.1688,42,3006,2292,1902,2919,2981
17.1890,43,3010,2287,1907,2920,2982
17.2095,43,3014,2283,1911,2920,2968
17.2296,44,3017,2278,1916,2921,2911
17.2503,45,3021,2272,1922,2921,2844
17.2704,46,3024,2267,1928,2923,2786
17.2908,47,3026,2261,1934,2925,2728
17.3112,49,3028,2256,1940,2927,2694
17.3316,51,3029,2251,1948,2929,2693
17.3522,53,3030,2246,1955,2930,2700
17.3724,54,3032,2240,1962,2931,2704
17.3929,56,3034,2234,1967,2931,2707
17.4134,57,3036,2229,1972,2931,2711
17.4338,58,3038,2225,1978,2931,2720
17.4544,59,3040,2220,1982,2931,2723
17.4749,60,3041,2217,1987,2931,2725
17.4955,61,3043,2214,1990,2929,2730
17.5157,62,3045,2210,1992,2927,2739
17.5362,62,3048,2206,1994,2926,2746
17.5566,63,3050,2204,1997,2926,2748
17.5771,64,3051,2201,1998,2925,2756
17.5974,64,3054,2198,1999,2925,2771
17.6174,65,3055,2196,1999,2925,2790
17.6379,65,3057,2193,1999,2924,2817
17.6583,65,3059,2191,1999,2922,2845
17.6785,65,3060,2189,2000,2921,2877
17.6988,65,3062,2186,2001,2919,2911
17.7188,65,3064,2183,2003,2918,2935
17.7390,65,3065,2180,2006,2918,2955
17.7592,65,3066,2176,2008,2917,2974
17.7792,65,3067,2173,2010,2916,2990
17.7996,65,3068,2169,2012,2915,2994
17.8203,65,3069,2168,2014,2914,2994
17.8407,65,3069,2166,2016,2914,2994
17.8610,65,3069,2164,2019,2914,2995
17.8817,65,3069,2162,2021,2914,2996
17.9030,66,3070,2160,2023,2914,2998
17.9236,66,3071,2158,2025,2914,3000
17.9437,66,3071,2157,2027,2914,3000
17.9642,66,3071,2156,2031,2914,3000
17.9847,67,3071,2156,2033,2914,3000
18.0050,67,3070,2155,2037,2914,3000
18.0254,67,3069,2154,2041,2914,3000
18.0456,67,3068,2154,2045,2914,3000
18.0662,67,3067,2154,2050,2914,3000
18.0868,67,3066,2154,2055,2914,3000
18.1070,67,3064,2154,2060,2915,3000
18.1272,67,3062,2156,2066,2915,3000
18.1473,67,3060,2158,2072,2915,3000
18.1674,68,3058,2160,2078,2915,3000
18.1880,69,3057,2161,2084,2915,3000
18.2083,70,3056,2162,2092,2914,3000
18.2284,71,3053,2164,2100,2914,3000
18.2496,71,3052,2165,2107,2913,3000
18.2700,72,3052,2165,2112,2913,3000
18.2905,72,3051,2165,2119,2913,3000
18.3112,73,3050,2165,2128,2913,3000
18.3316,74,3047,2167,2137,2913,3000
18.3518,74,3044,2170,2148,2913,2999
18.3719,75,3040,2173,2158,2910,2998
18.3924,76,3038,2175,2168,2905,2998
18.4128,77,3035,2177,2177,2901,2995
18.4328,77,3032,2180,2187,2897,2992
18.4530,78,3029,2183,2197,2895,2992
18.4733,78,3026,2186,2209,2893,2993
18.4937,79,3023,2188,2220,2890,2993
18.5138,79,3021,2189,2230,2888,2993
18.5343,79,3019,2190,2239,2886,2992
18.5547,79,3018,2190,2248,2885,2992
18.5752,79,3017,2190,2255,2884,2992
18.5955,79,3017,2190,2259,2884,2991
18.6159,80,3017,2190,2263,2883,2991
18.6362,80,3017,2190,2267,2882,2991
18.6567,80,3017,2190,2270,2881,2991
18.6774,80,3017,2190,2275,2879,2991
18.6976,80,3017,2190,2282,2877,2991
18.7176,80,3017,2191,2289,2876,2991
18.7381,80,3016,2193,2295,2875,2989
18.7587,80,3016,2195,2299,2875,2988
18.7787,80,3015,2197,2304,2875,2987
18.7988,80,3015,2200,2309,2875,2986
18.8200,80,3014,2202,2316,2875,2986
18.8405,80,3013,2204,2321,2875,2984
18.8610,80,3013,2206,2324,2875,2982
18.8815,80,3013,2209,2327,2875,2980
18.9016,80,3012,2211,2331,2875,2978
18.9225,80,3010,2214,2336,2875,2976
18.9427,80,3009,2217,2344,2875,2973
18.9632,81,3007,2220,2352,2875,2971
18.9836,81,3004,2222,2359,2875,2969
19.0036,81,3003,2223,2363,2874,2968
19.0240,82,3002,2224,2368,2872,2967
19.0444,83,3001,2225,2373,2871,2966
19.0646,84,3000,2227,2381,2870,2965
19.0847,85,2997,2229,2387,2869,2965
19.1049,86,2996,2231,2391,2867,2964
19.1255,86,2994,2232,2395,2866,2962
19.1458,87,2993,2234,2398,2865,2961
19.1666,88,2991,2235,2402,2865,2957
19.1874,89,2989,2238,2408,2865,2952
19.2078,89,2985,2239,2414,2865,2947
19.2280,90,2982,2241,2420,2865,2944
19.2484,91,2980,2243,2424,2865,2941
19.2686,91,2978,2244,2427,2864,2938
19.2890,92,2976,2246,2429,2864,2931
19.3092,93,2975,2248,2432,2864,2926
19.3296,93,2973,2250,2434,2864,2919
19.3499,94,2971,2252,2435,2864,2913
19.3702,95,2970,2253,2436,2864,2908
19.3907,95,2970,2255,2436,2864,2905
19.4110,96,2969,2256,2436,2864,2897
19.4314,96,2968,2258,2436,2862,2890
19.4518,97,2968,2260,2436,2861,2882
19.4720,97,2967,2262,2436,2860,2877
19.4925,98,2966,2263,2436,2859,2874
19.5129,98,2966,2265,2436,2857,2872
19.5333,98,2966,2265,2436,2855,2869
19.5535,99,2965,2266,2436,2853,2866
19.5736,99,2965,2267,2436,2850,2863
19.5937,99,2964,2268,2436,2847,2861
19.6141,99,2964,2269,2436,2844,2857
19.6350,99,2963,2270,2436,2840,2855
19.6553,99,2962,2270,2436,2837,2853
19.6754,99,2962,2271,2436,2835,2850
19.6957,99,2961,2271,2436,2833,2848
19.7160,99,2961,2271,2436,2832,2846
19.7362,99,2961,2271,2437,2833,2844
19.7564,98,2961,2271,2437,2835,2842
19.7767,98,2960,2271,2437,2840,2840
19.7970,98,2960,2271,2437,2847,2835
19.8173,98,2960,2271,2438,2855,2833
19.8377,98,2960,2271,2439,2867,2832
19.8579,97,2960,2271,2441,2884,2831
19.8784,97,2960,2271,2442,2901,2828
19.8989,96,2959,2271,2444,2912,2824
19.9190,95,2958,2271,2448,2927,2821
19.9391,95,2958,2271,2450,2937,2819
19.9596,94,2957,2271,2452,2950,2818
19.9800,94,2957,2271,2453,2963,2816
20.0003,94,2957,2273,2454,2973,2814
20.0206,93,2957,2274,2455,2982,2812
20.0411,93,2957,2274,2457,2994,2812
20.0615,92,2957,2275,2458,3002,2812
20.0815,92,2957,2276,2460,3010,2812
20.1022,91,2958,2277,2461,3018,2813
20.1227,91,2959,2278,2461,3025,2813
20.1428,90,2960,2279,2461,3035,2814
20.1633,90,2960,2280,2461,3043,2814
20.1834,89,2961,2281,2462,3051,2813
20.2039,88,2961,2283,2463,3062,2812
20.2244,87,2961,2286,2463,3071,2812
20.2444,86,2961,2288,2464,3075,2811
20.2645,85,2961,2290,2466,3078,2811
20.2848,83,2961,2293,2466,3081,2812
20.3053,82,2961,2296,2466,3083,2812
20.3256,81,2961,2299,2466,3085,2811
20.3460,80,2960,2303,2466,3086,2810
20.3664,79,2960,2306,2466,3087,2809
20.3868,78,2960,2309,2466,3087,2810
20.4069,77,2960,2312,2466,3087,2810
20.4273,76,2959,2316,2466,3088,2811
20.4477,75,2959,2320,2466,3090,2811
20.4682,74,2958,2323,2466,3091,2808
20.4887,73,2958,2327,2466,3092,2803
20.5092,72,2957,2331,2466,3092,2795
20.5297,72,2957,2335,2466,3092,2789
20.5498,71,2957,2338,2466,3092,2786
20.5704,70,2957,2341,2467,3092,2786
20.5906,69,2957,2344,2468,3092,2786
20.6111,69,2958,2347,2470,3092,2787
20.6315,69,2958,2350,2472,3092,2787
20.6522,69,2958,2352,2473,3092,2787
20.6723,69,2958,2353,2476,3092,2790
20.6926,69,2958,2355,2478,3092,2795
20.7139,69,2958,2356,2480,3092,2799
20.7343,69,2958,2358,2483,3092,2805
20.7544,70,2958,2359,2487,3092,2809
20.7752,70,2956,2360,2493,3092,2811
20.7956,70,2955,2360,2499,3092,2812
20.8161,70,2954,2360,2506,3092,2814
20.8363,70,2952,2360,2514,3092,2814
20.8570,70,2950,2360,2524,3092,2814
20.8775,70,2947,2359,2534,3093,2814
20.8976,70,2945,2358,2544,3095,2814
20.9179,70,2943,2357,2554,3098,2811
20.9384,70,2941,2355,2564,3099,2806
20.9586,69,2939,2353,2580,3101,2800
20.9787,69,2936,2349,2597,3103,2794
20.9991,68,2933,2345,2615,3106,2787
21.0195,67,2931,2341,2630,3107,2780
21.0398,66,2931,2336,2641,3107,2775
21.0604,65,2931,2331,2652,3107,2774
21.0805,64,2931,2326,2665,3107,2774
21.1013,63,2931,2322,2676,3107,2774
21.1218,62,2931,2318,2688,3105,2774
21.1421,62,2931,2314,2697,3104,2774
21.1623,61,2932,2310,2706,3101,2773
21.1826,60,2934,2305,2714,3098,2772
21.2030,59,2935,2301,2723,3095,2770
21.2237,58,2936,2296,2734,3094,2769
21.2440,58,2936,2292,2746,3093,2769
21.2645,58,2937,2287,2758,3092,2769
21.2846,57,2938,2282,2767,3091,2769
21.3052,57,2940,2276,2778,3091,2768
21.3255,57,2941,2271,2788,3091,2765
21.3459,57,2942,2265,2800,3091,2763
21.3664,57,2944,2259,2811,3091,2763
21.3867,57,2945,2253,2820,3091,2762
21.4075,57,2947,2247,2829,3091,2760
21.4279,57,2949,2241,2839,3090,2756
21.4481,57,2950,2233,2853,3090,2752
21.4685,57,2951,2225,2869,3090,2750
21.4890,58,2953,2216,2882,3090,2749
21.5094,58,2955,2207,2895,3090,2749
21.5296,59,2958,2199,2905,3090,2748
21.5499,60,2961,2190,2915,3090,2746
21.5705,61,2964,2181,2927,3091,2743
21.5910,62,2966,2170,2940,3092,2741
21.6112,63,2969,2159,2957,3093,2740
21.6317,64,2973,2147,2975,3094,2740
21.6519,65,2976,2133,2994,3095,2741
21.6727,67,2979,2121,3009,3096,2742
21.6931,68,2983,2107,3026,3097,2742
21.7134,69,2987,2095,3039,3098,2742
21.7339,70,2990,2083,3054,3099,2743
21.7539,70,2994,2072,3066,3100,2744
21.7744,71,2997,2062,3079,3101,2745
21.7946,72,2999,2053,3090,3102,2745
21.8150,73,3002,2044,3101,3103,2744
21.8352,73,3004,2034,3113,3103,2744
21.8557,74,3007,2026,3126,3104,2745
21.8761,74,3009,2018,3137,3104,2747
21.8966,75,3010,2011,3147,3106,2748
21.9169,76,3011,2005,3157,3107,2749
21.9374,76,3012,1999,3168,3107,2750
21.9576,77,3013,1993,3180,3107,2751
21.9777,78,3015,1985,3195,3107,2753
21.9985,78,3017,1977,3210,3107,2753
22.0194,79,3018,1972,3223,3108,2753
22.0401,80,3019,1966,3234,3109,2751
22.0603,81,3020,1962,3244,3109,2751
22.0807,82,3021,1959,3254,3109,2751
22.1013,83,3021,1956,3264,3109,2750
22.1216,83,3021,1953,3273,3109,2749
22.1423,84,3021,1950,3281,3109,2747
22.1626,84,3021,1947,3292,3109,2746
22.1831,84,3021,1944,3302,3109,2745
22.2032,84,3021,1941,3311,3109,2744
22.2233,84,3021,1938,3320,3110,2743
22.2439,84,3021,1935,3331,3111,2742
22.2643,84,3021,1931,3342,3112,2741
22.2849,84,3021,1927,3355,3112,2740
22.3053,84,3021,1922,3368,3113,2739
22.3255,84,3022,1917,3379,3113,2738
22.3457,84,3022,1912,3390,3113,2738
22.3662,84,3022,1908,3400,3113,2737
22.3862,84,3023,1903,3411,3114,2736
22.4070,84,3024,1896,3424,3115,2736
22.4273,84,3026,1888,3437,3116,2736
22.4476,84,3029,1878,3451,3117,2736
22.4680,84,3031,1869,3465,3117,2737
22.4881,84,3035,1858,3480,3117,2738
22.5086,85,3038,1846,3495,3118,2738
22.5290,86,3042,1836,3508,3119,2737
22.5496,86,3045,1826,3522,3121,2736
22.5701,86,3049,1816,3535,3122,2736
22.5908,86,3052,1806,3547,3124,2735
22.6111,87,3054,1798,3558,3127,2734
22.6312,87,3057,1791,3567,3129,2734
22.6517,87,3059,1785,3575,3130,2733
22.6718,87,3060,1781,3580,3131,2732
22.6922,87,3061,1777,3587,3132,2731
22.7126,88,3062,1774,3593,3132,2730
22.7329,88,3063,1771,3599,3133,2729
22.7534,88,3064,1766,3606,3134,2728
22.7735,89,3065,1762,3614,3135,2726
22.7938,89,3066,1756,3623,3136,2726
22.8139,90,3069,1750,3632,3138,2726
22.8341,90,3071,1744,3643,3140,2727
22.8546,91,3073,1739,3652,3142,2730
22.8751,91,3075,1734,3661,3145,2730
22.8953,92,3077,1729,3672,3148,2731
22.9160,92,3079,1723,3681,3149,2731
22.9364,92,3081,1718,3689,3150,2731
22.9570,92,3082,1713,3696,3151,2731
22.9774,92,3083,1709,3702,3151,2731
22.9979,92,3085,1705,3710,3151,2731
23.0183,92,3087,1702,3716,3152,2731
23.0385,92,3088,1701,3721,3152,2732
23.0592,92,3088,1700,3723,3152,2733
23.0797,91,3088,1701,3725,3152,2734
23.1002,90,3089,1702,3727,3152,2734
23.1208,89,3089,1702,3730,3151,2735
23.1413,88,3090,1703,3732,3147,2737
23.1613,87,3090,1706,3734,3144,2738
23.1818,86,3090,1708,3735,3140,2740
23.2024,84,3090,1712,3735,3137,2741
23.2229,81,3090,1717,3735,3133,2742
23.2431,79,3090,1721,3735,3130,2742
23.2633,77,3090,1725,3735,3126,2742
23.2840,74,3090,1730,3735,3122,2741
23.3045,71,3090,1735,3732,3116,2741
23.3248,68,3090,1741,3727,3111,2740
23.3451,66,3088,1749,3721,3106,2740
23.3655,63,3086,1757,3715,3102,2740
23.3858,61,3084,1765,3709,3098,2741
23.4062,58,3083,1770,3706,3093,2741
23.4264,55,3082,1774,3703,3090,2741
23.4466,53,3081,1779,3700,3087,2741
23.4667,51,3080,1782,3695,3085,2741
23.4870,48,3079,1785,3692,3083,2740
23.5072,46,3078,1787,3690,3081,2739
23.5276,44,3078,1788,3687,3078,2739
23.5478,42,3078,1790,3684,3075,2739
23.5681,39,3078,1791,3681,3073,2739
23.5884,37,3078,1794,3677,3071,2739
23.6089,35,3078,1796,3674,3069,2739
23.6293,32,3078,1798,3670,3067,2739
23.6498,30,3078,1801,3665,3066,2740
23.6699,28,3078,1805,3660,3063,2742
23.6903,25,3078,1808,3656,3061,2744
23.7108,23,3078,1812,3651,3058,2745
23.7308,22,3078,1815,3647,3055,2745
23.7509,20,3079,1818,3644,3054,2745
23.7714,18,3080,1820,3641,3052,2747
23.7916,17,3081,1822,3639,3049,2748
23.8119,16,3082,1824,3636,3047,2748
23.8324,15,3084,1827,3632,3045,2749
23.8531,14,3085,1831,3627,3044,2751
23.8738,13,3086,1835,3623,3043,2753
23.8939,12,3087,1840,3618,3042,2754
23.9142,12,3088,1844,3615,3041,2756
23.9345,11,3089,1848,3611,3041,2758
23.9547,11,3090,1852,3607,3041,2759
23.9748,11,3091,1857,3602,3041,2760
23.9952,11,3092,1862,3598,3041,2762
24.0156,10,3093,1866,3594,3041,2763
24.0358,10,3093,1871,3590,3041,2765
24.0563,10,3094,1877,3585,3042,2765
24.0764,10,3094,1882,3581,3043,2760
24.0970,10,3095,1887,3577,3044,2754
24.1175,11,3096,1892,3573,3044,2747
24.1378,11,3096,1897,3568,3045,2740
24.1579,12,3097,1903,3563,3045,2734
24.1780,12,3097,1909,3558,3045,2728
24.1984,12,3098,1915,3552,3045,2723
24.2188,13,3098,1921,3546,3045,2718
24.2393,13,3099,1927,3540,3045,2713
24.2595,13,3100,1932,3535,3046,2710
24.2799,14,3101,1937,3531,3046,2708
24.3005,14,3103,1941,3527,3046,2705
24.3207,15,3104,1945,3523,3047,2703
24.3411,15,3105,1948,3518,3047,2700
24.3614,15,3106,1952,3515,3048,2699
24.3818,15,3106,1955,3511,3049,2697
24.4023,16,3106,1959,3508,3050,2696
24.4226,16,3107,1962,3505,3052,2694
24.4431,17,3108,1965,3504,3052,2693
24.4633,17,3108,1968,3501,3052,2692
24.4838,18,3109,1971,3497,3053,2691
24.5043,18,3109,1975,3493,3053,2691
24.5244,19,3110,1977,3490,3056,2691
24.5444,20,3111,1979,3488,3058,2691
24.5649,22,3112,1981,3486,3060,2691
24.5854,23,3114,1981,3484,3062,2692
24.6055,24,3116,1982,3482,3064,2691
24.6258,25,3118,1982,3481,3067,2691
24.6460,26,3120,1982,3481,3070,2691
24.6667,27,3122,1981,3481,3074,2692
24.6868,29,3125,1980,3481,3077,2692
24.7070,30,3127,1978,3481,3081,2692
24.7275,31,3130,1976,3481,3084,2691
24.7479,33,3133,1975,3481,3086,2691
24.7684,34,3135,1974,3481,3087,2690
24.7888,36,3137,1974,3481,3087,2690
24.8089,36,3139,1973,3481,3087,2690
24.8292,38,3141,1973,3480,3087,2689
24.8493,39,3142,1973,3479,3087,2689
24.8700,40,3144,1973,3478,3087,2689
24.8909,41,3146,1973,3477,3087,2689
24.9112,42,3147,1972,3476,3087,2689
24.9317,44,3149,1972,3475,3087,2689
24.9521,44,3151,1972,3474,3087,2689
24.9724,45,3152,1972,3473,3087,2689
24.9928,46,3154,1972,3472,3088,2689
25.0134,46,3156,1972,3472,3088,2689
25.0340,47,3158,1971,3470,3088,2689
25.0547,48,3160,1971,3469,3089,2689
25.0748,48,3162,1970,3468,3089,2689
25.0953,49,3164,1968,3468,3089,2689
25.1158,49,3166,1967,3467,3089,2689
25.1362,49,3168,1966,3467,3089,2689
25.1564,50,3171,1964,3467,3089,2689
25.1766,50,3173,1962,3467,3089,2689
25.1967,50,3175,1961,3466,3089,2689
25.2171,50,3178,1959,3466,3090,2690
25.2372,50,3180,1957,3466,3090,2690
25.2576,50,3182,1955,3466,3090,2690
25.2779,50,3185,1954,3465,3090,2690
25.2985,50,3187,1952,3465,3090,2691
25.3190,51,3190,1950,3465,3090,2691
25.3393,51,3192,1949,3465,3091,2691
25.3598,51,3195,1947,3465,3091,2692
25.3803,51,3197,1946,3464,3092,2692
25.4005,51,3199,1944,3464,3092,2692
25.4211,52,3201,1943,3463,3093,2692
25.4417,52,3203,1941,3463,3094,2693
25.4618,53,3206,1940,3463,3095,2694
25.4822,54,3207,1939,3463,3096,2694
25.5029,54,3209,1937,3462,3096,2694
25.5232,55,3211,1936,3462,3097,2694
25.5436,56,3212,1936,3462,3097,2694
25.5639,56,3213,1935,3462,3098,2694
25.5843,57,3214,1935,3462,3099,2694
25.6044,57,3215,1934,3461,3100,2694
25.6245,58,3216,1934,3461,3100,2694
25.6446,58,3217,1934,3460,3102,2694
25.6651,59,3217,1934,3460,3103,2694
25.6852,60,3218,1934,3460,3103,2694
25.7059,60,3219,1934,3459,3103,2693
25.7262,61,3219,1934,3459,3104,2693
25.7466,61,3220,1934,3459,3104,2692
25.7671,62,3220,1934,3458,3105,2692
25.7876,63,3221,1934,3458,3106,2692
25.8082,63,3221,1934,3458,3106,2692
25.8284,63,3221,1934,3458,3107,2692
25.8489,64,3222,1934,3458,3107,2692
25.8694,65,3222,1934,3458,3107,2692
25.8895,65,3222,1934,3458,3108,2692
25.9099,65,3222,1935,3458,3108,2692
25.9303,66,3222,1935,3458,3108,2692
25.9511,67,3222,1936,3458,3108,2692
25.9715,67,3222,1937,3458,3108,2692
25.9920,68,3222,1938,3458,3108,2693
26.0124,68,3222,1939,3458,3108,2694
26.0329,69,3222,1941,3458,3108,2694
26.0530,69,3222,1942,3458,3108,2694
26.0732,70,3222,1944,3458,3108,2694
26.0936,70,3222,1946,3458,3109,2694
26.1139,70,3222,1947,3458,3109,2694
26.1343,71,3222,1949,3457,3109,2694
26.1549,71,3222,1950,3457,3110,2694
26.1754,71,3222,1951,3457,3111,2694
26.1959,72,3222,1952,3457,3112,2694
26.2163,72,3222,1953,3457,3113,2694
26.2363,72,3223,1953,3456,3113,2694
26.2570,72,3224,1953,3456,3113,2694
26.2781,73,3224,1953,3456,3114,2694
26.2987,73,3225,1953,3456,3115,2694
26.3188,73,3226,1953,3456,3115,2694
26.3394,73,3227,1953,3455,3115,2694
26.3598,73,3227,1953,3455,3115,2694
26.3806,73,3228,1953,3455,3115,2694
26.4011,73,3229,1953,3455,3115,2694
26.4215,73,3229,1953,3455,3115,2694
26.4420,73,3230,1953,3455,3115,2694
26.4625,73,3231,1953,3455,3115,2694
26.4830,73,3232,1953,3455,3115,2694
26.5037,73,3232,1953,3455,3115,2694
26.5238,72,3233,1953,3455,3115,2694
26.5442,72,3234,1953,3455,3116,2695
26.5643,72,3234,1954,3455,3116,2695
26.5848,72,3235,1954,3455,3117,2695
26.6055,72,3236,1954,3455,3117,2695
26.6256,72,3237,1954,3455,3117,2695
26.6465,73,3238,1954,3454,3118,2695
26.6667,73,3239,1954,3454,3118,2695
26.6869,73,3239,1954,3453,3118,2695
26.7075,74,3240,1954,3453,3118,2695
26.7280,74,3241,1954,3453,3119,2695
26.7483,74,3242,1954,3453,3119,2695
26.7701,75,3242,1954,3453,3119,2694
26.7905,75,3243,1954,3452,3119,2694
26.8110,75,3244,1954,3452,3120,2694
26.8317,75,3245,1954,3452,3120,2694
26.8518,76,3246,1954,3452,3120,2694
26.8725,76,3246,1954,3452,3121,2694
26.8932,76,3247,1955,3452,3121,2694
26.9136,76,3247,1955,3452,3122,2695
26.9338,77,3248,1955,3452,3122,2695
26.9543,77,3248,1956,3452,3122,2695
26.9748,77,3248,1957,3452,3123,2695
26.9952,77,3248,1958,3452,3123,2695
27.0180,77,3248,1959,3452,3123,2695
27.0384,77,3248,1960,3452,3123,2695
27.0585,77,3248,1961,3452,3124,2695
27.0791,77,3248,1963,3452,3124,2695
27.0991,77,3248,1964,3452,3125,2695
27.1192,77,3248,1964,3452,3125,2696
27.1397,77,3248,1965,3452,3125,2696
27.1599,77,3248,1966,3452,3125,2696
27.1805,77,3248,1967,3452,3126,2696
27.2010,77,3248,1968,3452,3126,2696
27.2212,77,3248,1969,3452,3126,2696
27.2416,77,3248,1970,3452,3127,2696
27.2618,78,3248,1971,3452,3127,2696
27.2820,78,3248,1971,3452,3127,2696
27.3023,78,3248,1972,3452,3128,2696
27.3226,78,3248,1972,3452,3128,2696
27.3430,78,3248,1973,3452,3129,2696
27.3632,79,3248,1974,3452,3129,2695
27.3837,79,3248,1975,3452,3130,2695
27.4043,80,3248,1975,3452,3131,2695
27.4245,80,3248,1976,3452,3132,2695
27.4449,81,3248,1976,3452,3133,2695
27.4652,82,3248,1977,3452,3134,2695
27.4859,82,3248,1977,3452,3134,2695
27.5065,83,3248,1978,3452,3134,2695
27.5269,83,3248,1979,3452,3134,2695
27.5469,83,3247,1980,3452,3135,2695
27.5674,84,3247,1981,3452,3135,2696
27.5879,84,3247,1982,3452,3136,2697
27.6080,84,3247,1983,3452,3136,2697
27.6281,84,3247,1984,3452,3136,2698
27.6485,84,3247,1985,3452,3136,2698
27.6685,84,3247,1986,3452,3136,2699
27.6890,84,3246,1988,3452,3136,2699
27.7094,84,3246,1990,3452,3136,2699
27.7299,84,3245,1991,3452,3135,2699
27.7505,83,3245,1992,3452,3134,2700
27.7706,83,3244,1993,3452,3133,2700
27.7910,83,3244,1994,3452,3132,2700
27.8112,83,3243,1995,3452,3132,2700
27.8317,83,3243,1996,3452,3131,2699
27.8522,83,3243,1996,3452,3131,2698
27.8729,83,3243,1996,3452,3130,2698
27.8933,83,3243,1996,3452,3130,2697
27.9139,83,3243,1997,3452,3129,2695
27.9347,83,3243,1997,3452,3127,2694
27.9551,83,3243,1997,3452,3126,2693
27.9756,83,3243,1997,3452,3125,2693
27.9968,83,3243,1997,3452,3125,2692
28.0170,83,3243,1997,3452,3124,2692
28.0374,83,3244,1996,3452,3124,2692
28.0577,83,3244,1996,3452,3124,2691
28.0780,84,3245,1996,3452,3124,2690
28.0982,84,3246,1996,3452,3124,2690
28.1183,85,3246,1996,3452,3124,2690
28.1391,85,3247,1996,3452,3124,2690
28.1593,85,3248,1996,3452,3124,2690
28.1795,85,3248,1996,3452,3124,2690
28.1996,86,3249,1996,3452,3123,2690
28.2201,86,3250,1997,3452,3123,2690
28.2402,86,3250,1997,3452,3123,2690
28.2611,86,3251,1997,3452,3123,2690
28.2814,87,3252,1997,3452,3123,2690
28.3016,87,3252,1997,3452,3123,2690
28.3222,87,3252,1997,3452,3123,2690
28.3426,87,3253,1997,3452,3123,2690
28.3630,87,3253,1998,3452,3123,2690
28.3831,87,3253,1998,3452,3123,2691
28.4037,87,3253,1998,3452,3123,2693
28.4238,87,3253,1998,3452,3123,2693
28.4439,87,3254,1998,3452,3123,2693
28.4641,87,3254,1998,3452,3123,2693
28.4845,87,3255,1998,3452,3123,2693
28.5050,87,3255,1999,3452,3123,2693
28.5254,87,3255,1999,3452,3123,2693
28.5456,87,3255,1999,3452,3123,2693
28.5660,87,3256,2000,3452,3123,2693
28.5867,87,3256,2000,3452,3124,2693
28.6073,87,3256,2000,3452,3124,2692
28.6281,87,3256,2001,3452,3124,2692
28.6487,88,3256,2002,3452,3124,2692
28.6692,88,3256,2002,3452,3124,2692
28.6897,88,3257,2002,3452,3124,2692
28.7103,88,3257,2002,3452,3124,2691
28.7305,89,3257,2002,3452,3124,2690
28.7512,89,3257,2002,3452,3124,2690
28.7719,89,3257,2002,3452,3124,2690
28.7922,90,3258,2002,3452,3124,2690
28.8123,90,3258,2002,3452,3124,2690
28.8329,90,3258,2001,3452,3124,2690
28.8533,90,3258,2001,3452,3124,2690
28.8743,90,3258,2001,3452,3124,2690
28.8946,91,3258,2000,3452,3124,2690
28.9150,91,3258,2000,3452,3124,2690
28.9352,91,3258,2000,3452,3124,2689
28.9554,91,3259,2000,3452,3124,2688
28.9756,91,3259,1999,3452,3124,2687
28.9957,91,3259,1999,3452,3124,2686
29.0159,91,3259,1999,3452,3124,2684
29.0361,91,3259,1999,3452,3124,2683
29.0566,91,3259,1999,3452,3124,2680
29.0770,91,3259,1998,3452,3124,2676
29.0970,91,3259,1998,3452,3124,2671
29.1174,91,3259,1998,3452,3124,2667
29.1377,91,3259,1998,3452,3124,2663
29.1577,91,3259,1998,3452,3124,2659
29.1778,91,3259,1998,3452,3124,2654
29.1979,91,3259,1998,3452,3124,2647
29.2181,91,3259,1998,3452,3124,2641
29.2384,91,3259,1998,3452,3124,2634
29.2588,91,3259,1998,3452,3124,2626
29.2798,91,3259,1998,3452,3124,2617
29.2999,91,3259,1998,3452,3124,2605
29.3206,91,3259,1998,3452,3124,2597
29.3408,91,3259,1998,3452,3124,2590
29.3612,91,3259,1998,3452,3124,2586
29.3818,91,3259,1998,3452,3124,2584
29.4025,91,3259,1998,3452,3124,2579
29.4231,91,3259,1998,3452,3125,2571
29.4436,91,3259,1998,3452,3125,2564
29.4641,91,3259,1998,3453,3125,2557
29.4846,91,3259,1998,3453,3125,2551
29.5050,92,3259,1998,3454,3125,2546
29.5258,92,3259,1998,3454,3125,2541
29.5458,92,3259,1998,3454,3125,2535
29.5661,92,3259,1998,3454,3125,2528
29.5864,92,3259,1998,3454,3125,2520
29.6065,93,3259,1999,3455,3125,2512
29.6270,93,3259,1999,3455,3125,2505
29.6475,93,3259,1999,3455,3125,2499
29.6679,94,3259,1999,3455,3125,2490
29.6884,94,3259,1999,3455,3125,2480
29.7088,95,3259,1999,3455,3125,2471
29.7292,95,3259,1999,3455,3125,2463
29.7497,96,3259,1999,3455,3125,2456
29.7705,96,3259,1999,3455,3125,2448
29.7915,97,3259,1999,3455,3125,2442
29.8123,97,3259,1999,3455,3125,2435
29.8325,97,3259,1999,3455,3125,2427
29.8531,97,3259,1999,3455,3125,2419
29.8741,98,3259,1999,3455,3125,2413
29.8945,98,3259,1999,3455,3125,2406
29.9145,98,3259,1999,3455,3125,2397
29.9350,98,3259,1999,3455,3125,2387
29.9560,99,3259,1999,3455,3125,2380
29.9762,99,3259,1999,3455,3125,2375
29.9964,99,3259,1999,3455,3125,2369
30.0167,99,3259,1999,3455,3125,2360
30.0368,99,3259,1999,3455,3125,2353
30.0571,99,3259,1999,3455,3125,2348
30.0776,99,3259,1999,3455,3125,2346
30.0978,99,3259,1999,3455,3126,2343
30.1181,99,3259,1998,3455,3126,2339
30.1384,99,3259,1998,3455,3126,2334
30.1585,99,3259,1998,3455,3127,2329
30.1788,99,3259,1998,3455,3127,2324
30.1991,99,3259,1998,3455,3127,2319
30.2196,100,3259,1998,3455,3127,2315
30.2402,100,3259,1998,3455,3127,2310
30.2603,100,3259,1998,3455,3127,2306
30.2809,100,3259,1997,3455,3128,2300
30.3015,100,3259,1997,3455,3128,2293
30.3220,101,3259,1997,3455,3129,2286
30.3421,101,3258,1997,3455,3129,2281
30.3624,101,3258,1997,3456,3129,2278
30.3827,102,3258,1996,3456,3129,2274
30.4032,102,3258,1996,3456,3130,2267
30.4234,102,3258,1995,3456,3130,2260
30.4443,103,3258,1995,3456,3131,2254
30.4644,103,3258,1994,3457,3132,2248
30.4848,104,3258,1994,3457,3132,2242
30.5049,104,3258,1994,3458,3133,2234
30.5251,104,3258,1994,3459,3135,2226
30.5451,104,3258,1993,3459,3136,2217
30.5652,104,3258,1993,3460,3138,2211
30.5859,104,3258,1993,3460,3139,2201
30.6064,105,3258,1993,3460,3139,2196
30.6267,105,3258,1993,3460,3139,2190
30.6471,105,3258,1993,3461,3140,2184
30.6676,105,3258,1993,3462,3140,2180
30.6878,105,3258,1993,3462,3140,2178
30.7083,105,3258,1993,3462,3140,2176
30.7288,105,3258,1993,3462,3140,2171
30.7490,105,3258,1992,3463,3140,2165
30.7695,105,3258,1992,3464,3140,2159
30.7901,105,3258,1992,3464,3140,2151
30.8101,105,3258,1992,3465,3140,2138
30.8302,105,3258,1991,3466,3140,2123
30.8506,105,3258,1991,3467,3140,2108
30.8710,106,3258,1991,3468,3140,2094
30.8914,106,3258,1990,3468,3140,2082
30.9119,106,3258,1990,3468,3140,2068
30.9323,107,3258,1989,3468,3140,2053
30.9526,107,3258,1989,3469,3140,2039
30.9730,107,3258,1989,3469,3140,2022
30.9932,107,3258,1988,3469,3140,2001
31.0144,108,3258,1988,3470,3140,1982
31.0348,108,3258,1988,3470,3140,1982
31.0551,108,3258,1987,3470,3140,1982
31.0756,108,3258,1987,3471,3140,1982
31.0960,108,3258,1987,3471,3140,1982
31.1167,108,3259,1986,3471,3140,1982
31.1370,108,3259,1986,3471,3140,1982
31.1575,108,3259,1986,3472,3140,1982
31.1778,108,3259,1985,3472,3140,1982
31.1984,108,3259,1985,3473,3140,1982
31.2191,108,3260,1984,3473,3140,1982
31.2391,108,3260,1984,3474,3140,1982
31.2593,108,3260,1983,3475,3140,1982
31.2795,108,3261,1982,3475,3140,1982
31.2996,108,3261,1982,3475,3140,1982
31.3202,108,3261,1982,3476,3139,1982
31.3406,108,3261,1982,3476,3139,1982
31.3614,108,3261,1982,3477,3139,1982
31.3817,108,3261,1982,3477,3139,1982
31.4020,108,3261,1982,3477,3139,1982
31.4224,108,3261,1982,3477,3139,1982
31.4429,108,3261,1982,3478,3139,1982
31.4631,108,3261,1982,3478,3139,1982
31.4832,108,3261,1982,3478,3139,1982
31.5036,108,3261,1982,3478,3139,1982
31.5238,108,3261,1982,3478,3139,1982
31.5440,108,3261,1982,3478,3139,1982
31.5646,108,3261,1982,3478,3139,1982
31.5848,108,3261,1982,3478,3139,1982
31.6052,108,3261,1982,3478,3139,1982
31.6253,108,3261,1982,3479,3139,1982
31.6454,108,3261,1982,3479,3139,1982
31.6656,108,3261,1982,3479,3139,1982
31.6862,108,3261,1982,3479,3140,1982
31.7070,109,3261,1982,3480,3140,1982
31.7273,109,3261,1982,3480,3140,1982
31.7479,109,3261,1982,3480,3140,1982
31.7681,109,3261,1982,3481,3140,1982
31.7885,109,3261,1982,3481,3140,1982
31.8090,109,3261,1982,3481,3140,1982
31.8290,109,3261,1981,3481,3140,1982
31.8490,109,3261,1981,3481,3140,1982
31.8696,109,3261,1981,3482,3140,1982
31.8901,109,3261,1981,3482,3140,1982
31.9105,109,3261,1981,3482,3140,1982
31.9305,109,3261,1980,3482,3140,1982
31.9510,109,3261,1980,3482,3140,1982
31.9715,109,3261,1980,3483,3140,1982
31.9920,109,3261,1980,3483,3140,1982
32.0125,109,3261,1980,3483,3140,1982
32.0329,109,3261,1980,3483,3140,1982
32.0531,109,3261,1980,3483,3140,1982
32.0734,109,3261,1979,3483,3141,1982
32.0938,109,3261,1979,3483,3141,1982
32.1141,109,3261,1979,3483,3141,1982
32.1343,109,3261,1979,3484,3141,1982
32.1548,109,3261,1979,3484,3141,1982
32.1755,109,3261,1979,3484,3141,1982
32.1959,109,3261,1979,3484,3141,1982
32.2160,109,3261,1979,3485,3141,1982
32.2364,109,3260,1979,3485,3141,1982
32.2566,109,3260,1979,3485,3141,1982
32.2768,109,3260,1979,3485,3141,1982
32.2973,109,3260,1979,3485,3141,1982
32.3175,109,3260,1979,3485,3141,1982
32.3377,109,3260,1979,3486,3141,1982
32.3580,109,3260,1980,3486,3141,1982
32.3785,109,3260,1980,3486,3141,1982
32.3987,109,3260,1980,3486,3141,1982
32.4191,109,3260,1980,3486,3141,1982
32.4397,109,3260,1980,3486,3141,1982
32.4599,109,3260,1980,3486,3141,1982
32.4800,109,3260,1980,3486,3141,1982
32.5002,109,3260,1980,3486,3141,1982
32.5209,109,3260,1980,3486,3141,1982
32.5412,109,3260,1980,3486,3141,1982
32.5617,108,3260,1980,3486,3141,1982
32.5823,108,3260,1980,3486,3141,1982
32.6025,108,3260,1980,3486,3141,1982
32.6230,108,3260,1980,3486,3141,1982
32.6436,108,3260,1980,3486,3141,1982
32.6639,108,3261,1980,3486,3141,1982
32.6842,108,3261,1980,3486,3141,1982
32.7043,108,3261,1980,3486,3141,1982
32.7247,108,3261,1981,3486,3141,1982
32.7449,108,3261,1981,3486,3141,1982
32.7651,108,3261,1981,3487,3141,1982
32.7855,108,3261,1981,3487,3141,1982
32.8061,108,3261,1981,3487,3141,1982
32.8263,108,3261,1981,3487,3141,1982
32.8467,108,3261,1981,3487,3141,1982
32.8670,108,3261,1981,3487,3141,1982
32.8874,108,3261,1981,3487,3141,1982
32.9078,108,3261,1981,3487,3141,1982
32.9284,108,3261,1981,3487,3141,1982
32.9490,108,3261,1981,3487,3141,1982
32.9691,108,3261,1981,3488,3141,1982
32.9892,108,3261,1981,3488,3141,1982
33.0096,108,3261,1981,3489,3141,1982
33.0300,108,3261,1981,3489,3141,1982
33.0504,108,3261,1981,3489,3141,1982
33.0708,108,3261,1981,3490,3141,1982
33.0912,108,3261,1981,3490,3141,1982
33.1112,108,3261,1981,3490,3141,1982
33.1313,108,3261,1981,3490,3141,1982
33.1517,108,3261,1981,3490,3142,1982
33.1722,108,3261,1981,3490,3142,1982
33.1927,108,3261,1980,3490,3142,1982
33.2132,109,3261,1980,3490,3143,1982
33.2333,109,3261,1980,3490,3143,1982
33.2534,109,3261,1980,3491,3143,1982
33.2737,109,3261,1980,3491,3143,1982
33.2937,109,3261,1980,3491,3144,1982
33.3141,110,3261,1980,3492,3144,1982
33.3346,110,3260,1980,3492,3144,1982
33.3548,110,3260,1980,3492,3145,1982
33.3752,110,3260,1980,3492,3145,1982
33.3958,110,3260,1980,3493,3146,1982
33.4159,110,3260,1981,3493,3147,1982
33.4361,111,3260,1981,3493,3147,1982
33.4565,111,3260,1981,3494,3147,1982
33.4766,111,3260,1981,3495,3147,1982
33.4967,111,3260,1981,3495,3148,1982
33.5170,111,3260,1981,3496,3148,1982
33.5374,111,3260,1981,3496,3148,1982
33.5577,111,3260,1981,3496,3148,1982
33.5786,111,3260,1981,3496,3148,1982
33.5991,111,3260,1981,3496,3148,1982
33.6198,111,3260,1981,3496,3148,1982
33.6400,111,3260,1981,3496,3148,1982
33.6601,111,3259,1981,3497,3148,1982
33.6807,111,3259,1980,3497,3148,1982
33.7015,111,3259,1980,3497,3149,1982
33.7220,111,3259,1980,3497,3149,1982
33.7425,111,3259,1980,3497,3149,1982
33.7629,111,3259,1980,3497,3149,1982
33.7834,111,3259,1980,3497,3149,1982
33.8038,111,3259,1980,3497,3149,1982
33.8243,111,3259,1980,3497,3149,1982
33.8444,111,3259,1980,3497,3149,1982
33.8648,111,3259,1980,3497,3150,1982
33.8849,111,3259,1980,3497,3150,1982
33.9054,111,3259,1979,3497,3150,1982
33.9259,111,3259,1978,3497,3150,1982
33.9463,111,3259,1978,3497,3150,1982
33.9671,111,3260,1977,3497,3150,1982
33.9875,111,3260,1976,3497,3150,1982
34.0083,111,3260,1975,3497,3150,1982
34.0291,111,3260,1974,3497,3151,1982
34.0492,111,3261,1973,3497,3151,1982
34.0695,111,3261,1973,3497,3151,1982
34.0897,111,3261,1972,3497,3151,1982
34.1098,111,3261,1971,3497,3151,1982
34.1303,112,3261,1971,3497,3151,1982
34.1507,112,3261,1970,3498,3151,1982
34.1710,112,3261,1969,3498,3151,1982
34.1911,112,3261,1968,3500,3151,1982
34.2112,112,3261,1966,3501,3151,1982
34.2317,112,3261,1965,3502,3152,1982
34.2518,112,3261,1963,3504,3152,1982
34.2725,112,3261,1960,3506,3152,1982
34.2927,112,3261,1958,3509,3152,1982
34.3132,112,3261,1955,3512,3152,1982
34.3334,112,3261,1952,3515,3152,1982
34.3540,112,3261,1949,3517,3152,1982
34.3744,112,3260,1946,3521,3152,1982
34.3946,112,3260,1943,3525,3152,1982
34.4147,112,3259,1940,3528,3152,1982
34.4353,112,3258,1937,3530,3152,1981
34.4554,112,3257,1935,3533,3152,1981
34.4759,112,3256,1933,3536,3152,1981
34.4965,112,3254,1931,3539,3152,1981
34.5167,112,3252,1929,3542,3153,1981
34.5374,112,3250,1929,3544,3154,1981
34.5576,112,3248,1929,3546,3155,1981
34.5780,112,3245,1929,3548,3155,1981
34.5984,112,3243,1929,3550,3155,1981
34.6189,112,3241,1929,3551,3155,1981
34.6393,112,3238,1929,3553,3156,1981
34.6596,112,3236,1929,3554,3156,1981
34.6798,112,3234,1929,3556,3157,1981
34.7004,112,3231,1929,3557,3157,1981
34.7208,112,3229,1929,3559,3158,1981
34.7409,112,3226,1928,3560,3158,1981
34.7613,112,3223,1928,3561,3158,1981
34.7818,112,3221,1926,3563,3159,1981
34.8023,112,3218,1925,3565,3160,1981
34.8228,111,3215,1924,3567,3161,1981
34.8432,111,3213,1924,3568,3161,1981
34.8634,111,3210,1923,3569,3161,1981
34.8835,111,3208,1923,3570,3162,1981
34.9038,111,3206,1922,3572,3162,1981
34.9239,111,3204,1922,3573,3162,1981
34.9444,111,3201,1921,3574,3163,1981
34.9648,111,3199,1920,3575,3163,1981
34.9852,111,3197,1919,3576,3164,1981
35.0061,111,3195,1918,3577,3164,1981
35.0265,111,3193,1917,3578,3165,1981
35.0469,111,3192,1915,3579,3165,1981
35.0683,112,3190,1913,3580,3166,1981
35.0884,112,3188,1911,3581,3167,1981
35.1089,112,3187,1909,3583,3167,1981
35.1301,113,3186,1906,3586,3167,1981
35.1504,113,3184,1903,3588,3167,1981
35.1707,113,3183,1901,3591,3167,1981
35.1908,113,3182,1897,3594,3167,1981
35.2109,114,3181,1894,3597,3167,1981
35.2311,114,3179,1891,3599,3167,1981
35.2515,114,3178,1888,3602,3167,1981
35.2719,114,3176,1886,3604,3167,1981
35.2921,114,3175,1882,3607,3167,1981
35.3128,114,3173,1880,3610,3167,1981
35.3333,114,3171,1877,3613,3167,1981
35.3536,114,3170,1875,3615,3167,1981
35.3736,114,3167,1873,3618,3167,1981
35.3942,114,3165,1871,3620,3168,1981
35.4144,114,3164,1869,3623,3168,1981
35.4348,114,3162,1867,3626,3168,1981
35.4550,114,3159,1865,3628,3169,1981
35.4753,114,3157,1864,3631,3169,1981
35.4956,114,3154,1862,3633,3169,1981
35.5157,114,3152,1861,3636,3169,1981
35.5358,113,3149,1860,3637,3169,1981
35.5565,113,3146,1858,3640,3170,1981
35.5771,113,3144,1858,3642,3170,1981
35.5974,112,3141,1856,3644,3170,1981
35.6176,112,3138,1855,3647,3170,1981
35.6383,112,3136,1853,3650,3170,1981
35.6588,112,3133,1852,3651,3170,1981
35.6788,112,3131,1851,3653,3170,1981
35.6994,112,3128,1850,3656,3170,1981
35.7198,112,3126,1848,3658,3171,1981
35.7406,112,3124,1846,3661,3171,1981
35.7612,112,3121,1844,3663,3171,1981
35.7815,112,3119,1842,3666,3171,1981
35.8023,112,3116,1841,3668,3172,1981
35.8226,112,3114,1838,3670,3173,1981
35.8426,112,3112,1836,3673,3174,1981
35.8631,112,3110,1832,3676,3174,1981
35.8834,112,3108,1829,3679,3174,1981
35.9042,112,3107,1826,3682,3174,1981
35.9248,112,3105,1823,3685,3175,1981
35.9456,112,3103,1819,3688,3176,1981
35.9659,112,3101,1815,3692,3177,1981
35.9862,113,3100,1811,3695,3177,1981
36.0069,113,3098,1806,3699,3177,1981
36.0276,113,3097,1801,3703,3177,1981
36.0480,114,3096,1796,3707,3177,1981
36.0682,114,3095,1788,3714,3177,1981
36.0886,114,3095,1780,3723,3177,1981
36.1091,115,3095,1773,3730,3177,1981
36.1294,115,3096,1766,3737,3177,1981
36.1498,116,3096,1760,3743,3177,1981
36.1703,117,3096,1753,3749,3177,1981
36.1907,118,3096,1747,3755,3177,1981
36.2109,118,3096,1742,3760,3178,1981
36.2312,119,3095,1738,3764,3179,1981
36.2515,120,3094,1735,3767,3179,1981
36.2718,120,3093,1731,3770,3179,1981
36.2919,120,3091,1729,3773,3179,1981
36.3124,121,3089,1726,3777,3179,1981
36.3325,122,3088,1725,3781,3179,1981
36.3527,122,3086,1723,3784,3180,1981
36.3730,122,3083,1723,3787,3180,1981
36.3932,123,3080,1723,3790,3180,1981
36.4135,123,3077,1723,3793,3181,1981
36.4343,124,3074,1723,3798,3181,1981
36.4546,124,3071,1722,3803,3182,1981
36.4750,124,3068,1721,3810,3183,1981
36.4954,124,3066,1719,3817,3183,1981
36.5159,125,3063,1719,3822,3184,1981
36.5367,125,3060,1719,3826,3184,1981
36.5572,125,3056,1721,3828,3184,1981
36.5779,125,3053,1721,3833,3184,1981
36.5986,125,3050,1722,3838,3184,1981
36.6190,124,3047,1722,3841,3183,1981
36.6395,124,3044,1724,3843,3183,1981
36.6596,123,3041,1726,3844,3182,1981
36.6801,123,3036,1730,3845,3181,1981
36.7005,123,3032,1733,3845,3180,1981
36.7206,122,3028,1737,3845,3178,1981
36.7412,121,3024,1741,3845,3178,1981
36.7615,121,3020,1744,3845,3177,1981
36.7819,121,3016,1748,3845,3177,1981
36.8025,121,3011,1752,3845,3177,1981
36.8229,120,3006,1757,3845,3177,1981
36.8433,120,3002,1761,3845,3176,1981
36.8638,120,2997,1766,3845,3176,1981
36.8844,120,2991,1771,3845,3176,1981
36.9048,120,2986,1776,3845,3176,1981
36.9256,120,2981,1782,3845,3176,1981
36.9459,120,2976,1787,3845,3176,1981
36.9664,119,2971,1793,3845,3176,1981
36.9867,119,2966,1798,3845,3175,1981
37.0072,119,2961,1804,3845,3175,1981
37.0275,119,2955,1810,3844,3175,1981
37.0480,119,2949,1816,3843,3174,1981
37.0682,119,2944,1823,3841,3174,1981
37.0887,119,2938,1830,3838,3173,1981
37.1089,118,2932,1837,3836,3172,1981
37.1295,118,2927,1844,3834,3171,1981
37.1499,118,2922,1850,3831,3170,1981
37.1702,118,2918,1856,3829,3169,1981
37.1905,118,2913,1863,3827,3169,1981
37.2107,118,2908,1867,3825,3168,1981
37.2310,118,2904,1872,3824,3167,1981
37.2516,118,2901,1877,3823,3166,1981
37.2724,118,2897,1881,3822,3166,1981
37.2924,118,2894,1886,3820,3166,1981
37.3129,118,2890,1889,3819,3165,1981
37.3329,118,2888,1892,3818,3165,1981
37.3532,118,2886,1895,3818,3165,1981
37.3732,118,2883,1897,3817,3165,1981
37.3936,118,2881,1900,3816,3165,1981
37.4140,118,2879,1901,3816,3165,1981
37.4347,117,2877,1904,3816,3165,1981
37.4551,117,2875,1906,3815,3164,1981
37.4756,117,2873,1909,3814,3164,1981
37.4964,117,2870,1912,3814,3164,1981
37.5170,117,2868,1916,3813,3163,1981
37.5370,117,2865,1920,3812,3163,1981
37.5576,117,2862,1925,3810,3163,1981
37.5777,117,2859,1930,3808,3163,1981
37.5979,117,2856,1935,3807,3163,1981
37.6183,117,2852,1941,3804,3163,1981
37.6388,117,2849,1948,3802,3163,1981
37.6592,117,2846,1954,3801,3163,1981
37.6797,117,2843,1959,3799,3163,1981
37.6997,117,2840,1964,3798,3162,1981
37.7198,117,2837,1970,3796,3162,1981
37.7399,117,2835,1975,3794,3161,1981
37.7604,117,2832,1981,3791,3161,1981
37.7812,118,2830,1985,3789,3161,1981
37.8014,118,2828,1988,3788,3161,1981
37.8218,118,2827,1991,3786,3161,1981
37.8421,118,2827,1992,3785,3161,1981
37.8625,118,2827,1994,3783,3161,1981
37.8826,118,2827,1995,3781,3161,1981
37.9027,118,2827,1997,3779,3161,1981
37.9228,119,2827,1998,3776,3161,1981
37.9431,119,2827,1999,3773,3161,1981
37.9634,119,2828,1999,3772,3161,1981
37.9838,119,2830,1999,3770,3161,1981
38.0041,119,2831,1999,3769,3161,1981
38.0246,120,2832,1999,3767,3161,1981
38.0449,120,2833,1998,3765,3160,1981
38.0652,120,2835,1997,3765,3159,1981
38.0853,121,2836,1996,3764,3159,1981
38.1054,122,2838,1995,3763,3159,1981
38.1260,122,2839,1994,3762,3159,1981
38.1464,123,2840,1993,3762,3159,1981
38.1666,123,2841,1992,3762,3158,1981
38.1872,124,2842,1992,3762,3157,1981
38.2076,125,2842,1991,3761,3156,1981
38.2280,125,2842,1990,3761,3156,1981
38.2485,126,2842,1989,3761,3156,1981
38.2690,127,2842,1988,3761,3156,1981
38.2895,128,2842,1987,3761,3156,1981
38.3104,129,2842,1986,3761,3157,1981
38.3309,129,2842,1986,3761,3157,1981
38.3510,130,2842,1986,3761,3157,1981
38.3717,131,2842,1986,3761,3157,1981
38.3921,131,2842,1986,3761,3157,1981
38.4125,131,2841,1987,3761,3157,1981
38.4326,131,2841,1987,3761,3157,1981
38.4526,131,2841,1987,3761,3157,1981
38.4729,131,2840,1987,3761,3157,1981
38.4931,131,2840,1987,3761,3156,1981
38.5134,131,2840,1987,3761,3155,1981
38.5342,130,2840,1987,3761,3155,1981
38.5544,129,2840,1987,3761,3154,1981
38.5746,129,2840,1987,3761,3154,1981
38.5948,128,2840,1987,3761,3153,1981
38.6155,128,2840,1987,3761,3152,1981
38.6360,127,2840,1987,3761,3151,1981
38.6567,126,2840,1987,3761,3151,1981
38.6771,125,2840,1987,3761,3150,1981
38.6972,125,2839,1987,3761,3150,1981
38.7178,124,2839,1988,3761,3150,1981
38.7382,124,2838,1988,3761,3150,1981
38.7582,123,2837,1989,3761,3149,1981
38.7784,123,2837,1990,3761,3149,1981
38.7986,123,2837,1990,3761,3149,1981
38.8192,123,2836,1991,3761,3149,1981
38.8393,123,2836,1992,3761,3149,1981
38.8598,123,2835,1993,3761,3149,1981
38.8805,123,2835,1994,3761,3149,1981
38.9008,122,2835,1994,3761,3149,1981
38.9209,122,2835,1994,3761,3149,1981
38.9409,122,2835,1995,3761,3149,1981
38.9610,122,2835,1995,3760,3149,1981
38.9812,122,2835,1995,3760,3149,1981
39.0016,122,2835,1995,3760,3149,1981
39.0224,122,2835,1996,3760,3149,1981
39.0429,122,2835,1996,3760,3149,1981
39.0633,122,2835,1996,3759,3149,1981
39.0838,122,2835,1996,3759,3150,1981
39.1038,123,2835,1996,3759,3150,1981
39.1242,123,2835,1996,3759,3150,1981
39.1447,123,2835,1996,3759,3150,1981
39.1650,124,2835,1996,3759,3151,1981
39.1853,124,2835,1996,3759,3151,1981
39.2054,125,2835,1996,3759,3152,1981
39.2259,125,2835,1996,3759,3152,1981
39.2463,125,2835,1996,3759,3152,1981
39.2666,125,2835,1996,3759,3152,1981
39.2872,126,2835,1996,3759,3152,1981
39.3073,126,2835,1996,3759,3152,1981
39.3275,126,2835,1996,3759,3152,1981
39.3479,126,2835,1996,3759,3152,1981
39.3683,126,2835,1996,3759,3152,1981
39.3887,126,2834,1996,3759,3152,1981
39.4090,126,2834,1996,3759,3152,1981
39.4294,126,2834,1996,3759,3152,1981
39.4499,126,2834,1996,3759,3152,1981
39.4703,126,2834,1996,3759,3152,1981
39.4908,126,2833,1996,3759,3152,1981
39.5110,126,2833,1996,3759,3152,1981
39.5315,126,2833,1996,3759,3152,1981
39.5521,126,2832,1996,3759,3152,1981
39.5722,126,2832,1996,3759,3152,1981
39.5927,126,2832,1996,3759,3152,1981
39.6131,126,2832,1996,3759,3152,1981
39.6338,126,2832,1996,3759,3152,1981
39.6543,126,2831,1996,3759,3152,1981
39.6746,127,2831,1997,3759,3152,1981
39.6948,127,2830,1997,3759,3152,1981
39.7153,127,2830,1997,3759,3152,1981
39.7353,128,2830,1997,3759,3152,1981
39.7556,128,2829,1997,3759,3152,1981
39.7759,128,2828,1997,3759,3152,1981
39.7965,129,2828,1997,3759,3152,1981
39.8170,129,2827,1997,3759,3152,1981
39.8374,129,2827,1997,3759,3152,1981
39.8578,129,2826,1997,3759,3153,1981
39.8778,130,2826,1996,3759,3153,1981
39.8983,130,2826,1996,3759,3153,1981
39.9186,130,2826,1995,3759,3153,1981
39.9388,130,2826,1995,3759,3153,1981
39.9591,130,2826,1994,3759,3153,1981
39.9794,130,2825,1993,3759,3153,1981
39.9996,130,2825,1992,3759,3153,1981
40.0202,130,2825,1991,3759,3153,1981
40.0406,130,2825,1991,3759,3153,1981
40.0613,130,2825,1990,3759,3152,1981
40.0817,129,2825,1989,3759,3152,1981
40.1027,129,2825,1988,3759,3152,1981
40.1228,129,2825,1988,3759,3151,1981
40.1432,129,2825,1987,3759,3151,1981
40.1637,128,2824,1987,3759,3151,1981
40.1841,128,2824,1986,3759,3150,1981
40.2046,127,2824,1986,3759,3150,1981
40.2250,127,2824,1986,3759,3150,1981
40.2455,127,2823,1986,3759,3149,1981
40.2657,126,2823,1985,3759,3149,1981
40.2857,126,2823,1985,3759,3149,1981
40.3058,126,2823,1985,3759,3149,1981
40.3262,126,2823,1985,3759,3149,1981
40.3464,126,2823,1985,3759,3149,1981
40.3668,126,2823,1985,3759,3148,1981
40.3870,125,2823,1985,3759,3148,1981
40.4075,125,2823,1985,3759,3148,1981
40.4281,125,2823,1985,3759,3148,1981
40.4483,125,2823,1985,3759,3148,1981
40.4688,125,2823,1985,3759,3148,1981
40.4894,125,2823,1986,3759,3148,1981
40.5100,125,2823,1986,3759,3148,1981
40.5302,124,2823,1987,3759,3148,1981
40.5505,124,2823,1987,3759,3148,1981
40.5710,124,2822,1988,3759,3147,1981
40.5913,124,2822,1988,3759,3147,1981
40.6115,124,2822,1988,3759,3147,1981
40.6321,124,2822,1989,3759,3147,1981
40.6531,124,2822,1989,3759,3147,1981
40.6737,124,2822,1989,3759,3147,1981
40.6946,124,2822,1990,3759,3147,1981
40.7150,123,2822,1990,3759,3147,1981
40.7356,123,2822,1990,3759,3147,1981
40.7561,123,2822,1990,3759,3147,1981
40.7766,123,2822,1991,3759,3147,1981
40.7969,123,2822,1991,3759,3147,1981
40.8172,123,2822,1991,3759,3147,1981
40.8373,123,2822,1992,3758,3147,1981
40.8577,123,2822,1992,3758,3147,1981
40.8782,123,2822,1992,3758,3147,1981
40.8984,123,2822,1992,3758,3146,1981
40.9188,122,2822,1993,3758,3146,1981
40.9389,122,2822,1993,3758,3146,1981
40.9589,122,2822,1993,3758,3146,1981
40.9790,122,2822,1993,3758,3146,1981
40.9993,122,2822,1994,3758,3146,1981
41.0200,122,2822,1994,3758,3146,1981
41.0402,122,2822,1995,3758,3145,1981
41.0604,122,2822,1995,3758,3145,1981
41.0809,122,2822,1996,3757,3145,1981
41.1010,121,2822,1996,3757,3145,1981
41.1210,121,2822,1996,3757,3145,1981
41.1416,121,2822,1996,3757,3144,1981
41.1621,121,2822,1996,3757,3144,1981
41.1828,120,2822,1996,3757,3144,1981
41.2032,120,2822,1996,3757,3144,1981
41.2236,120,2822,1996,3757,3144,1981
41.2439,119,2822,1996,3757,3143,1981
41.2644,119,2822,1996,3757,3142,1981
41.2850,119,2822,1996,3757,3142,1981
41.3055,119,2822,1996,3757,3141,1981
41.3261,119,2822,1996,3757,3141,1981
41.3463,119,2822,1996,3757,3141,1981
41.3666,119,2822,1996,3757,3141,1981
41.3867,119,2822,1996,3757,3141,1981
41.4071,119,2822,1996,3757,3141,1981
41.4277,119,2822,1996,3757,3141,1981
41.4480,119,2821,1996,3757,3141,1981
41.4685,119,2821,1997,3757,3141,1981
41.4887,119,2821,1997,3757,3141,1981
41.5090,119,2820,1998,3757,3141,1981
41.5291,118,2820,1998,3757,3141,1981
41.5492,118,2820,1999,3757,3141,1981
41.5695,118,2820,1999,3757,3141,1981
41.5899,118,2819,2000,3757,3141,1981
41.6104,118,2819,2000,3757,3141,1981
41.6309,118,2819,2001,3757,3141,1981
41.6510,117,2819,2001,3757,3141,1981
41.6714,117,2818,2002,3757,3140,1981
41.6920,117,2818,2002,3757,3140,1981
41.7124,117,2818,2002,3757,3140,1981
41.7327,117,2818,2002,3756,3140,1981
41.7530,117,2818,2003,3756,3140,1981
41.7738,117,2818,2003,3756,3140,1981
41.7943,117,2818,2003,3755,3140,1981
41.8145,117,2818,2003,3755,3140,1981
41.8348,117,2818,2003,3754,3140,1981
41.8553,117,2818,2003,3753,3140,1981
41.8757,117,2818,2003,3753,3140,1981
41.8962,117,2818,2003,3753,3140,1981
41.9168,117,2818,2004,3752,3140,1981
41.9370,117,2818,2004,3752,3140,1981
41.9571,117,2818,2004,3752,3140,1981
41.9774,117,2818,2004,3752,3140,1981
41.9983,117,2818,2004,3752,3140,1981
42.0187,117,2818,2005,3752,3140,1981
42.0389,117,2818,2005,3752,3140,1981
42.0594,117,2818,2005,3751,3140,1981
42.0798,117,2818,2006,3751,3140,1981
42.1002,117,2818,2006,3751,3140,1981
42.1206,117,2818,2006,3751,3140,1981
42.1410,117,2818,2007,3751,3140,1981
42.1616,117,2818,2007,3751,3140,1981
42.1819,117,2818,2007,3751,3140,1981
42.2023,117,2818,2007,3751,3140,1981
42.2223,117,2818,2007,3751,3140,1981
42.2427,117,2818,2007,3751,3140,1981
42.2628,117,2818,2007,3751,3140,1981
42.2832,117,2818,2007,3751,3140,1981
42.3035,117,2818,2007,3750,3140,1981
42.3241,117,2818,2007,3750,3140,1981
42.3445,117,2818,2007,3750,3140,1981
42.3648,117,2819,2007,3750,3140,1981
42.3849,117,2819,2007,3750,3140,1981
42.4050,117,2819,2007,3750,3140,1981
42.4252,117,2819,2007,3750,3140,1981
42.4453,117,2819,2007,3750,3140,1981
42.4654,117,2819,2007,3750,3140,1981
42.4856,117,2819,2007,3750,3140,1981
42.5058,117,2819,2007,3750,3140,1981
42.5263,117,2819,2007,3750,3140,1981
42.5468,117,2819,2007,3750,3140,1981
42.5671,117,2819,2007,3750,3140,1981
42.5875,117,2819,2007,3750,3140,1981
42.6084,117,2819,2007,3750,3140,1981
42.6285,117,2819,2006,3750,3140,1981
42.6488,117,2819,2006,3750,3140,1981
42.6693,117,2819,2006,3750,3140,1981
42.6895,117,2819,2006,3750,3140,1981
42.7097,117,2819,2006,3750,3140,1981
42.7300,117,2819,2006,3750,3140,1981
42.7504,117,2819,2006,3750,3140,1981
42.7706,117,2819,2006,3750,3140,1981
42.7909,118,2819,2006,3750,3140,1981
42.8116,118,2819,2006,3750,3140,1981
42.8318,118,2819,2006,3750,3140,1981
42.8526,118,2818,2006,3750,3140,1981
42.8727,118,2818,2007,3750,3140,1981
42.8931,119,2817,2007,3750,3141,1981
42.9132,119,2817,2008,3750,3141,1981
42.9337,119,2817,2008,3750,3142,1981
42.9541,119,2817,2008,3750,3142,1981
42.9742,119,2817,2008,3750,3142,1981
42.9943,120,2816,2008,3750,3142,1981
43.0145,120,2816,2008,3750,3143,1981
43.0351,120,2816,2008,3750,3143,1981
43.0556,120,2816,2008,3750,3143,1981
43.0758,120,2816,2008,3750,3143,1981
43.0961,120,2816,2008,3750,3143,1981
43.1172,120,2816,2008,3750,3143,1981
43.1372,120,2816,2008,3750,3143,1981
43.1579,121,2816,2008,3750,3143,1981
43.1784,121,2816,2008,3750,3144,1981
43.1987,121,2816,2008,3750,3144,1981
43.2190,121,2816,2008,3750,3144,1981
43.2392,122,2816,2008,3750,3144,1981
43.2597,122,2816,2009,3750,3144,1981
43.2799,122,2816,2009,3750,3145,1981
43.3002,122,2816,2009,3750,3145,1981
43.3207,122,2816,2009,3750,3145,1981
43.3410,122,2816,2009,3750,3145,1981
43.3612,122,2816,2009,3750,3145,1981
43.3818,122,2816,2009,3750,3145,1980
43.4022,123,2816,2009,3750,3145,1980
43.4230,123,2816,2009,3750,3146,1980
43.4433,123,2816,2009,3750,3146,1980
43.4635,123,2816,2009,3750,3146,1980
43.4840,124,2816,2009,3750,3146,1980
43.5043,124,2816,2009,3750,3146,1980
43.5243,124,2816,2009,3750,3146,1980
43.5446,125,2816,2009,3750,3147,1980
43.5654,125,2816,2009,3750,3147,1980
43.5858,125,2816,2009,3750,3147,1980
43.6062,125,2816,2009,3750,3147,1980
43.6267,126,2816,2009,3750,3147,1980
43.6470,126,2816,2009,3750,3147,1980
43.6676,126,2816,2009,3750,3147,1980
43.6878,126,2816,2009,3750,3148,1980
43.7079,126,2816,2009,3750,3148,1980
43.7281,126,2816,2009,3750,3148,1980
43.7482,126,2816,2009,3750,3148,1980
43.7686,126,2816,2009,3750,3148,1980
43.7890,126,2816,2009,3750,3148,1980
43.8091,126,2815,2009,3750,3148,1980
43.8293,126,2815,2009,3750,3148,1980
43.8497,127,2815,2009,3751,3148,1980
43.8704,127,2815,2009,3751,3148,1980
43.8907,127,2815,2009,3751,3148,1980
43.9117,127,2815,2009,3751,3148,1980
43.9319,127,2815,2009,3751,3148,1980
43.9524,127,2815,2009,3751,3148,1980
43.9731,127,2815,2009,3751,3148,1980
43.9932,127,2814,2009,3752,3148,1980
44.0134,127,2814,2009,3752,3148,1980
44.0338,127,2814,2010,3752,3149,1980
44.0542,127,2813,2010,3752,3149,1980
44.0744,127,2813,2011,3752,3149,1980
44.0947,127,2813,2011,3752,3149,1980
44.1147,127,2812,2012,3752,3149,1980
44.1353,127,2812,2012,3752,3149,1980
44.1554,127,2812,2012,3752,3149,1980
44.1755,127,2812,2012,3752,3149,1980
44.1959,127,2812,2012,3752,3149,1980
44.2166,127,2812,2012,3752,3149,1980
44.2368,127,2812,2012,3752,3149,1980
44.2573,127,2812,2012,3752,3149,1980
44.2780,127,2812,2012,3752,3149,1980
44.2981,127,2812,2012,3752,3149,1980
44.3187,127,2812,2012,3752,3150,1980
44.3391,128,2812,2012,3752,3150,1980
44.3595,128,2812,2012,3752,3150,1980
44.3800,128,2812,2012,3752,3150,1980
44.4004,129,2812,2012,3752,3150,1980
44.4209,129,2812,2012,3752,3150,1980
44.4410,129,2812,2012,3752,3150,1980
44.4612,130,2812,2012,3752,3150,1980
44.4816,130,2812,2012,3752,3150,1980
44.5016,131,2812,2012,3751,3150,1980
44.5224,132,2813,2012,3751,3150,1980
44.5429,132,2814,2011,3751,3150,1980
44.5633,133,2815,2010,3750,3150,1980
44.5838,134,2816,2009,3749,3150,1980
44.6041,135,2818,2009,3748,3150,1980
44.6243,136,2819,2008,3747,3150,1980
44.6445,138,2821,2008,3746,3150,1980
44.6650,139,2822,2007,3745,3150,1980
44.6855,141,2824,2007,3743,3150,1980
44.7057,143,2826,2006,3743,3150,1980
44.7262,146,2828,2004,3742,3150,1980
44.7465,148,2830,2003,3742,3150,1980
44.7668,150,2833,2001,3742,3151,1980
44.7874,153,2835,2000,3741,3151,1980
44.8078,155,2837,1998,3741,3152,1980
44.8281,158,2840,1995,3741,3153,1980
44.8482,161,2843,1993,3741,3154,1980
44.8687,164,2846,1990,3741,3155,1980
44.8891,166,2849,1988,3741,3156,1980
44.9093,169,2852,1985,3741,3156,1980
44.9296,171,2855,1982,3741,3157,1980
44.9501,174,2858,1979,3741,3158,1980
44.9702,176,2862,1975,3741,3159,1980
44.9905,178,2866,1971,3741,3159,1980
45.0108,180,2869,1967,3741,3159,1980
45.0309,182,2873,1964,3741,3160,1980
45.0510,185,2877,1960,3741,3160,1980
45.0716,187,2881,1956,3741,3161,1980
45.0919,189,2885,1951,3741,3161,1980
45.1126,192,2889,1947,3741,3161,1980
45.1330,194,2893,1942,3742,3161,1980
45.1530,197,2897,1938,3742,3162,1980
45.1735,199,2901,1934,3743,3162,1980
45.1937,202,2905,1930,3743,3162,1980
45.2142,204,2909,1926,3744,3163,1980
45.2347,206,2912,1922,3744,3163,1980
45.2550,209,2916,1920,3745,3163,1980
45.2757,211,2919,1916,3745,3164,1980
45.2962,214,2923,1913,3745,3164,1980
45.3165,216,2925,1911,3746,3165,1980
45.3369,219,2928,1908,3747,3165,1980
45.3572,220,2931,1904,3747,3165,1980
45.3776,223,2934,1901,3748,3166,1980
45.3978,225,2936,1899,3748,3167,1980
45.4184,227,2939,1896,3749,3168,1980
45.4392,229,2941,1893,3750,3168,1980
45.4596,232,2944,1891,3750,3168,1980
45.4804,234,2946,1889,3750,3169,1980
45.5006,236,2948,1887,3750,3170,1980
45.5213,238,2950,1885,3750,3170,1980
45.5418,240,2952,1883,3751,3171,1980
45.5619,243,2955,1880,3752,3171,1980
45.5823,245,2957,1878,3752,3172,1980
45.6028,247,2959,1875,3753,3173,1980
45.6235,249,2961,1872,3754,3175,1980
45.6436,251,2964,1869,3755,3176,1980
45.6640,254,2966,1866,3756,3177,1980
45.6844,256,2968,1863,3757,3178,1980
45.7048,259,2970,1859,3758,3179,1980
45.7252,261,2973,1856,3760,3180,1980
45.7452,263,2975,1853,3761,3181,1980
45.7659,266,2977,1849,3762,3182,1980
45.7863,269,2980,1846,3763,3183,1980
45.8069,271,2982,1843,3763,3185,1980
45.8272,274,2984,1839,3764,3185,1980
45.8473,277,2986,1837,3765,3186,1980
45.8680,280,2988,1834,3765,3187,1980
45.8886,282,2990,1832,3765,3188,1980
45.9088,285,2991,1830,3766,3189,1980
45.9290,289,2993,1827,3767,3190,1980
45.9495,291,2995,1824,3768,3191,1980
45.9695,294,2997,1822,3769,3192,1980
45.9902,297,2999,1818,3770,3192,1980
46.0108,300,3002,1815,3771,3193,1980
46.0311,303,3004,1812,3772,3194,1980
46.0514,306,3006,1808,3774,3195,1980
46.0718,309,3009,1804,3776,3196,1980
46.0921,312,3011,1801,3777,3197,1980
46.1124,314,3014,1797,3778,3198,1980
46.1328,317,3016,1792,3780,3200,1980
46.1531,320,3019,1788,3782,3200,1980
46.1737,322,3022,1783,3784,3201,1980
46.1942,325,3025,1779,3785,3202,1980
46.2147,327,3028,1774,3786,3203,1980
46.2350,330,3031,1770,3787,3203,1980
46.2555,333,3034,1766,3789,3204,1980
46.2755,335,3037,1762,3790,3204,1980
46.2961,337,3040,1757,3792,3204,1980
46.3167,340,3043,1752,3794,3205,1980
46.3370,342,3046,1747,3796,3205,1980
46.3572,344,3049,1743,3798,3205,1980
46.3776,346,3052,1739,3800,3206,1980
46.3978,348,3054,1735,3801,3207,1980
46.4180,350,3057,1731,3803,3207,1980
46.4383,352,3059,1727,3805,3207,1980
46.4589,354,3062,1724,3806,3208,1980
46.4789,356,3064,1721,3807,3208,1980
46.4991,358,3066,1718,3808,3209,1980
46.5194,360,3068,1716,3809,3209,1980
46.5400,362,3070,1714,3810,3209,1980
46.5602,363,3072,1712,3811,3209,1980
46.5805,365,3074,1709,3812,3209,1980
46.6007,366,3076,1706,3813,3209,1980
46.6212,368,3078,1703,3814,3209,1980
46.6412,370,3080,1700,3815,3209,1980
46.6616,371,3082,1697,3816,3210,1980
46.6821,373,3085,1695,3818,3210,1980
46.7026,375,3087,1691,3819,3210,1980
46.7230,376,3090,1688,3820,3210,1980
46.7433,378,3092,1685,3821,3210,1980
46.7635,380,3094,1682,3822,3210,1980
46.7839,381,3097,1680,3823,3210,1980
46.8041,383,3099,1677,3823,3210,1980
46.8243,384,3101,1675,3824,3210,1980
46.8445,386,3103,1672,3825,3210,1980
46.8651,388,3105,1670,3826,3211,1980
46.8853,390,3107,1667,3827,3211,1980
46.9053,391,3109,1665,3828,3212,1980
46.9255,393,3110,1664,3828,3212,1980
46.9459,395,3112,1663,3828,3213,1980
46.9662,396,3113,1663,3828,3213,1980
46.9866,398,3113,1663,3828,3213,1980
47.0073,400,3114,1663,3829,3213,1980
47.0278,401,3115,1663,3830,3214,1980
47.0485,402,3115,1663,3831,3215,1980
47.0688,404,3116,1663,3832,3216,1980
47.0894,405,3116,1664,3833,3216,1980
47.1095,406,3116,1666,3833,3216,1980
47.1300,406,3116,1667,3833,3216,1980
47.1503,406,3116,1668,3834,3216,1980
47.1709,407,3116,1669,3835,3216,1980
47.1912,407,3116,1670,3835,3217,1980
47.2117,407,3115,1672,3835,3217,1980
47.2321,407,3115,1674,3835,3217,1980
47.2524,407,3115,1675,3835,3217,1980
47.2729,406,3114,1677,3835,3216,1980
47.2934,406,3114,1680,3835,3216,1980
47.3134,406,3113,1681,3835,3216,1980
47.3337,405,3113,1684,3835,3216,1980
47.3543,405,3112,1686,3835,3216,1980
47.3747,405,3111,1689,3835,3216,1980
47.3949,404,3110,1692,3835,3216,1980
47.4155,404,3109,1695,3835,3216,1980
47.4360,404,3108,1699,3835,3216,1980
47.4562,404,3107,1702,3835,3216,1980
47.4765,403,3105,1706,3834,3215,1980
47.4974,403,3103,1711,3833,3215,1980
47.5183,403,3101,1716,3831,3215,1980
47.5388,402,3099,1722,3828,3214,1980
47.5594,402,3097,1727,3826,3214,1980
47.5799,401,3094,1733,3823,3214,1980
47.6003,401,3092,1738,3821,3214,1980
47.6207,400,3090,1744,3818,3214,1980
47.6408,400,3089,1748,3815,3214,1980
47.6612,399,3088,1751,3814,3214,1980
47.6817,399,3087,1754,3813,3213,1980
47.7021,399,3087,1756,3811,3213,1980
47.7222,398,3087,1758,3810,3213,1980
47.7430,398,3086,1759,3808,3213,1980
47.7636,398,3086,1760,3807,3213,1980
47.7841,397,3086,1761,3806,3213,1980
47.8047,397,3086,1762,3804,3213,1980
47.8251,397,3086,1762,3803,3213,1980
47.8455,397,3087,1763,3802,3213,1980
47.8658,397,3087,1763,3801,3213,1980
47.8862,397,3088,1764,3801,3213,1980
47.9068,397,3088,1764,3800,3213,1980
47.9272,397,3089,1765,3799,3213,1980
47.9477,397,3089,1766,3797,3213,1980
47.9682,397,3089,1767,3796,3213,1980
47.9885,398,3089,1769,3794,3213,1980
48.0090,398,3089,1771,3792,3213,1980
48.0293,398,3089,1773,3790,3212,1980
48.0501,398,3089,1774,3788,3212,1980
48.0706,399,3089,1776,3785,3212,1980
48.0907,399,3089,1778,3783,3211,1980
48.1115,400,3089,1780,3781,3211,1980
48.1319,400,3089,1782,3779,3211,1980
48.1525,401,3089,1784,3776,3211,1980
48.1728,401,3089,1785,3774,3211,1980
48.1937,401,3089,1787,3772,3211,1980
48.2139,402,3089,1789,3770,3211,1980
48.2345,402,3089,1791,3768,3211,1980
48.2546,403,3089,1794,3765,3211,1980
48.2750,403,3089,1797,3762,3211,1980
48.2953,404,3087,1801,3759,3211,1980
48.3154,404,3086,1805,3756,3211,1980
48.3358,405,3084,1809,3753,3211,1980
48.3563,405,3082,1813,3750,3210,1980
48.3767,405,3080,1818,3747,3210,1980
48.3976,406,3077,1822,3744,3210,1980
48.4183,406,3075,1826,3741,3210,1980
48.4387,406,3072,1831,3738,3209,1980
48.4594,407,3070,1835,3736,3209,1980
48.4799,407,3068,1839,3735,3208,1979
48.5000,407,3065,1844,3732,3207,1979
48.5203,407,3061,1850,3728,3206,1979
48.5409,407,3058,1856,3724,3205,1979
48.5610,407,3056,1860,3722,3204,1979
48.5815,407,3053,1864,3719,3202,1979
48.6020,407,3051,1869,3717,3201,1979
48.6224,407,3049,1873,3714,3201,1979
48.6425,407,3046,1877,3712,3200,1979
48.6629,407,3044,1880,3710,3200,1979
48.6832,407,3043,1883,3708,3200,1979
48.7036,407,3041,1886,3706,3200,1979
48.7240,407,3039,1889,3705,3200,1979
48.7448,407,3037,1892,3702,3200,1979
48.7651,407,3035,1895,3700,3200,1979
48.7854,407,3033,1899,3696,3200,1979
48.8059,407,3031,1901,3694,3199,1979
48.8263,407,3029,1904,3692,3199,1979
48.8467,407,3028,1907,3689,3199,1979
48.8668,407,3026,1910,3686,3199,1979
48.8871,408,3024,1913,3683,3199,1979
48.9075,408,3022,1915,3681,3198,1979
48.9279,408,3021,1917,3680,3198,1979
48.9484,408,3020,1919,3677,3198,1979
48.9685,409,3019,1921,3675,3198,1979
48.9890,409,3017,1923,3673,3197,1979
49.0096,409,3016,1925,3671,3197,1979
49.0301,410,3015,1928,3669,3196,1979
49.0507,410,3014,1929,3666,3196,1979
49.0708,411,3013,1932,3664,3196,1978
49.0912,411,3011,1935,3662,3195,1978
49.1114,411,3010,1938,3660,3194,1978
49.1316,411,3008,1941,3657,3194,1978
49.1518,411,3006,1945,3653,3193,1978
49.1725,411,3004,1948,3651,3193,1978
49.1926,411,3002,1951,3648,3193,1978
49.2130,411,3000,1955,3646,3192,1978
49.2332,411,2998,1958,3644,3191,1978
49.2537,411,2996,1961,3641,3190,1978
49.2740,411,2994,1965,3638,3190,1978
49.2943,411,2992,1969,3634,3189,1978
49.3145,411,2990,1972,3632,3189,1978
49.3354,410,2988,1976,3629,3188,1978
49.3557,410,2986,1979,3626,3188,1978
49.3759,410,2985,1982,3622,3187,1978
49.3962,409,2983,1985,3619,3186,1978
49.4169,409,2982,1988,3616,3186,1978
49.4373,409,2981,1991,3613,3186,1978
49.4576,409,2980,1993,3611,3186,1978
49.4777,409,2979,1994,3609,3185,1978
49.4982,409,2979,1995,3608,3184,1978
49.5186,409,2978,1997,3606,3183,1978
49.5387,409,2977,1999,3602,3182,1978
49.5592,408,2976,2002,3599,3180,1978
49.5794,408,2975,2005,3595,3179,1978
49.5998,408,2974,2008,3592,3178,1978
49.6202,408,2973,2011,3589,3177,1978
49.6405,408,2972,2013,3587,3177,1978
49.6610,408,2972,2015,3585,3176,1978
49.6814,408,2971,2018,3583,3176,1978
49.7023,407,2970,2021,3580,3176,1978
49.7226,407,2969,2025,3578,3176,1978
49.7429,407,2969,2027,3575,3176,1978
49.7634,407,2968,2031,3573,3176,1978
49.7839,407,2968,2034,3570,3176,1978
49.8042,407,2967,2037,3568,3176,1978
49.8243,407,2967,2041,3565,3176,1978
49.8445,407,2966,2043,3562,3175,1978
49.8651,407,2965,2047,3560,3175,1978
49.8854,407,2964,2049,3557,3175,1978
49.9055,406,2964,2052,3554,3175,1978
49.9264,406,2964,2054,3552,3175,1978
49.9468,406,2963,2056,3548,3175,1978
49.9672,406,2962,2059,3544,3175,1978
49.9876,406,2962,2062,3539,3175,1978
50.0082,406,2961,2064,3534,3175,1978
50.0287,406,2961,2066,3530,3175,1978
50.0491,405,2961,2067,3528,3175,1978
50.0693,405,2961,2068,3527,3174,1978
50.0904,405,2961,2070,3524,3173,1978
50.1110,405,2961,2072,3521,3173,1978
50.1314,404,2960,2074,3518,3173,1978
50.1519,404,2960,2076,3516,3172,1978
50.1726,404,2960,2077,3515,3172,1978
50.1930,404,2960,2079,3513,3172,1978
50.2134,403,2960,2081,3511,3172,1978
50.2338,403,2960,2083,3509,3172,1978
50.2542,403,2960,2085,3508,3172,1978
50.2747,403,2960,2087,3507,3172,1978
50.2950,403,2960,2088,3505,3172,1978
50.3153,403,2960,2090,3503,3172,1978
50.3358,403,2960,2092,3502,3172,1978
50.3563,403,2960,2094,3501,3172,1978
50.3768,403,2960,2095,3500,3172,1978
50.3973,403,2960,2097,3499,3172,1978
50.4178,403,2960,2098,3498,3172,1978
50.4383,403,2961,2099,3497,3172,1978
50.4586,403,2962,2100,3496,3172,1978
50.4791,403,2963,2100,3494,3172,1978
50.4991,403,2964,2101,3493,3172,1978
50.5196,403,2965,2101,3493,3172,1978
50.5398,403,2966,2101,3492,3172,1978
50.5602,404,2967,2101,3492,3172,1978
50.5803,404,2968,2100,3491,3172,1978
50.6010,404,2969,2098,3491,3172,1978
50.6211,405,2971,2097,3491,3172,1978
50.6417,406,2972,2096,3491,3172,1978
50.6621,406,2973,2094,3491,3172,1978
50.6827,406,2975,2093,3491,3172,1978
50.7030,407,2977,2091,3491,3173,1978
50.7235,407,2978,2091,3491,3173,1978
50.7439,407,2980,2089,3491,3173,1978
50.7643,407,2982,2088,3491,3173,1978
50.7845,407,2983,2086,3491,3173,1978
50.8049,407,2985,2085,3491,3173,1978
50.8253,407,2987,2083,3490,3173,1978
50.8458,407,2989,2081,3490,3173,1978
50.8661,408,2990,2079,3490,3173,1978
50.8862,408,2993,2077,3490,3173,1978
50.9066,408,2995,2074,3490,3173,1978
50.9272,408,2997,2072,3490,3173,1978
50.9475,408,2999,2070,3490,3173,1978
50.9677,408,3002,2068,3490,3173,1978
50.9881,408,3004,2066,3490,3173,1978
51.0083,408,3006,2064,3490,3173,1978
51.0286,408,3008,2062,3490,3173,1978
51.0491,408,3010,2060,3490,3173,1978
51.0696,408,3012,2059,3490,3173,1978
51.0902,408,3014,2057,3490,3173,1978
51.1108,408,3016,2055,3490,3173,1978
51.1314,408,3018,2054,3490,3173,1978
51.1518,408,3021,2052,3490,3173,1978
51.1722,408,3023,2051,3490,3173,1978
51.1925,408,3025,2049,3490,3173,1978
51.2129,409,3028,2048,3490,3173,1978
51.2331,409,3031,2046,3490,3173,1978
51.2533,409,3034,2044,3490,3173,1978
51.2735,409,3036,2043,3490,3173,1978
51.2938,410,3039,2040,3490,3173,1978
51.3146,410,3042,2038,3490,3173,1978
51.3348,410,3045,2035,3490,3173,1978
51.3555,411,3048,2033,3490,3173,1978
51.3757,411,3051,2030,3490,3173,1978
51.3960,411,3053,2028,3490,3173,1978
51.4164,411,3056,2026,3490,3173,1978
51.4368,411,3059,2023,3490,3173,1978
51.4574,411,3060,2021,3490,3173,1978
51.4777,411,3063,2019,3490,3173,1978
51.4981,411,3065,2017,3490,3173,1978
51.5188,411,3067,2015,3490,3173,1978
51.5396,412,3069,2013,3490,3173,1978
51.5601,412,3071,2012,3490,3173,1978
51.5804,412,3072,2011,3491,3173,1978
51.6008,413,3074,2010,3491,3173,1978
51.6212,413,3076,2009,3491,3173,1978
51.6420,413,3077,2008,3491,3174,1978
51.6623,414,3079,2007,3491,3174,1978
51.6829,414,3081,2006,3491,3174,1978
51.7032,415,3083,2005,3491,3174,1978
51.7237,415,3084,2004,3491,3174,1978
51.7444,416,3087,2003,3491,3174,1978
51.7648,416,3089,2001,3491,3174,1978
51.7849,417,3091,2000,3491,3174,1978
51.8052,417,3093,1999,3491,3174,1978
51.8255,418,3094,1998,3491,3174,1978
51.8460,418,3096,1996,3491,3174,1978
51.8665,419,3098,1995,3491,3174,1978
51.8869,420,3100,1995,3491,3174,1978
51.9070,420,3101,1994,3491,3174,1978
51.9272,421,3102,1994,3491,3174,1978
51.9475,421,3103,1994,3491,3175,1978
51.9680,422,3104,1994,3491,3175,1978
51.9884,422,3105,1994,3491,3175,1978
52.0089,423,3106,1994,3491,3175,1978
52.0297,423,3107,1993,3491,3175,1978
52.0499,424,3108,1993,3491,3175,1978
52.0704,424,3109,1992,3491,3175,1978
52.0909,425,3110,1992,3491,3175,1978
52.1111,426,3112,1991,3491,3175,1978
52.1315,426,3113,1991,3491,3175,1978
52.1519,427,3114,1990,3491,3175,1978
52.1725,428,3116,1989,3491,3175,1978
52.1929,428,3118,1987,3491,3175,1978
52.2132,429,3119,1986,3491,3175,1978
52.2336,430,3121,1985,3491,3175,1978
52.2539,430,3123,1983,3491,3175,1978
52.2741,431,3124,1981,3492,3175,1978
52.2945,431,3126,1979,3492,3175,1978
52.3147,432,3128,1977,3493,3175,1978
52.3350,432,3130,1976,3493,3175,1978
52.3554,433,3132,1974,3493,3175,1978
52.3760,433,3133,1973,3493,3176,1978
52.3964,434,3134,1972,3494,3176,1978
52.4168,434,3136,1971,3494,3176,1978
52.4372,435,3137,1970,3494,3176,1978
52.4573,435,3138,1970,3494,3176,1978
52.4778,436,3139,1969,3494,3176,1978
52.4981,436,3139,1969,3494,3176,1978
52.5186,436,3140,1968,3495,3176,1978
52.5391,436,3141,1968,3495,3176,1978
52.5596,437,3141,1968,3495,3176,1978
52.5799,437,3142,1968,3496,3176,1978
52.6001,437,3143,1968,3496,3176,1978
52.6203,438,3143,1968,3496,3177,1978
52.6406,438,3144,1967,3496,3177,1978
52.6610,438,3145,1967,3496,3177,1978
52.6813,438,3146,1967,3496,3177,1978
52.7016,438,3147,1966,3496,3177,1978
52.7218,438,3148,1965,3496,3177,1978
52.7421,438,3149,1965,3496,3177,1978
52.7626,438,3150,1964,3497,3177,1978
52.7835,439,3152,1963,3497,3177,1978
52.8040,439,3153,1962,3497,3177,1978
52.8245,439,3154,1961,3497,3177,1978
52.8449,439,3155,1961,3497,3177,1978
52.8653,440,3156,1960,3497,3177,1978
52.8858,440,3158,1959,3498,3177,1978
52.9062,441,3159,1958,3498,3177,1978
52.9264,441,3160,1957,3499,3177,1978
52.9468,442,3162,1956,3499,3177,1978
52.9671,442,3163,1956,3499,3177,1978
52.9875,443,3164,1955,3499,3177,1978
53.0081,443,3165,1955,3499,3177,1978
53.0284,443,3166,1954,3499,3177,1978
53.0485,444,3167,1954,3499,3177,1978
53.0687,444,3168,1953,3500,3177,1978
53.0892,444,3169,1953,3500,3177,1978
53.1098,444,3170,1952,3500,3177,1978
53.1302,444,3171,1952,3500,3177,1978
53.1503,445,3172,1951,3500,3177,1978
53.1705,445,3173,1950,3500,3177,1978
53.1906,445,3174,1950,3500,3177,1978
53.2113,445,3175,1949,3500,3178,1978
53.2316,445,3176,1949,3500,3178,1978
53.2517,445,3177,1949,3500,3178,1978
53.2720,445,3178,1948,3500,3178,1978
53.2926,445,3179,1948,3500,3178,1978
53.3131,445,3180,1948,3500,3178,1978
53.3332,445,3181,1948,3500,3178,1978
53.3534,445,3181,1948,3500,3178,1978
53.3738,445,3182,1948,3500,3178,1978
53.3940,445,3183,1948,3500,3178,1978
53.4143,445,3184,1947,3500,3178,1978
53.4348,444,3184,1947,3500,3178,1978
53.4553,444,3185,1947,3500,3178,1978
53.4757,444,3185,1947,3500,3178,1978
53.4958,444,3186,1946,3500,3178,1978
53.5164,444,3187,1946,3500,3178,1978
53.5371,444,3188,1945,3500,3178,1978
53.5573,444,3188,1945,3500,3178,1978
53.5778,444,3189,1944,3500,3178,1978
53.5981,444,3190,1944,3500,3178,1978
53.6189,444,3191,1943,3500,3178,1978
53.6394,444,3192,1942,3500,3178,1978
53.6596,444,3193,1942,3500,3178,1978
53.6803,444,3194,1942,3500,3178,1978
53.7007,444,3195,1941,3500,3178,1978
53.7210,444,3196,1941,3500,3178,1978
53.7412,444,3197,1941,3500,3178,1978
53.7616,444,3198,1941,3500,3178,1978
53.7828,444,3199,1940,3500,3178,1978
53.8033,444,3200,1940,3500,3179,1978
53.8243,444,3201,1939,3500,3179,1978
53.8448,445,3203,1939,3500,3179,1978
53.8651,445,3204,1938,3500,3179,1978
53.8853,445,3205,1938,3500,3179,1978
53.9061,445,3206,1937,3500,3179,1978
53.9266,445,3207,1936,3501,3179,1978
53.9467,445,3208,1936,3501,3179,1978
53.9670,445,3209,1935,3501,3179,1978
53.9872,446,3210,1935,3502,3179,1978
54.0073,446,3211,1934,3502,3179,1978
54.0277,446,3212,1934,3502,3179,1978
54.0481,446,3213,1934,3502,3179,1978
54.0686,446,3214,1933,3502,3179,1978
54.0895,446,3214,1933,3502,3179,1978
54.1098,447,3215,1933,3502,3179,1978
54.1299,447,3215,1933,3503,3179,1978
54.1501,447,3216,1932,3503,3179,1978
54.1707,447,3216,1931,3503,3179,1978
54.1911,447,3217,1930,3504,3179,1978
54.2113,448,3218,1930,3504,3179,1978
54.2319,448,3218,1929,3505,3179,1978
54.2520,448,3219,1928,3505,3179,1978
54.2729,448,3219,1928,3506,3179,1978
54.2933,449,3220,1927,3506,3179,1978
54.3148,449,3220,1927,3507,3179,1978
54.3350,449,3221,1926,3507,3179,1978
54.3552,450,3221,1926,3507,3179,1978
54.3757,450,3221,1925,3508,3179,1978
54.3963,450,3221,1925,3508,3179,1978
54.4165,450,3222,1925,3509,3179,1978
54.4369,451,3222,1925,3509,3179,1978
54.4574,451,3223,1925,3510,3179,1978
54.4775,451,3223,1925,3510,3179,1978
54.4981,451,3223,1925,3510,3179,1978
54.5184,452,3223,1925,3511,3179,1978
54.5392,452,3223,1925,3511,3179,1978
54.5596,452,3223,1925,3511,3179,1978
54.5796,452,3223,1925,3512,3178,1978
54.5998,452,3223,1925,3512,3178,1978
54.6205,453,3223,1925,3513,3178,1978
54.6409,453,3223,1925,3513,3178,1978
54.6612,453,3223,1925,3513,3178,1978
54.6816,453,3223,1925,3514,3178,1978
54.7021,453,3223,1925,3514,3178,1978
54.7225,453,3223,1925,3514,3178,1978
54.7427,453,3223,1925,3514,3177,1978
54.7632,453,3223,1925,3515,3177,1978
54.7835,453,3223,1925,3515,3177,1978
54.8042,453,3223,1925,3515,3177,1978
54.8243,453,3224,1925,3515,3177,1978
54.8447,453,3224,1925,3515,3177,1978
54.8650,453,3224,1925,3515,3177,1978
54.8851,453,3224,1926,3515,3177,1978
54.9056,453,3224,1926,3515,3177,1978
54.9259,453,3225,1926,3515,3177,1978
54.9463,453,3225,1927,3515,3177,1978
54.9665,453,3225,1927,3515,3176,1978
54.9869,453,3225,1927,3515,3176,1978
55.0073,453,3225,1927,3515,3176,1978
55.0275,453,3225,1927,3515,3176,1978
55.0478,453,3225,1927,3515,3176,1978
55.0682,453,3226,1928,3515,3176,1978
55.0886,453,3226,1928,3515,3176,1978
55.1093,453,3226,1928,3515,3176,1978
55.1297,453,3227,1928,3515,3176,1978
55.1501,453,3227,1928,3515,3175,1978
55.1702,453,3227,1927,3515,3175,1978
55.1905,452,3227,1927,3515,3175,1978
55.2110,452,3227,1927,3515,3175,1978
55.2315,452,3227,1927,3515,3175,1978
55.2520,452,3228,1927,3515,3175,1978
55.2724,452,3228,1927,3515,3174,1978
55.2927,451,3228,1927,3515,3174,1978
55.3130,451,3228,1927,3515,3174,1978
55.3342,451,3228,1927,3515,3174,1979
55.3550,450,3228,1927,3515,3174,1979
55.3757,450,3228,1927,3515,3174,1979
55.3973,450,3228,1927,3515,3173,1979
55.4176,449,3228,1926,3515,3173,1979
55.4380,449,3228,1926,3515,3173,1979
55.4584,449,3228,1926,3515,3173,1979
55.4788,449,3228,1926,3515,3173,1979
55.4994,448,3228,1926,3515,3173,1979
55.5199,448,3228,1926,3515,3173,1979
55.5405,448,3228,1927,3515,3172,1979
55.5605,447,3228,1927,3516,3172,1979
55.5808,447,3228,1927,3516,3172,1979
55.6008,447,3228,1927,3516,3172,1979
55.6209,446,3228,1927,3516,3172,1979
55.6409,446,3228,1927,3516,3171,1979
55.6610,446,3228,1927,3516,3170,1982
55.6811,446,3228,1927,3518,3170,1986
55.7018,446,3228,1927,3518,3170,1989
55.7219,446,3228,1927,3518,3170,1991
55.7423,445,3228,1927,3518,3170,1992
55.7630,445,3228,1927,3518,3170,1992
55.7830,445,3228,1927,3518,3169,1992
55.8035,445,3228,1927,3518,3169,1994
55.8243,445,3228,1927,3518,3169,1997
55.8446,444,3228,1927,3518,3169,1997
55.8649,444,3228,1927,3518,3169,1995
55.8853,444,3228,1927,3518,3168,1992
55.9057,444,3228,1927,3518,3168,1985
55.9264,444,3228,1927,3518,3168,1981
55.9466,444,3228,1927,3518,3168,1981
55.9668,444,3228,1927,3518,3168,1981
55.9875,444,3228,1927,3518,3167,1981
56.0079,444,3228,1928,3518,3167,1981
56.0285,444,3228,1928,3518,3167,1981
56.0487,444,3228,1928,3518,3167,1981
56.0691,444,3228,1928,3518,3167,1981
56.0901,444,3228,1928,3518,3167,1981
56.1103,444,3228,1929,3518,3167,1981
56.1306,444,3228,1929,3518,3167,1981
56.1510,444,3228,1929,3518,3167,1981
56.1716,444,3228,1929,3518,3167,1981
56.1922,444,3228,1929,3518,3167,1981
56.2122,444,3228,1929,3518,3167,1981
56.2331,444,3229,1929,3518,3167,1981
56.2534,444,3229,1929,3518,3167,1981
56.2737,444,3229,1929,3518,3167,1981
56.2941,444,3229,1929,3518,3167,1981
56.3145,444,3229,1929,3518,3167,1981
56.3349,443,3229,1929,3518,3167,1981
56.3551,443,3229,1929,3518,3167,1981
56.3756,443,3229,1929,3518,3167,1981
56.3962,443,3229,1929,3518,3167,1981
56.4168,443,3229,1929,3518,3167,1981
56.4369,443,3229,1929,3518,3167,1981
56.4573,443,3229,1929,3518,3167,1981
56.4778,443,3229,1929,3518,3167,1981
56.4982,443,3230,1929,3518,3167,1981
56.5184,443,3230,1929,3518,3167,1981
56.5387,443,3230,1929,3518,3167,1981
56.5587,443,3230,1929,3518,3167,1985
56.5790,443,3230,1929,3518,3167,1992
56.5993,443,3230,1929,3518,3167,1995
56.6197,443,3230,1929,3518,3167,1998
56.6402,443,3230,1929,3518,3167,1999
56.6610,443,3230,1929,3518,3167,2000
56.6811,443,3230,1929,3518,3167,2001
56.7019,443,3230,1929,3518,3167,2002
56.7224,443,3230,1929,3519,3167,2003
56.7427,443,3230,1929,3519,3166,2003
56.7634,443,3230,1929,3519,3166,2004
56.7838,443,3230,1929,3519,3166,2004
56.8044,443,3230,1929,3519,3166,2005
56.8247,443,3230,1929,3520,3166,2004
56.8454,443,3230,1929,3520,3166,2003
56.8656,443,3230,1929,3520,3166,2003
56.8858,443,3230,1929,3521,3166,2003
56.9062,443,3230,1929,3521,3166,2004
56.9264,443,3230,1929,3522,3166,2007
56.9465,443,3230,1929,3522,3166,2010
56.9673,443,3230,1929,3522,3166,2012
56.9877,443,3230,1929,3522,3165,2013
57.0080,443,3230,1929,3522,3165,2014
57.0281,443,3230,1929,3522,3165,2016
57.0484,443,3230,1929,3523,3165,2017
57.0685,443,3230,1929,3523,3165,2019
57.0890,443,3230,1929,3523,3165,2021
57.1092,443,3230,1929,3523,3165,2023
57.1298,443,3230,1929,3523,3165,2024
57.1502,443,3230,1929,3523,3165,2022
57.1708,444,3230,1929,3523,3165,2020
57.1910,444,3230,1929,3523,3165,2019
57.2115,444,3230,1928,3523,3165,2018
57.2319,444,3230,1928,3523,3165,2018
57.2519,444,3230,1928,3524,3165,2017
57.2723,444,3230,1928,3524,3165,2017
57.2927,444,3230,1928,3524,3165,2018
57.3131,444,3230,1928,3524,3165,2018
57.3336,444,3229,1928,3524,3165,2019
57.3540,445,3229,1928,3524,3165,2020
57.3742,445,3229,1928,3524,3165,2020
57.3945,445,3229,1928,3524,3165,2020
57.4146,445,3229,1928,3524,3165,2020
57.4353,445,3229,1928,3524,3165,2020
57.4554,445,3229,1928,3524,3165,2023
57.4758,445,3229,1927,3524,3165,2031
57.4962,445,3229,1927,3524,3165,2035
57.5165,445,3229,1927,3524,3165,2041
57.5372,446,3229,1927,3524,3165,2048
57.5573,446,3229,1927,3525,3164,2055
57.5778,446,3229,1927,3525,3164,2060
57.5981,447,3229,1927,3525,3164,2063
57.6183,447,3229,1927,3526,3164,2067
57.6387,448,3229,1927,3526,3164,2071
57.6592,448,3229,1927,3526,3164,2075
57.6796,448,3229,1927,3526,3164,2079
57.6998,448,3229,1927,3526,3164,2080
57.7199,448,3229,1927,3526,3164,2080
57.7400,448,3229,1927,3526,3164,2079
57.7602,448,3229,1927,3526,3164,2078
57.7807,448,3229,1927,3526,3164,2078
57.8008,448,3229,1927,3526,3164,2081
57.8211,448,3229,1927,3526,3164,2086
57.8413,448,3229,1927,3526,3164,2093
57.8621,448,3229,1926,3526,3164,2100
57.8826,448,3229,1926,3526,3165,2106
57.9031,448,3229,1926,3526,3165,2113
57.9233,448,3229,1926,3526,3165,2119
57.9441,448,3229,1926,3526,3166,2126
57.9647,448,3229,1926,3526,3166,2133
57.9848,448,3229,1926,3526,3166,2141
58.0051,448,3229,1926,3526,3167,2151
58.0256,448,3229,1926,3526,3167,2160
58.0458,447,3229,1926,3526,3167,2170
58.0660,447,3229,1926,3526,3167,2180
58.0865,447,3229,1926,3526,3167,2190
58.1068,447,3229,1926,3526,3167,2198
58.1273,447,3230,1926,3526,3167,2206
58.1479,447,3230,1926,3526,3167,2214
58.1684,447,3230,1925,3526,3167,2222
58.1889,447,3230,1925,3526,3167,2231
58.2091,447,3230,1925,3526,3167,2238
58.2293,447,3230,1925,3526,3167,2244
58.2497,447,3230,1925,3526,3167,2251
58.2701,447,3230,1925,3526,3167,2256
58.2902,447,3230,1925,3526,3167,2263
58.3107,447,3230,1925,3526,3167,2271
58.3313,447,3230,1925,3526,3167,2279
58.3513,447,3230,1925,3526,3167,2284
58.3718,447,3230,1925,3526,3167,2289
58.3923,447,3230,1925,3526,3167,2296
58.4125,447,3230,1925,3526,3168,2304
58.4326,447,3230,1925,3526,3168,2311
58.4531,447,3230,1925,3526,3168,2317
58.4735,447,3230,1924,3526,3168,2322
58.4940,447,3230,1924,3526,3168,2328
58.5141,447,3230,1923,3526,3168,2336
58.5345,447,3230,1923,3526,3168,2343
58.5550,447,3230,1923,3526,3168,2350
58.5754,447,3230,1923,3526,3168,2357
58.5956,447,3230,1923,3526,3168,2364
58.6159,447,3230,1923,3526,3168,2369
58.6360,447,3230,1923,3526,3168,2371
58.6564,447,3230,1923,3526,3168,2374
58.6767,447,3230,1923,3526,3168,2378
58.6969,447,3230,1923,3526,3168,2382
58.7176,447,3230,1923,3526,3168,2385
58.7381,447,3230,1923,3526,3168,2389
58.7586,447,3230,1923,3527,3168,2393
58.7791,447,3230,1923,3527,3168,2397
58.7995,448,3230,1923,3527,3168,2401
58.8200,448,3230,1923,3527,3168,2406
58.8402,448,3229,1923,3527,3168,2412
58.8602,448,3229,1923,3527,3168,2419
58.8806,448,3229,1923,3527,3168,2426
58.9008,448,3229,1922,3527,3168,2433
58.9213,448,3229,1922,3527,3168,2441
58.9419,447,3229,1922,3527,3168,2448
58.9623,447,3229,1922,3527,3168,2456
58.9828,447,3229,1922,3527,3168,2463
59.0034,447,3229,1922,3527,3168,2471
59.0239,447,3229,1922,3527,3168,2478
59.0441,447,3229,1922,3527,3168,2485
59.0642,447,3229,1922,3527,3168,2492
59.0844,447,3229,1922,3527,3168,2500
59.1044,447,3229,1922,3527,3168,2507
59.1247,447,3229,1922,3527,3168,2513
59.1453,447,3229,1922,3527,3168,2518
59.1655,448,3229,1922,3527,3169,2523
59.1861,448,3229,1922,3527,3169,2529
59.2064,448,3229,1922,3527,3169,2533
59.2270,449,3229,1922,3527,3169,2537
59.2474,449,3229,1922,3527,3169,2542
59.2682,449,3229,1922,3527,3169,2548
59.2885,450,3229,1922,3527,3170,2555
59.3089,450,3229,1922,3527,3170,2563
59.3291,450,3229,1921,3527,3170,2571
59.3495,450,3229,1921,3527,3170,2579
59.3701,450,3229,1921,3527,3170,2589
59.3908,450,3229,1921,3527,3170,2598
59.4115,450,3229,1921,3527,3170,2606
59.4319,450,3229,1921,3527,3170,2613
59.4524,450,3229,1921,3527,3170,2620
59.4728,450,3229,1921,3527,3170,2629
59.4931,450,3229,1921,3527,3170,2636
59.5132,450,3229,1922,3527,3170,2641
59.5333,450,3229,1922,3527,3170,2645
59.5538,450,3229,1922,3527,3170,2650
59.5742,450,3229,1922,3527,3170,2656
59.5946,450,3229,1922,3527,3170,2662
59.6148,450,3229,1922,3527,3170,2669
59.6348,450,3229,1922,3527,3170,2675
59.6551,450,3229,1922,3527,3170,2681
59.6754,450,3228,1922,3527,3170,2688
59.6959,450,3228,1922,3527,3170,2695
59.7163,450,3228,1922,3527,3170,2703
59.7371,450,3228,1922,3527,3170,2708
59.7576,450,3228,1922,3527,3170,2713
59.7781,450,3228,1922,3527,3170,2718
59.7990,449,3228,1921,3527,3170,2725
59.8194,449,3228,1921,3527,3170,2732
59.8396,449,3228,1920,3527,3170,2738
59.8598,449,3228,1919,3527,3170,2746
59.8798,449,3228,1919,3527,3170,2755
59.9000,449,3228,1919,3527,3170,2764
59.9205,449,3228,1918,3527,3170,2772
59.9409,449,3228,1918,3528,3170,2781
59.9612,449,3228,1918,3528,3170,2790
59.9817,448,3228,1918,3528,3170,2799
60.0022,448,3228,1918,3528,3170,2805
60.0229,448,3228,1919,3528,3170,2810
60.0433,448,3228,1919,3528,3170,2815
60.0638,448,3227,1919,3528,3170,2821
60.0847,448,3227,1919,3528,3170,2827
60.1051,448,3227,1919,3528,3170,2832
60.1260,448,3227,1919,3528,3170,2837
60.1463,448,3227,1919,3528,3170,2842
60.1667,448,3227,1919,3528,3170,2847
60.1872,448,3227,1918,3528,3171,2851
60.2076,448,3227,1918,3528,3171,2854
60.2280,448,3227,1918,3528,3171,2859
60.2482,448,3227,1918,3528,3171,2865
60.2682,448,3227,1918,3528,3171,2872
60.2886,448,3227,1918,3528,3171,2877
60.3091,448,3227,1918,3528,3171,2884
60.3296,448,3227,1918,3528,3171,2892
60.3501,448,3227,1918,3529,3171,2902
60.3714,448,3227,1918,3529,3171,2910
60.3914,447,3227,1918,3529,3171,2918
60.4118,447,3227,1918,3529,3171,2924
60.4326,447,3227,1918,3529,3171,2928
60.4533,447,3227,1919,3529,3171,2934
60.4735,447,3227,1919,3529,3171,2939
60.4939,447,3227,1919,3529,3171,2944
60.5144,447,3227,1919,3529,3171,2948
60.5348,447,3227,1919,3529,3171,2952
60.5553,447,3227,1919,3529,3171,2959
60.5757,447,3227,1919,3529,3171,2966
60.5963,447,3227,1919,3529,3171,2972
60.6166,447,3227,1919,3529,3171,2977
60.6370,447,3227,1919,3529,3171,2981
60.6572,447,3227,1919,3529,3171,2983
60.6776,447,3227,1919,3529,3171,2984
60.6984,446,3227,1918,3529,3171,2985
60.7186,446,3227,1918,3529,3171,2987
60.7391,446,3227,1917,3529,3171,2987
60.7592,446,3227,1917,3529,3171,2987
60.7798,446,3227,1916,3529,3171,2987
60.7998,446,3227,1916,3529,3171,2987
60.8199,445,3227,1915,3529,3171,2987
60.8402,445,3227,1914,3530,3171,2987
60.8603,445,3227,1914,3531,3171,2987
60.8806,445,3227,1913,3531,3171,2986
60.9012,445,3227,1913,3531,3171,2986
60.9214,445,3227,1912,3532,3171,2985
60.9419,445,3227,1911,3532,3171,2985
60.9625,445,3227,1910,3533,3171,2984
60.9829,445,3227,1909,3534,3171,2984
61.0036,445,3226,1908,3535,3171,2984
61.0239,445,3226,1906,3536,3171,2983
61.0441,445,3226,1905,3536,3171,2983
61.0644,444,3225,1903,3538,3171,2983
61.0846,444,3225,1901,3539,3171,2983
61.1049,444,3225,1899,3541,3171,2983
61.1254,443,3225,1897,3542,3171,2983
61.1459,443,3224,1896,3543,3171,2983
61.1664,443,3224,1895,3544,3171,2982
61.1869,443,3223,1893,3545,3172,2982
61.2073,442,3222,1893,3546,3172,2982
61.2276,442,3222,1892,3547,3172,2982
61.2481,442,3221,1891,3548,3172,2982
61.2681,441,3220,1891,3548,3173,2982
61.2885,441,3218,1891,3549,3173,2982
61.3089,441,3217,1892,3549,3173,2982
61.3294,441,3215,1892,3550,3173,2982
61.3497,441,3214,1894,3551,3173,2982
61.3701,440,3212,1894,3551,3173,2981
61.3904,440,3209,1896,3552,3173,2981
61.4106,440,3208,1897,3552,3173,2980
61.4307,440,3205,1898,3552,3173,2980
61.4511,440,3203,1899,3553,3173,2980
61.4715,439,3201,1900,3553,3173,2980
61.4916,439,3198,1902,3553,3173,2980
61.5120,439,3196,1903,3554,3173,2979
61.5325,439,3194,1904,3554,3173,2979
61.5528,439,3192,1904,3554,3173,2979
61.5732,439,3189,1905,3555,3173,2979
61.5934,438,3187,1906,3555,3173,2979
61.6137,438,3186,1907,3555,3173,2979
61.6341,438,3183,1907,3556,3174,2978
61.6542,437,3181,1907,3556,3174,2978
61.6744,437,3179,1908,3557,3174,2978
61.6954,437,3177,1909,3557,3174,2978
61.7159,437,3175,1909,3557,3174,2978
61.7365,436,3173,1910,3558,3174,2978
61.7569,436,3171,1911,3559,3174,2978
61.7774,436,3168,1912,3559,3174,2978
61.7983,435,3166,1913,3559,3174,2978
61.8186,435,3163,1914,3559,3174,2978
61.8391,434,3160,1915,3560,3174,2979
61.8594,433,3158,1917,3560,3174,2979
61.8799,433,3156,1918,3560,3174,2979
61.9004,433,3153,1919,3561,3174,2979
61.9208,432,3151,1920,3561,3174,2979
61.9409,432,3148,1921,3561,3174,2980
61.9609,432,3146,1922,3561,3174,2980
61.9815,432,3144,1923,3562,3174,2980
62.0021,432,3141,1923,3562,3174,2980
62.0227,432,3139,1924,3562,3174,2981
62.0432,432,3137,1924,3563,3174,2981
62.0637,432,3135,1925,3563,3174,2981
62.0839,432,3133,1925,3563,3174,2981
62.1043,432,3132,1925,3564,3174,2981
62.1250,432,3130,1925,3564,3174,2981
62.1452,432,3128,1925,3565,3174,2981
62.1655,432,3126,1925,3565,3174,2981
62.1863,432,3125,1925,3566,3174,2981
62.2067,432,3123,1925,3566,3174,2981
62.2274,432,3121,1925,3567,3174,2981
62.2478,432,3119,1925,3567,3174,2981
62.2678,432,3117,1925,3568,3174,2981
62.2882,432,3115,1925,3569,3174,2980
62.3087,432,3113,1925,3569,3174,2980
62.3289,432,3111,1925,3570,3174,2980
62.3491,432,3108,1925,3571,3174,2980
62.3695,432,3106,1926,3571,3174,2980
62.3899,432,3104,1926,3572,3174,2980
62.4104,432,3101,1927,3573,3174,2980
62.4310,432,3099,1928,3573,3174,2980
62.4515,431,3096,1928,3574,3174,2980
62.4722,431,3094,1929,3574,3174,2980
62.4926,430,3091,1930,3574,3174,2980
62.5132,430,3088,1931,3575,3174,2980
62.5341,430,3085,1933,3575,3174,2979
62.5541,429,3082,1933,3576,3174,2979
62.5743,429,3080,1934,3576,3174,2979
62.5945,429,3077,1935,3577,3174,2979
62.6146,428,3074,1936,3577,3174,2979
62.6347,428,3072,1936,3578,3174,2979
62.6552,428,3069,1937,3579,3174,2979
62.6755,428,3067,1937,3579,3174,2979
62.6956,427,3065,1937,3580,3174,2978
62.7164,427,3063,1937,3580,3174,2978
62.7376,427,3061,1937,3581,3174,2978
62.7584,426,3059,1937,3581,3174,2978
62.7789,426,3057,1936,3582,3174,2978
62.7994,426,3055,1936,3583,3174,2977
62.8198,425,3053,1936,3584,3174,2977
62.8403,425,3051,1935,3585,3174,2977
62.8606,425,3049,1935,3586,3174,2977
62.8809,424,3047,1934,3587,3174,2976
62.9009,424,3045,1934,3588,3175,2976
62.9210,424,3043,1934,3589,3175,2976
62.9414,423,3040,1934,3590,3175,2976
62.9621,423,3038,1934,3591,3175,2976
62.9825,422,3036,1934,3592,3175,2976
63.0033,422,3033,1934,3593,3175,2976
63.0240,422,3030,1935,3594,3175,2976
63.0444,422,3028,1936,3594,3175,2976
63.0644,422,3025,1937,3595,3174,2976
63.0849,421,3023,1938,3595,3174,2976
63.1050,421,3020,1938,3596,3174,2976
63.1254,421,3017,1939,3597,3174,2976
63.1461,421,3015,1939,3598,3174,2976
63.1664,421,3013,1939,3598,3173,2976
63.1865,421,3011,1939,3599,3172,2976
63.2068,421,3009,1939,3600,3172,2976
63.2273,421,3007,1938,3600,3171,2975
63.2478,420,3005,1937,3601,3171,2974
63.2680,420,3002,1937,3602,3171,2972
63.2885,420,3001,1936,3602,3170,2971
63.3087,420,2999,1934,3602,3170,2971
63.3289,419,2998,1932,3604,3170,2970
63.3489,419,2997,1930,3605,3170,2969
63.3694,418,2996,1928,3607,3169,2969
63.3899,418,2995,1925,3609,3169,2968
63.4103,417,2995,1922,3611,3168,2967
63.4305,416,2995,1919,3613,3168,2967
63.4508,416,2995,1915,3615,3167,2966
63.4716,415,2994,1912,3617,3166,2966
63.4918,415,2994,1908,3619,3165,2965
63.5124,414,2994,1905,3621,3164,2964
63.5328,414,2993,1901,3623,3163,2964
63.5529,413,2993,1898,3626,3163,2963
63.5733,413,2993,1894,3628,3162,2963
63.5935,413,2993,1891,3630,3161,2962
63.6138,412,2993,1887,3633,3161,2962
63.6339,412,2993,1883,3636,3160,2962
63.6541,412,2993,1880,3638,3159,2961
63.6744,412,2993,1876,3641,3159,2961
63.6950,412,2993,1872,3644,3158,2960
63.7151,412,2993,1869,3647,3158,2959
63.7357,412,2993,1866,3649,3157,2959
63.7560,411,2992,1863,3651,3157,2959
63.7761,411,2992,1860,3653,3157,2958
63.7964,411,2992,1858,3655,3157,2958
63.8166,411,2991,1855,3657,3156,2958
63.8373,410,2990,1853,3659,3155,2958
63.8577,410,2990,1851,3660,3155,2957
63.8778,410,2989,1850,3661,3154,2956
63.8984,410,2988,1848,3663,3154,2956
63.9193,410,2987,1847,3665,3154,2955
63.9396,410,2986,1846,3666,3154,2955
63.9600,410,2985,1845,3668,3154,2954
63.9804,410,2984,1844,3670,3154,2953
64.0007,410,2983,1843,3672,3154,2952
64.0211,410,2982,1843,3674,3154,2952
64.0412,410,2981,1842,3676,3154,2951
64.0619,410,2980,1841,3679,3154,2950
64.0824,410,2979,1839,3682,3154,2949
64.1026,410,2978,1838,3685,3154,2948
64.1233,410,2977,1836,3688,3155,2947
64.1436,410,2976,1834,3690,3155,2947
64.1639,410,2975,1832,3693,3155,2946
64.1840,410,2974,1831,3695,3155,2946
64.2041,410,2973,1830,3697,3155,2946
64.2250,410,2972,1829,3698,3155,2945
64.2451,411,2971,1827,3700,3155,2945
64.2655,411,2970,1826,3702,3155,2945
64.2861,411,2969,1824,3704,3155,2945
64.3062,411,2968,1823,3706,3155,2945
64.3268,411,2967,1822,3707,3155,2945
64.3471,411,2966,1820,3708,3155,2945
64.3675,411,2965,1819,3710,3155,2945
64.3879,411,2964,1817,3712,3155,2945
64.4082,411,2963,1816,3713,3156,2945
64.4289,411,2962,1814,3715,3156,2945
64.4494,411,2961,1812,3717,3156,2945
64.4697,411,2961,1809,3718,3156,2945
64.4900,412,2960,1807,3721,3157,2945
64.5105,412,2959,1805,3722,3157,2945
64.5308,412,2959,1803,3724,3157,2945
64.5514,412,2958,1801,3726,3158,2944
64.5718,412,2958,1799,3728,3158,2944
64.5922,412,2957,1796,3730,3158,2944
64.6132,412,2957,1794,3732,3158,2944
64.6337,412,2956,1792,3735,3158,2944
64.6542,412,2956,1789,3737,3159,2943
64.6749,412,2955,1787,3739,3159,2943
64.6951,411,2954,1786,3741,3159,2943
64.7154,411,2952,1785,3742,3159,2943
64.7359,411,2951,1785,3743,3159,2943
64.7561,411,2949,1785,3745,3159,2943
64.7763,411,2948,1784,3747,3159,2943
64.7967,410,2946,1784,3749,3159,2942
64.8175,410,2945,1784,3750,3159,2942
64.8379,410,2943,1784,3751,3159,2942
64.8581,410,2941,1784,3753,3159,2942
64.8783,410,2939,1784,3754,3159,2942
64.8987,410,2938,1784,3756,3159,2942
64.9189,410,2936,1784,3757,3159,2942
64.9391,410,2935,1784,3758,3159,2942
64.9592,410,2933,1784,3760,3159,2942
64.9796,410,2931,1784,3761,3159,2942
64.9998,409,2930,1784,3762,3159,2942
65.0202,409,2929,1784,3763,3159,2942
65.0405,409,2927,1784,3764,3159,2942
65.0606,408,2926,1784,3766,3159,2941
65.0810,408,2925,1784,3767,3159,2941
65.1015,407,2924,1784,3768,3159,2941
65.1219,407,2923,1784,3770,3159,2941
65.1420,406,2921,1784,3771,3159,2941
65.1624,406,2920,1784,3772,3159,2940
65.1825,405,2919,1784,3773,3159,2940
65.2026,405,2918,1784,3775,3159,2940
65.2228,405,2917,1784,3776,3159,2940
65.2436,404,2915,1784,3778,3159,2940
65.2637,404,2914,1784,3779,3159,2939
65.2842,404,2913,1784,3780,3159,2939
65.3045,404,2912,1784,3781,3159,2939
65.3249,404,2910,1784,3782,3159,2938
65.3455,404,2910,1784,3783,3159,2938
65.3659,403,2908,1784,3784,3159,2938
65.3864,403,2907,1784,3785,3159,2938
65.4064,403,2906,1784,3785,3159,2938
65.4265,403,2905,1784,3786,3159,2938
65.4468,402,2905,1784,3787,3159,2938
65.4672,402,2904,1784,3787,3159,2937
65.4875,401,2904,1784,3788,3159,2937
65.5083,400,2903,1784,3788,3158,2937
65.5284,400,2903,1784,3788,3158,2937
65.5488,399,2903,1784,3788,3158,2937
65.5693,398,2903,1784,3788,3158,2937
65.5898,398,2903,1784,3789,3158,2938
65.6100,398,2903,1784,3789,3157,2938
65.6302,397,2902,1784,3789,3157,2938
65.6503,397,2902,1784,3789,3157,2938
65.6703,397,2902,1785,3789,3157,2938
65.6909,397,2901,1785,3789,3157,2939
65.7113,397,2901,1786,3789,3157,2939
65.7318,397,2901,1787,3789,3157,2939
65.7523,397,2900,1788,3789,3157,2939
65.7727,397,2900,1789,3788,3157,2939
65.7931,397,2899,1790,3788,3157,2939
65.8133,397,2899,1791,3788,3157,2939
65.8339,397,2899,1792,3787,3156,2939
65.8541,397,2898,1792,3786,3156,2939
65.8748,397,2898,1793,3786,3156,2939
65.8951,397,2898,1794,3785,3155,2940
65.9158,397,2898,1794,3785,3155,2940
65.9371,397,2898,1794,3784,3155,2940
65.9573,397,2898,1794,3783,3155,2940
65.9776,397,2898,1795,3783,3155,2940
65.9980,396,2898,1795,3782,3154,2940
66.0184,396,2898,1795,3782,3153,2940
66.0387,396,2898,1795,3781,3153,2940
66.0591,396,2898,1795,3781,3152,2940
66.0791,395,2898,1795,3781,3152,2940
66.0996,395,2898,1795,3780,3152,2940
66.1201,394,2898,1795,3780,3152,2940
66.1401,394,2898,1795,3780,3152,2941
66.1603,393,2898,1795,3780,3152,2941
66.1805,393,2897,1795,3780,3151,2941
66.2009,392,2897,1795,3780,3151,2941
66.2213,392,2897,1795,3780,3151,2941
66.2414,391,2897,1796,3780,3151,2941
66.2618,391,2896,1796,3779,3150,2941
66.2818,390,2896,1797,3779,3150,2941
66.3021,390,2895,1798,3778,3150,2941
66.3228,390,2895,1799,3778,3149,2941
66.3430,390,2894,1800,3778,3149,2941
66.3636,389,2894,1801,3777,3149,2941
66.3840,389,2893,1802,3777,3149,2941
66.4043,389,2892,1804,3776,3149,2941
66.4246,388,2891,1806,3775,3149,2941
66.4450,388,2890,1808,3775,3149,2941
66.4652,388,2888,1810,3774,3149,2941
66.4857,387,2887,1813,3773,3149,2941
66.5059,387,2885,1816,3772,3149,2941
66.5261,386,2883,1820,3770,3149,2941
66.5465,386,2880,1823,3769,3149,2941
66.5671,385,2878,1827,3768,3149,2941
66.5874,384,2876,1830,3767,3149,2941
66.6080,384,2874,1833,3766,3149,2941
66.6281,383,2872,1836,3765,3149,2941
66.6483,382,2869,1840,3764,3149,2941
66.6685,381,2867,1843,3763,3149,2941
66.6892,380,2865,1846,3762,3149,2941
66.7093,378,2863,1848,3761,3148,2941
66.7297,377,2861,1851,3760,3148,2941
66.7502,376,2860,1853,3759,3147,2941
66.7707,375,2859,1854,3758,3146,2941
66.7910,373,2858,1856,3758,3145,2941
66.8115,372,2857,1857,3757,3145,2941
66.8317,370,2857,1858,3756,3144,2941
66.8518,369,2856,1858,3756,3144,2941
66.8721,368,2856,1859,3756,3143,2940
66.8926,366,2855,1859,3755,3143,2940
66.9135,365,2855,1859,3755,3142,2939
66.9339,364,2855,1859,3754,3141,2939
66.9543,362,2855,1859,3754,3140,2938
66.9747,361,2855,1859,3753,3140,2937
66.9953,360,2855,1859,3753,3139,2937
67.0157,359,2855,1859,3753,3139,2936
67.0357,358,2855,1859,3753,3138,2936
67.0561,356,2855,1859,3752,3138,2935
67.0763,355,2855,1860,3752,3138,2935
67.0965,354,2855,1860,3752,3138,2934
67.1170,353,2854,1861,3752,3137,2933
67.1374,351,2854,1863,3751,3137,2932
67.1575,350,2853,1864,3751,3137,2931
67.1775,349,2852,1865,3750,3137,2930
67.1982,347,2852,1866,3750,3137,2929
67.2186,346,2851,1868,3749,3137,2929
67.2390,344,2850,1869,3749,3136,2928
67.2595,342,2849,1871,3748,3136,2928
67.2795,341,2848,1873,3747,3135,2928
67.2997,338,2847,1874,3747,3135,2928
67.3201,337,2846,1876,3746,3135,2928
67.3409,334,2845,1879,3746,3134,2928
67.3615,332,2843,1881,3746,3133,2928
67.3825,330,2841,1884,3745,3133,2927
67.4032,327,2839,1888,3744,3132,2927
67.4237,325,2837,1892,3743,3132,2926
67.4442,322,2834,1896,3741,3131,2926
67.4647,319,2831,1901,3740,3130,2925
67.4853,316,2829,1906,3738,3130,2925
67.5056,313,2826,1910,3737,3129,2925
67.5259,311,2823,1915,3736,3128,2924
67.5461,307,2821,1919,3734,3127,2924
67.5663,304,2818,1923,3733,3126,2923
67.5866,302,2815,1928,3731,3125,2923
67.6071,299,2813,1931,3730,3124,2922
67.6273,296,2811,1935,3728,3123,2922
67.6474,294,2809,1937,3727,3122,2921
67.6680,291,2808,1940,3726,3121,2921
67.6880,289,2807,1941,3725,3121,2921
67.7082,287,2806,1943,3725,3120,2921
67.7287,284,2805,1944,3724,3119,2921
67.7487,283,2805,1945,3723,3119,2921
67.7693,281,2805,1946,3723,3119,2921
67.7898,279,2804,1946,3723,3118,2921
67.8101,277,2804,1947,3722,3118,2920
67.8301,276,2804,1947,3722,3117,2919
67.8504,274,2804,1948,3722,3116,2918
67.8707,272,2804,1948,3721,3116,2918
67.8912,271,2804,1948,3721,3116,2917
67.9115,270,2804,1948,3720,3116,2915
67.9320,268,2804,1949,3720,3116,2913
67.9529,267,2804,1949,3720,3115,2912
67.9732,265,2804,1950,3720,3115,2912
67.9934,264,2803,1951,3720,3115,2912
68.0135,263,2803,1952,3720,3115,2912
68.0335,261,2802,1953,3720,3115,2911
68.0537,259,2801,1954,3720,3114,2911
68.0741,257,2800,1955,3719,3114,2911
68.0948,256,2799,1957,3719,3113,2911
68.1149,254,2798,1958,3718,3113,2911
68.1356,252,2797,1961,3717,3113,2912
68.1556,250,2796,1962,3716,3113,2912
68.1760,248,2794,1964,3715,3112,2913
68.1965,246,2793,1966,3715,3112,2914
68.2171,244,2792,1968,3714,3112,2915
68.2373,241,2790,1969,3713,3112,2915
68.2577,239,2789,1971,3712,3112,2916
68.2780,237,2787,1973,3711,3112,2916
68.2984,235,2786,1975,3711,3111,2917
68.3188,232,2785,1977,3710,3110,2917
68.3393,230,2784,1978,3710,3109,2917
68.3596,227,2783,1980,3709,3108,2918
68.3801,225,2781,1982,3709,3107,2918
68.4002,222,2780,1984,3708,3107,2918
68.4205,220,2779,1985,3708,3106,2919
68.4409,218,2777,1987,3707,3105,2919
68.4610,215,2776,1989,3707,3104,2919
68.4814,213,2775,1991,3706,3103,2919
68.5017,211,2774,1993,3705,3102,2919
68.5226,209,2772,1995,3704,3102,2919
68.5430,207,2771,1996,3704,3102,2918
68.5632,205,2770,1998,3703,3101,2918
68.5838,203,2769,2000,3703,3101,2918
68.6039,201,2768,2001,3703,3100,2917
68.6239,200,2768,2003,3702,3099,2916
68.6441,198,2767,2004,3702,3099,2916
68.6650,197,2765,2006,3701,3099,2916
68.6853,195,2764,2008,3701,3098,2915
68.7057,193,2763,2010,3700,3098,2914
68.7258,192,2762,2012,3700,3098,2914
68.7462,190,2761,2014,3700,3098,2914
68.7665,188,2759,2016,3699,3098,2913
68.7868,186,2757,2018,3699,3097,2913
68.8075,184,2756,2020,3698,3097,2912
68.8280,182,2755,2023,3698,3096,2912
68.8484,179,2753,2025,3697,3095,2911
68.8684,177,2751,2027,3696,3095,2910
68.8889,174,2748,2030,3695,3094,2910
68.9093,172,2746,2033,3695,3093,2909
68.9297,169,2744,2035,3694,3092,2908
68.9505,166,2742,2038,3693,3091,2908
68.9711,164,2740,2041,3692,3090,2907
68.9915,161,2738,2042,3691,3089,2907
69.0118,158,2737,2044,3691,3088,2906
69.0321,156,2735,2046,3690,3088,2905
69.0528,153,2733,2048,3690,3087,2905
69.0732,151,2732,2050,3689,3087,2904
69.0938,148,2730,2051,3689,3086,2903
69.1142,146,2729,2053,3689,3086,2902
69.1344,144,2727,2054,3688,3086,2900
69.1549,142,2726,2055,3688,3085,2899
69.1754,140,2725,2056,3688,3085,2898
69.1955,139,2724,2057,3687,3085,2897
69.2158,137,2723,2058,3687,3085,2896
69.2362,136,2721,2059,3687,3084,2896
69.2567,134,2720,2061,3687,3084,2895
69.2771,132,2719,2062,3687,3084,2895
69.2976,131,2718,2063,3687,3084,2895
69.3182,129,2717,2064,3687,3084,2894
69.3386,127,2716,2065,3687,3083,2894
69.3592,125,2714,2067,3687,3083,2893
69.3793,123,2713,2070,3686,3082,2893
69.3999,121,2711,2072,3685,3082,2893
69.4200,120,2709,2074,3685,3081,2893
69.4404,118,2707,2077,3684,3081,2893
69.4607,116,2706,2079,3683,3080,2893
69.4811,115,2704,2081,3683,3080,2893
69.5014,113,2703,2084,3683,3080,2893
69.5223,111,2701,2086,3682,3079,2893
69.5426,110,2699,2088,3682,3079,2893
69.5632,108,2697,2090,3681,3079,2893
69.5841,107,2696,2092,3681,3078,2893
69.6046,105,2694,2094,3681,3078,2893
69.6246,103,2692,2097,3680,3078,2893
69.6449,101,2691,2099,3680,3077,2893
69.6654,99,2689,2102,3679,3076,2893
69.6857,97,2687,2104,3679,3076,2893
69.7062,95,2685,2106,3678,3076,2893
69.7263,93,2684,2109,3678,3075,2893
69.7465,90,2682,2111,3677,3074,2893
69.7670,87,2680,2113,3677,3073,2893
69.7875,86,2678,2115,3676,3072,2893
69.8080,83,2677,2117,3675,3071,2893
69.8284,81,2675,2119,3674,3071,2893
69.8490,79,2674,2120,3673,3070,2893
69.8694,77,2672,2122,3673,3069,2892
69.8898,74,2671,2123,3673,3069,2892
69.9099,72,2670,2124,3673,3068,2892
69.9300,70,2669,2125,3672,3067,2892
69.9511,68,2668,2126,3672,3066,2892
69.9719,66,2667,2126,3672,3066,2892
69.9921,64,2666,2127,3672,3065,2892
70.0123,61,2665,2129,3671,3064,2892
70.0330,59,2664,2129,3671,3063,2892
70.0535,57,2663,2131,3670,3062,2892
70.0738,54,2662,2132,3670,3061,2892
70.0941,52,2661,2133,3669,3060,2892
70.1146,51,2660,2134,3669,3059,2892
70.1350,49,2659,2136,3668,3058,2891
70.1554,47,2658,2137,3667,3057,2891
70.1756,47,2657,2138,3666,3057,2891
70.1957,47,2656,2140,3666,3057,2891
70.2161,46,2656,2141,3664,3057,2891
70.2365,46,2655,2141,3663,3057,2890
70.2572,48,2655,2142,3663,3057,2888
70.2777,50,2655,2142,3662,3057,2886
70.2982,51,2655,2142,3661,3058,2883
70.3193,53,2655,2142,3661,3059,2881
70.3394,55,2655,2142,3660,3059,2878
70.3595,57,2655,2142,3659,3060,2876
70.3798,59,2655,2142,3658,3060,2873
70.4005,61,2655,2142,3657,3061,2870
70.4208,63,2655,2142,3655,3061,2867
70.4409,65,2655,2142,3654,3061,2865
70.4612,67,2655,2142,3653,3061,2861
70.4821,68,2655,2142,3652,3061,2858
70.5022,70,2656,2142,3651,3061,2855
70.5226,71,2656,2142,3649,3061,2850
70.5432,73,2656,2142,3649,3061,2845
70.5632,74,2656,2142,3647,3061,2840
70.5835,76,2656,2142,3646,3061,2833
70.6043,77,2656,2142,3644,3061,2827
70.6246,78,2656,2142,3643,3060,2820
70.6451,80,2656,2143,3640,3059,2812
70.6655,81,2656,2143,3638,3059,2803
70.6863,82,2656,2143,3636,3058,2795
70.7066,83,2656,2144,3633,3057,2788
70.7271,85,2656,2144,3631,3056,2780
70.7472,86,2656,2144,3628,3056,2771
70.7677,87,2656,2144,3627,3055,2762
70.7880,89,2656,2144,3625,3054,2755
70.8084,90,2656,2144,3623,3053,2747
70.8289,92,2656,2144,3622,3052,2740
70.8492,93,2656,2144,3621,3052,2732
70.8697,94,2656,2144,3620,3051,2724
70.8905,96,2657,2144,3619,3050,2715
70.9108,97,2657,2144,3619,3049,2707
70.9310,99,2657,2144,3618,3048,2699
70.9512,100,2657,2144,3618,3048,2693
70.9717,101,2657,2145,3617,3048,2686
70.9922,102,2657,2145,3616,3048,2679
71.0126,103,2658,2146,3615,3048,2673
71.0331,104,2658,2148,3612,3048,2667
71.0537,105,2657,2149,3608,3048,2660
71.0744,106,2656,2150,3602,3049,2653
71.0948,107,2656,2152,3597,3050,2646
71.1148,107,2655,2153,3592,3051,2638
71.1349,107,2654,2154,3588,3053,2631
71.1552,107,2653,2155,3583,3056,2623
71.1756,107,2652,2155,3580,3058,2614
71.1959,107,2652,2156,3577,3059,2606
71.2163,107,2652,2156,3575,3059,2598
71.2366,107,2652,2157,3573,3059,2591
71.2569,107,2652,2157,3571,3059,2584
71.2773,107,2652,2158,3568,3060,2576
71.2980,107,2652,2159,3567,3060,2569
71.3183,107,2651,2160,3567,3060,2562
71.3384,107,2651,2161,3566,3060,2555
71.3591,107,2651,2162,3565,3060,2549
71.3793,107,2650,2162,3564,3059,2543
71.3997,107,2650,2164,3561,3058,2538
71.4202,106,2649,2167,3558,3057,2532
71.4409,106,2647,2170,3553,3057,2522
71.4609,106,2644,2175,3549,3054,2512
71.4816,106,2642,2180,3544,3052,2504
71.5021,107,2639,2186,3535,3052,2494
71.5225,107,2635,2193,3526,3052,2483
71.5428,108,2632,2200,3516,3051,2473
71.5631,108,2629,2206,3508,3050,2465
71.5837,108,2627,2211,3503,3050,2454
71.6041,108,2625,2215,3497,3050,2444
71.6243,108,2623,2219,3492,3049,2436
71.6445,108,2620,2223,3487,3049,2428
71.6647,108,2619,2226,3482,3048,2420
71.6852,108,2617,2229,3480,3048,2413
71.7054,108,2616,2232,3477,3047,2406
71.7262,108,2615,2234,3473,3047,2398
71.7470,108,2614,2237,3467,3047,2391
71.7672,108,2613,2240,3463,3046,2384
71.7874,109,2612,2242,3460,3046,2380
71.8075,109,2612,2244,3458,3045,2376
71.8277,109,2612,2245,3455,3045,2372
71.8479,108,2612,2246,3452,3044,2368
71.8681,108,2612,2247,3449,3043,2363
71.8886,108,2611,2249,3444,3042,2357
71.9093,108,2610,2252,3439,3042,2352
71.9294,108,2609,2254,3433,3042,2346
71.9499,108,2608,2258,3429,3042,2341
71.9704,108,2607,2261,3426,3040,2337
71.9907,108,2605,2264,3420,3038,2333
72.0108,108,2604,2268,3414,3036,2327
72.0310,107,2602,2273,3405,3035,2322
72.0512,107,2600,2278,3398,3034,2317
72.0717,107,2598,2281,3394,3033,2312
72.0918,107,2597,2284,3390,3033,2306
72.1123,107,2596,2287,3386,3031,2302
72.1326,107,2595,2290,3382,3030,2298
72.1529,107,2594,2294,3376,3030,2289
72.1730,107,2593,2297,3371,3030,2281
72.1934,107,2591,2300,3366,3030,2274
72.2139,108,2590,2303,3362,3030,2269
72.2340,109,2589,2306,3357,3030,2264
72.2541,110,2588,2310,3352,3030,2257
72.2741,110,2586,2313,3346,3030,2248
72.2946,111,2584,2316,3340,3030,2241
72.3151,112,2582,2319,3335,3028,2237
72.3356,113,2580,2323,3331,3025,2236
72.3565,114,2579,2326,3327,3023,2236
72.3772,115,2577,2330,3323,3021,2236
72.3979,117,2576,2332,3320,3020,2235
72.4181,119,2575,2334,3317,3020,2233
72.4382,120,2574,2336,3314,3018,2230
72.4587,122,2573,2338,3312,3017,2226
72.4789,125,2572,2340,3309,3017,2221
72.4993,127,2572,2342,3307,3016,2214
72.5195,130,2571,2343,3305,3015,2205
72.5400,133,2569,2344,3303,3015,2195
72.5607,135,2568,2345,3301,3015,2186
72.5815,139,2567,2346,3298,3015,2178
72.6018,142,2566,2348,3297,3015,2170
72.6221,144,2565,2349,3297,3015,2161
72.6426,147,2564,2351,3296,3015,2147
72.6632,150,2562,2352,3295,3015,2132
72.6836,153,2560,2353,3293,3015,2117
72.7037,156,2558,2355,3292,3015,2104
72.7239,159,2557,2358,3290,3015,2092
72.7446,161,2555,2359,3289,3015,2085
72.7647,164,2553,2361,3288,3015,2077
72.7852,165,2551,2363,3287,3015,2071
72.8059,167,2549,2365,3286,3015,2065
72.8266,168,2547,2368,3284,3014,2056
72.8471,170,2545,2371,3282,3013,2048
72.8671,172,2542,2374,3279,3013,2040
72.8875,173,2539,2378,3277,3011,2032
72.9083,175,2537,2380,3275,3010,2023
72.9287,176,2534,2383,3273,3009,1999
72.9490,177,2532,2386,3272,3009,1980
72.9693,178,2531,2387,3272,3009,1980
72.9901,178,2529,2389,3271,3009,1980
73.0107,178,2528,2390,3270,3009,1980
73.0312,178,2526,2392,3269,3009,1980
73.0513,178,2524,2394,3268,3009,1980
73.0716,178,2522,2395,3267,3008,1980
73.0922,178,2521,2398,3264,3006,1980
73.1126,177,2519,2401,3261,3004,1980
73.1328,176,2516,2404,3258,3002,1980
73.1530,176,2514,2407,3254,2999,1980
73.1733,175,2510,2411,3249,2995,1980
73.1937,174,2507,2416,3243,2991,1980
73.2138,173,2504,2421,3237,2987,1980
73.2343,172,2501,2426,3231,2984,1980
73.2548,171,2498,2430,3227,2981,1980
73.2749,170,2495,2434,3222,2978,1980
73.2951,169,2492,2438,3218,2976,1980
73.3153,169,2488,2443,3213,2973,1980
73.3358,168,2485,2448,3208,2970,1980
73.3565,168,2482,2453,3202,2967,1980
73.3771,167,2479,2458,3197,2965,1980
73.3977,167,2475,2464,3190,2963,1980
73.4185,167,2471,2469,3184,2961,1980
73.4385,167,2468,2474,3178,2958,1980
73.4589,168,2464,2480,3172,2955,1980
73.4794,168,2461,2487,3165,2953,1980
73.4995,168,2458,2492,3158,2951,1980
73.5199,168,2454,2497,3152,2950,1980
73.5404,169,2451,2502,3145,2949,1980
73.5609,170,2448,2506,3139,2948,1980
73.5809,171,2446,2509,3136,2948,1980
73.6009,171,2444,2513,3132,2947,1980
73.6210,172,2443,2516,3127,2947,1980
73.6414,174,2441,2519,3123,2947,1980
73.6618,175,2439,2521,3119,2947,1980
73.6820,176,2437,2523,3118,2946,1980
73.7023,178,2436,2524,3115,2946,1980
73.7226,179,2434,2526,3112,2946,1980
73.7430,181,2433,2528,3109,2946,1980
73.7634,182,2432,2530,3106,2946,1980
73.7842,184,2431,2531,3103,2947,1980
73.8046,185,2430,2533,3101,2947,1980
73.8247,186,2429,2535,3099,2948,1980
73.8452,188,2428,2537,3096,2949,1979
73.8656,190,2427,2538,3094,2951,1979
73.8856,191,2426,2540,3091,2952,1979
73.9060,193,2425,2542,3089,2952,1979
73.9268,194,2424,2544,3087,2953,1979
73.9472,194,2422,2545,3085,2953,1979
73.9673,195,2421,2547,3082,2953,1979
73.9877,195,2420,2549,3079,2953,1979
74.0079,196,2419,2550,3077,2953,1979
74.0283,196,2417,2553,3073,2953,1979
74.0490,196,2416,2556,3070,2953,1979
74.0692,197,2413,2559,3065,2953,1979
74.0900,197,2411,2563,3060,2953,1979
74.1103,197,2408,2567,3055,2952,1979
74.1309,197,2405,2571,3050,2951,1979
74.1516,197,2401,2576,3044,2950,1979
74.1716,197,2397,2582,3037,2948,1978
74.1921,197,2393,2589,3028,2946,1978
74.2125,198,2389,2595,3021,2943,1978
74.2333,198,2385,2600,3015,2941,1978
74.2534,198,2380,2605,3010,2939,1978
74.2738,198,2377,2609,3006,2938,1978
74.2943,198,2373,2614,3001,2935,1978
74.3146,198,2369,2619,2995,2932,1978
74.3350,198,2365,2625,2988,2929,1978
74.3552,198,2362,2630,2981,2926,1978
74.3756,198,2358,2635,2975,2923,1978
74.3958,199,2355,2640,2970,2920,1978
74.4162,199,2352,2644,2964,2918,1978
74.4364,200,2348,2649,2957,2915,1978
74.4567,200,2345,2654,2949,2912,1978
74.4772,201,2342,2659,2943,2910,1978
74.4973,202,2339,2663,2937,2908,1978
74.5177,203,2335,2667,2932,2906,1978
74.5381,203,2333,2670,2928,2905,1978
74.5585,204,2330,2673,2925,2903,1978
74.5787,204,2327,2676,2922,2902,1978
74.6010,205,2323,2679,2918,2901,1978
74.6213,205,2321,2682,2913,2900,1978
74.6414,205,2318,2685,2910,2899,1978
74.6616,206,2315,2688,2907,2898,1978
74.6829,206,2311,2691,2904,2896,1978
74.7035,206,2308,2694,2900,2894,1978
74.7239,207,2305,2697,2897,2893,1978
74.7442,207,2302,2701,2892,2891,1978
74.7645,207,2299,2704,2889,2890,1978
74.7845,207,2297,2708,2885,2890,1978
74.8046,208,2293,2711,2882,2889,1978
74.8250,208,2290,2714,2879,2888,1978
74.8454,208,2287,2717,2876,2887,1978
74.8658,208,2284,2720,2873,2887,1978
74.8862,208,2281,2723,2870,2886,1978
74.9065,208,2278,2726,2868,2886,1978
74.9270,208,2275,2728,2866,2885,1978
74.9475,208,2273,2731,2864,2884,1978
74.9683,208,2270,2733,2861,2884,1978
74.9884,208,2267,2736,2859,2883,1978
75.0087,208,2264,2739,2857,2883,1978
75.0291,208,2260,2741,2856,2883,1978
75.0495,208,2257,2743,2855,2883,1978
75.0699,208,2254,2746,2854,2883,1978
75.0905,208,2251,2748,2853,2882,1978
75.1107,207,2248,2751,2852,2882,1978
75.1314,207,2245,2754,2851,2882,1978
75.1519,207,2242,2756,2850,2881,1978
75.1720,206,2239,2758,2849,2881,1978
75.1925,206,2236,2761,2848,2881,1978
75.2126,205,2233,2764,2847,2881,1978
75.2331,204,2229,2766,2846,2880,1978
75.2536,203,2226,2769,2846,2880,1978
75.2741,201,2222,2772,2846,2879,1978
75.2944,200,2218,2775,2845,2879,1978
75.3146,199,2214,2778,2845,2879,1978
75.3350,197,2210,2781,2845,2879,1978
75.3557,195,2206,2784,2844,2879,1978
75.3758,193,2202,2788,2844,2878,1978
75.3962,191,2197,2791,2844,2878,1978
75.4165,189,2194,2794,2844,2878,1978
75.4372,187,2189,2798,2844,2878,1978
75.4577,185,2185,2800,2844,2878,1978
75.4778,183,2182,2803,2844,2878,1978
75.4979,181,2179,2805,2844,2878,1978
75.5182,179,2176,2807,2844,2878,1978
75.5391,178,2174,2809,2844,2878,1978
75.5595,176,2172,2811,2844,2878,1978
75.5797,174,2170,2812,2844,2878,1978
75.5998,173,2169,2813,2844,2878,1978
75.6205,172,2168,2814,2844,2878,1978
75.6410,170,2167,2814,2844,2878,1978
75.6611,169,2166,2815,2844,2878,1978
75.6813,168,2166,2815,2844,2878,1978
75.7015,167,2166,2816,2844,2878,1978
75.7215,166,2165,2816,2844,2878,1978
75.7416,165,2165,2816,2844,2878,1978
75.7620,163,2165,2817,2844,2878,1978
75.7827,162,2165,2817,2844,2878,1978
75.8030,161,2165,2818,2844,2878,1978
75.8234,160,2164,2818,2844,2878,1978
75.8436,159,2164,2818,2843,2878,1978
75.8644,158,2163,2819,2843,2878,1978
75.8849,157,2163,2820,2843,2878,1978
75.9056,156,2161,2821,2843,2878,1978
75.9260,155,2160,2823,2843,2878,1978
75.9464,154,2158,2824,2843,2878,1978
75.9668,152,2156,2826,2843,2878,1978
75.9870,151,2153,2828,2843,2878,1978
76.0074,149,2151,2831,2843,2878,1978
76.0275,148,2148,2833,2843,2878,1977
76.0475,146,2144,2836,2843,2878,1977
76.0679,144,2141,2839,2843,2878,1977
76.0882,143,2137,2843,2843,2877,1977
76.1087,141,2132,2846,2843,2877,1977
76.1290,139,2127,2850,2843,2877,1977
76.1498,137,2121,2854,2843,2877,1977
76.1700,135,2116,2858,2843,2877,1977
76.1904,133,2111,2863,2843,2877,1977
76.2109,131,2105,2867,2843,2877,1977
76.2313,129,2100,2870,2844,2877,1977
76.2521,128,2095,2874,2844,2877,1977
76.2726,126,2089,2878,2846,2877,1977
76.2935,124,2084,2881,2848,2877,1977
76.3137,123,2078,2884,2850,2878,1977
76.3344,121,2072,2887,2853,2878,1977
76.3548,120,2066,2890,2855,2878,1977
76.3752,119,2060,2894,2857,2878,1977
76.3954,117,2054,2897,2859,2878,1977
76.4157,116,2048,2901,2862,2878,1977
76.4359,114,2042,2904,2866,2878,1977
76.4566,113,2034,2907,2869,2879,1977
76.4766,112,2027,2910,2872,2879,1977
76.4971,110,2020,2913,2876,2879,1977
76.5177,109,2013,2917,2880,2879,1977
76.5380,108,2005,2920,2885,2879,1977
76.5585,107,1997,2923,2889,2880,1977
76.5790,106,1989,2926,2894,2880,1977
76.5994,105,1981,2929,2899,2880,1977
76.6195,104,1973,2931,2904,2880,1977
76.6397,103,1966,2934,2909,2880,1977
76.6599,101,1959,2937,2913,2880,1977
76.6802,100,1951,2939,2918,2880,1977
76.7005,100,1945,2941,2922,2880,1977
76.7207,98,1940,2942,2926,2880,1977
76.7408,97,1935,2943,2929,2880,1977
76.7617,96,1931,2944,2932,2881,1977
76.7822,95,1928,2944,2934,2881,1977
76.8026,95,1926,2945,2936,2881,1977
76.8232,94,1924,2945,2938,2881,1977
76.8433,93,1922,2945,2939,2882,1977
76.8638,93,1921,2945,2940,2882,1977
76.8844,92,1920,2945,2940,2882,1977
76.9046,92,1919,2945,2941,2882,1977
76.9253,92,1919,2944,2942,2882,1977
76.9458,91,1918,2944,2942,2882,1977
76.9659,91,1917,2944,2942,2882,1977
76.9860,91,1916,2944,2943,2882,1977
77.0063,91,1916,2944,2943,2882,1977
77.0269,91,1916,2944,2943,2882,1977
77.0479,91,1915,2944,2943,2882,1977
77.0684,91,1914,2944,2943,2882,1977
77.0890,91,1914,2944,2944,2882,1977
77.1091,91,1914,2944,2944,2882,1977
77.1293,91,1913,2944,2944,2882,1977
77.1496,91,1912,2944,2944,2882,1977
77.1701,90,1911,2944,2944,2882,1977
77.1904,90,1909,2945,2944,2882,1977
77.2105,90,1908,2945,2944,2882,1977
77.2310,89,1906,2946,2944,2882,1977
77.2513,88,1904,2947,2944,2882,1977
77.2713,88,1901,2949,2944,2882,1977
77.2918,87,1899,2950,2945,2882,1977
77.3123,86,1895,2952,2945,2882,1977
77.3330,86,1892,2954,2945,2882,1977
77.3531,85,1888,2956,2946,2882,1977
77.3731,84,1884,2958,2948,2882,1977
77.3938,83,1879,2960,2951,2882,1977
77.4142,83,1874,2962,2953,2882,1977
77.4347,82,1869,2965,2954,2882,1977
77.4551,82,1864,2967,2956,2882,1977
77.4754,82,1859,2970,2959,2882,1977
77.4958,82,1854,2972,2962,2882,1977
77.5160,82,1849,2974,2964,2881,1977
77.5363,82,1844,2977,2965,2881,1977
77.5569,82,1839,2979,2967,2881,1977
77.5773,82,1834,2981,2970,2881,1977
77.5978,82,1830,2983,2972,2881,1977
77.6186,82,1826,2985,2973,2881,1977
77.6393,82,1822,2987,2974,2881,1977
77.6601,82,1818,2988,2975,2881,1977
77.6812,82,1816,2989,2977,2881,1977
77.7019,82,1813,2991,2978,2881,1977
77.7219,82,1811,2992,2979,2881,1977
77.7420,82,1809,2993,2979,2881,1977
77.7621,82,1807,2994,2980,2881,1977
77.7825,82,1805,2994,2981,2881,1977
77.8027,81,1802,2995,2981,2881,1977
77.8230,81,1801,2996,2981,2881,1977
77.8432,81,1799,2997,2981,2881,1977
77.8635,80,1797,2998,2982,2881,1977
77.8836,79,1795,2998,2982,2881,1977
77.9043,79,1794,2999,2982,2881,1977
77.9256,78,1792,3000,2983,2881,1977
77.9464,78,1790,3000,2983,2881,1977
77.9667,78,1789,3001,2983,2881,1977
77.9870,78,1787,3002,2983,2881,1977
78.0073,77,1787,3002,2983,2881,1977
78.0276,77,1786,3003,2983,2881,1977
78.0483,77,1785,3004,2983,2882,1977
78.0686,77,1784,3004,2983,2882,1977
78.0890,77,1782,3005,2983,2882,1977
78.1095,77,1781,3006,2983,2882,1977
78.1302,77,1779,3008,2983,2882,1977
78.1506,77,1777,3009,2983,2882,1977
78.1707,77,1774,3010,2983,2882,1977
78.1909,77,1772,3012,2983,2882,1977
78.2114,77,1769,3013,2983,2882,1977
78.2318,77,1766,3015,2983,2882,1977
78.2519,77,1763,3016,2983,2882,1977
78.2724,76,1760,3018,2983,2882,1977
78.2926,76,1756,3020,2983,2882,1977
78.3131,75,1752,3022,2983,2882,1977
78.3334,75,1750,3024,2984,2882,1977
78.3540,74,1750,3024,2984,2882,1977
78.3745,73,1749,3024,2984,2882,1977
78.3950,72,1749,3023,2984,2882,1977
78.4157,72,1749,3023,2984,2882,1977
78.4358,71,1749,3023,2983,2882,1977
78.4560,70,1749,3023,2983,2882,1977
78.4765,69,1749,3023,2982,2883,1977
78.4971,69,1749,3022,2982,2883,1977
78.5180,68,1749,3022,2979,2883,1977
78.5383,67,1749,3022,2976,2883,1977
78.5587,66,1749,3022,2973,2883,1977
78.5793,66,1749,3023,2970,2883,1977
78.5994,65,1749,3024,2966,2883,1977
78.6196,64,1749,3025,2963,2883,1977
78.6400,63,1749,3025,2961,2884,1977
78.6604,62,1749,3025,2958,2884,1977
78.6807,61,1749,3026,2954,2884,1977
78.7009,59,1749,3026,2951,2884,1977
78.7212,58,1749,3027,2946,2885,1977
78.7416,58,1749,3028,2940,2886,1977
78.7618,56,1749,3029,2934,2886,1977
78.7821,55,1749,3031,2927,2887,1977
78.8026,54,1749,3032,2920,2887,1977
78.8231,53,1749,3035,2913,2887,1977
78.8433,52,1749,3036,2907,2887,1977
78.8638,52,1749,3037,2903,2887,1977
78.8843,52,1749,3037,2901,2887,1977
78.9047,51,1749,3037,2898,2887,1977
78.9249,51,1749,3038,2893,2887,1977
78.9450,51,1749,3039,2888,2886,1977
78.9653,51,1749,3041,2881,2886,1977
78.9857,51,1749,3042,2876,2886,1977
79.0061,51,1749,3044,2870,2886,1977
79.0267,51,1749,3046,2864,2885,1977
79.0471,51,1749,3047,2857,2885,1977
79.0676,51,1749,3049,2851,2884,1977
79.0879,51,1749,3050,2846,2883,1977
79.1085,51,1749,3051,2841,2883,1977
79.1291,51,1749,3051,2838,2883,1977
79.1496,51,1749,3051,2835,2883,1977
79.1704,51,1749,3052,2832,2883,1977
79.1907,51,1749,3052,2829,2883,1977
79.2108,51,1749,3052,2826,2883,1977
79.2313,51,1749,3052,2823,2883,1977
79.2514,50,1749,3052,2820,2883,1977
79.2720,50,1749,3052,2817,2883,1977
79.2925,50,1749,3052,2814,2883,1977
79.3128,50,1749,3052,2810,2883,1977
79.3336,49,1749,3052,2807,2883,1977
79.3541,48,1749,3053,2805,2884,1977
79.3744,47,1749,3053,2803,2885,1977
79.3945,47,1749,3053,2800,2886,1977
79.4150,46,1749,3054,2797,2886,1977
79.4354,45,1749,3054,2793,2887,1977
79.4562,45,1749,3054,2788,2888,1977
79.4766,44,1749,3055,2784,2889,1977
79.4968,43,1749,3056,2781,2890,1977
79.5171,42,1749,3056,2776,2890,1977
79.5375,41,1749,3057,2770,2890,1977
79.5582,41,1749,3058,2764,2890,1977
79.5787,40,1749,3059,2759,2891,1977
79.5993,39,1749,3059,2754,2891,1977
79.6194,39,1749,3059,2751,2891,1977
79.6397,38,1749,3059,2747,2891,1978
79.6602,38,1749,3060,2743,2891,1978
79.6805,38,1749,3061,2739,2891,1978
79.7005,38,1749,3061,2735,2891,1978
79.7209,38,1749,3061,2731,2891,1978
79.7415,38,1749,3061,2727,2891,1978
79.7617,38,1749,3061,2724,2891,1978
79.7824,38,1749,3061,2720,2891,1978
79.8028,38,1749,3061,2717,2891,1978
79.8233,38,1749,3061,2714,2891,1978
79.8438,38,1749,3061,2711,2891,1978
79.8643,38,1749,3061,2707,2891,1978
79.8850,38,1749,3061,2703,2890,1978
79.9056,38,1749,3061,2699,2890,1978
79.9260,38,1749,3062,2692,2889,1978
79.9464,38,1749,3063,2685,2888,1978
79.9667,38,1749,3065,2678,2887,1978
79.9874,38,1749,3065,2672,2887,1978
80.0077,38,1749,3067,2664,2885,1978
80.0280,38,1749,3068,2658,2884,1978
80.0483,38,1749,3069,2650,2883,1978
80.0688,38,1749,3071,2642,2881,1978
80.0892,38,1749,3072,2635,2878,1978
80.1094,38,1749,3074,2627,2877,1978
80.1297,38,1749,3076,2618,2877,1978
80.1499,38,1749,3078,2610,2877,1978
80.1700,37,1749,3079,2604,2877,1978
80.1903,37,1749,3080,2600,2877,1978
80.2107,37,1749,3080,2596,2877,1978
80.2310,36,1749,3080,2592,2877,1978
80.2511,35,1749,3080,2588,2877,1978
80.2714,35,1749,3080,2583,2877,1978
80.2916,34,1749,3081,2577,2877,1978
80.3121,34,1749,3081,2573,2877,1978
80.3322,34,1749,3081,2569,2877,1978
80.3527,33,1749,3081,2564,2877,1978
80.3731,33,1749,3081,2558,2877,1978
80.3931,33,1749,3081,2555,2877,1978
80.4137,33,1749,3081,2551,2877,1978
80.4338,33,1749,3081,2547,2876,1978
80.4543,33,1749,3081,2543,2876,1978
80.4745,32,1749,3081,2539,2876,1978
80.4950,32,1749,3081,2535,2875,1978
80.5152,32,1749,3082,2531,2873,1978
80.5357,31,1749,3082,2528,2871,1978
80.5560,31,1749,3082,2523,2870,1978
80.5764,29,1749,3083,2518,2870,1978
80.5964,28,1749,3085,2512,2868,1978
80.6167,28,1749,3086,2505,2867,1978
80.6370,28,1749,3087,2500,2867,1978
80.6574,27,1749,3089,2493,2866,1978
80.6778,26,1749,3091,2485,2866,1978
80.6978,24,1749,3093,2477,2865,1978
80.7182,24,1749,3095,2469,2865,1978
80.7387,24,1749,3097,2460,2865,1978
80.7592,24,1749,3099,2451,2865,1978
80.7796,24,1749,3100,2447,2865,1978
80.7998,24,1749,3100,2442,2864,1978
80.8203,24,1749,3100,2438,2864,1978
80.8407,24,1749,3100,2435,2864,1978
80.8610,24,1749,3100,2432,2865,1978
80.8815,24,1749,3100,2429,2865,1978
80.9021,24,1749,3100,2426,2865,1978
80.9221,24,1749,3101,2422,2866,1978
80.9427,25,1749,3101,2420,2866,1978
80.9634,26,1749,3101,2417,2865,1978
80.9840,28,1750,3101,2415,2865,1978
81.0041,30,1750,3102,2412,2865,1978
81.0244,32,1750,3102,2409,2865,1978
81.0445,34,1750,3102,2406,2865,1978
81.0652,36,1750,3102,2403,2865,1978
81.0863,39,1750,3102,2400,2865,1978
81.1066,41,1750,3102,2397,2866,1978
81.1270,44,1750,3102,2396,2866,1978
81.1475,46,1750,3102,2394,2866,1978
81.1678,49,1750,3102,2392,2866,1978
81.1885,52,1750,3102,2390,2866,1978
81.2091,54,1750,3102,2389,2867,1978
81.2294,57,1750,3102,2387,2868,1978
81.2494,60,1750,3102,2386,2869,1978
81.2695,63,1750,3102,2385,2869,1978
81.2899,65,1750,3102,2384,2868,1978
81.3104,67,1750,3102,2383,2868,1978
81.3307,70,1750,3102,2381,2868,1978
81.3511,72,1750,3102,2380,2868,1978
81.3716,74,1750,3102,2379,2868,1978
81.3920,76,1750,3102,2377,2868,1978
81.4123,78,1750,3102,2376,2868,1978
81.4329,80,1750,3102,2374,2868,1978
81.4534,82,1750,3102,2373,2868,1978
81.4736,85,1750,3102,2371,2868,1978
81.4937,87,1751,3102,2370,2868,1978
81.5139,89,1751,3102,2368,2868,1978
81.5343,91,1751,3102,2367,2868,1978
81.5548,93,1751,3102,2364,2869,1978
81.5749,95,1751,3102,2362,2869,1978
81.5954,97,1751,3102,2360,2869,1978
81.6159,99,1751,3102,2357,2870,1978
81.6365,100,1751,3102,2355,2870,1978
81.6571,101,1751,3102,2352,2870,1978
81.6772,102,1751,3102,2350,2871,1978
81.6977,103,1751,3102,2347,2872,1978
81.7180,104,1751,3102,2344,2872,1978
81.7381,104,1751,3102,2342,2872,1978
81.7587,104,1751,3102,2338,2872,1978
81.7792,105,1751,3102,2335,2872,1978
81.7997,105,1751,3102,2332,2872,1978
81.8202,105,1751,3102,2328,2872,1978
81.8404,105,1751,3102,2325,2871,1978
81.8608,105,1751,3102,2321,2870,1978
81.8815,105,1751,3102,2318,2869,1978
81.9020,105,1751,3102,2314,2869,1978
81.9226,104,1751,3102,2312,2868,1978
81.9432,104,1751,3102,2309,2868,1978
81.9639,104,1751,3102,2307,2868,1978
81.9846,104,1751,3102,2304,2868,1978
82.0049,104,1751,3102,2300,2868,1978
82.0251,103,1751,3102,2296,2868,1978
82.0456,103,1751,3102,2292,2868,1978
82.0657,103,1751,3102,2288,2868,1978
82.0859,103,1751,3102,2285,2868,1978
82.1062,103,1751,3102,2281,2868,1978
82.1267,103,1751,3102,2278,2868,1978
82.1471,103,1751,3102,2274,2867,1978
82.1674,103,1751,3102,2270,2867,1978
82.1880,103,1751,3102,2266,2867,1978
82.2086,103,1751,3102,2262,2867,1978
82.2291,103,1751,3102,2258,2866,1978
82.2495,103,1751,3102,2254,2865,1978
82.2697,103,1751,3102,2249,2864,1978
82.2899,103,1751,3102,2244,2863,1978
82.3107,103,1751,3102,2240,2863,1978
82.3307,103,1751,3102,2235,2863,1978
82.3511,103,1751,3102,2230,2863,1978
82.3716,103,1751,3102,2226,2863,1978
82.3921,103,1751,3102,2221,2863,1978
82.4122,103,1751,3102,2218,2863,1978
82.4327,103,1751,3102,2214,2863,1978
82.4530,103,1751,3102,2212,2863,1978
82.4736,103,1751,3102,2208,2863,1978
82.4938,103,1751,3102,2205,2862,1978
82.5141,103,1751,3102,2203,2862,1978
82.5344,103,1751,3102,2199,2860,1978
82.5549,102,1751,3102,2196,2858,1978
82.5756,102,1751,3102,2192,2857,1978
82.5961,102,1751,3102,2187,2857,1978
82.6167,102,1751,3102,2183,2856,1978
82.6370,102,1751,3102,2178,2855,1978
82.6575,102,1751,3102,2174,2855,1978
82.6781,102,1751,3102,2169,2855,1978
82.6984,102,1751,3102,2163,2854,1978
82.7188,102,1751,3102,2159,2852,1978
82.7389,102,1751,3102,2155,2850,1978
82.7592,102,1751,3102,2150,2848,1978
82.7796,102,1751,3102,2147,2846,1978
82.8000,102,1751,3102,2143,2845,1978
82.8208,102,1751,3102,2139,2843,1978
82.8409,102,1751,3102,2135,2842,1978
82.8612,102,1751,3102,2131,2841,1978
82.8816,102,1751,3102,2127,2841,1978
82.9018,102,1751,3102,2123,2840,1978
82.9225,102,1751,3102,2119,2839,1978
82.9429,102,1751,3102,2116,2838,1978
82.9634,102,1751,3102,2111,2837,1978
82.9837,102,1751,3102,2107,2836,1978
83.0039,102,1751,3102,2103,2836,1978
83.0241,102,1751,3102,2099,2836,1978
83.0442,102,1751,3102,2094,2835,1978
83.0647,102,1751,3102,2090,2834,1978
83.0849,102,1751,3102,2086,2834,1978
83.1053,102,1750,3102,2083,2833,1978
83.1258,102,1750,3102,2079,2832,1978
83.1464,102,1750,3102,2075,2832,1978
83.1666,102,1750,3102,2072,2832,1978
83.1871,102,1750,3102,2068,2832,1978
83.2079,102,1750,3102,2064,2832,1978
83.2288,102,1750,3102,2059,2832,1978
83.2491,102,1750,3102,2054,2834,1978
83.2694,102,1750,3102,2049,2836,1978
83.2895,102,1750,3102,2044,2838,1978
83.3099,102,1750,3102,2039,2841,1978
83.3300,102,1750,3102,2034,2845,1978
83.3504,102,1750,3102,2029,2848,1978
83.3706,102,1750,3102,2024,2851,1978
83.3909,102,1750,3102,2020,2854,1978
83.4115,102,1750,3102,2015,2856,1978
83.4315,102,1750,3102,2012,2857,1978
83.4519,102,1750,3102,2008,2858,1978
83.4724,102,1750,3102,2005,2860,1978
83.4927,103,1750,3102,2002,2860,1978
83.5130,103,1750,3102,1999,2860,1978
83.5334,104,1750,3102,1996,2860,1978
83.5537,106,1750,3102,1993,2860,1978
83.5739,108,1750,3102,1990,2860,1978
83.5950,109,1750,3102,1987,2860,1978
83.6151,110,1750,3102,1983,2860,1978
83.6355,110,1750,3102,1979,2861,1978
83.6559,110,1750,3102,1975,2863,1978
83.6761,111,1750,3102,1970,2863,1978
83.6966,113,1750,3102,1965,2863,1978
83.7168,114,1750,3102,1959,2863,1978
83.7368,117,1750,3102,1953,2863,1978
83.7572,119,1750,3102,1948,2863,1978
83.7774,121,1750,3102,1942,2863,1978
83.7978,124,1750,3102,1936,2863,1978
83.8179,127,1750,3102,1930,2861,1978
83.8383,131,1750,3102,1925,2859,1978
83.8585,134,1750,3102,1920,2857,1978
83.8787,138,1750,3102,1914,2853,1978
83.8992,142,1750,3102,1908,2850,1978
83.9194,145,1750,3102,1901,2848,1978
83.9399,149,1750,3102,1895,2846,1978
83.9606,152,1750,3102,1888,2844,1978
83.9810,155,1750,3102,1881,2842,1978
84.0013,156,1750,3102,1875,2842,1978
84.0218,156,1750,3102,1870,2842,1978
84.0423,156,1750,3102,1865,2842,1978
84.0625,156,1750,3102,1861,2841,1978
84.0825,156,1750,3102,1858,2840,1978
84.1027,156,1750,3102,1855,2839,1978
84.1231,156,1750,3102,1852,2838,1978
84.1431,156,1750,3102,1851,2837,1978
84.1631,156,1750,3102,1849,2837,1978
84.1836,156,1750,3102,1847,2835,1978
84.2040,157,1750,3102,1846,2834,1978
84.2241,157,1750,3102,1845,2833,1978
84.2441,157,1750,3102,1844,2833,1978
84.2646,157,1750,3102,1843,2832,1978
84.2847,157,1750,3102,1842,2832,1978
84.3049,157,1750,3102,1840,2831,1978
84.3255,157,1750,3102,1839,2831,1978
84.3457,157,1750,3102,1837,2830,1978
84.3661,157,1750,3102,1835,2829,1978
84.3863,157,1750,3102,1832,2828,1978
84.4066,156,1750,3102,1830,2827,1978
84.4270,156,1750,3102,1827,2826,1978
84.4471,156,1750,3102,1824,2825,1978
84.4679,156,1750,3102,1822,2824,1978
84.4883,156,1750,3102,1819,2820,1978
84.5085,156,1750,3102,1815,2809,1978
84.5288,156,1750,3102,1810,2790,1979
84.5490,156,1750,3102,1805,2765,1979
84.5697,157,1750,3102,1799,2735,1979
84.5904,157,1750,3102,1791,2710,1979
84.6107,157,1750,3102,1785,2690,1979
84.6309,157,1750,3102,1779,2676,1979
84.6512,157,1750,3102,1773,2668,1979
84.6712,157,1750,3102,1766,2660,1979
84.6915,157,1750,3102,1760,2652,1979
84.7119,157,1750,3102,1755,2648,1979
84.7322,156,1750,3102,1751,2644,1979
84.7526,156,1750,3102,1747,2640,1979
84.7727,156,1750,3102,1745,2635,1979
84.7934,156,1750,3102,1742,2629,1979
84.8137,156,1750,3102,1740,2625,1979
84.8344,156,1750,3102,1739,2620,1979
84.8547,156,1750,3102,1738,2615,1979
84.8752,156,1750,3102,1738,2611,1979
84.8961,156,1750,3102,1737,2608,1979
84.9165,156,1750,3102,1735,2603,1979
84.9367,156,1750,3102,1733,2597,1979
84.9572,156,1750,3102,1731,2591,1979
84.9775,156,1750,3102,1728,2585,1979
84.9979,156,1750,3102,1725,2580,1979
85.0184,156,1750,3102,1721,2575,1979
85.0388,156,1750,3102,1717,2567,1979
85.0591,156,1750,3102,1712,2561,1979
85.0793,156,1750,3102,1707,2556,1979
85.0999,156,1750,3102,1703,2552,1979
85.1200,156,1750,3102,1698,2550,1979
85.1405,156,1750,3102,1694,2548,1979
85.1609,156,1750,3102,1690,2548,1979
85.1815,156,1750,3102,1687,2548,1980
85.2015,156,1750,3102,1683,2548,1980
85.2217,156,1750,3102,1680,2548,1980
85.2419,156,1750,3102,1676,2548,1980
85.2620,156,1750,3102,1673,2547,1980
85.2824,156,1750,3102,1670,2545,1980
85.3027,156,1750,3102,1666,2542,1980
85.3231,156,1750,3102,1661,2536,1980
85.3434,156,1750,3102,1657,2532,1980
85.3636,156,1750,3102,1653,2527,1980
85.3841,155,1750,3102,1649,2522,1979
85.4045,153,1750,3102,1645,2515,1979
85.4249,149,1750,3102,1645,2504,1979
85.4451,145,1750,3102,1645,2497,1979
85.4653,140,1750,3102,1645,2491,1979
85.4856,135,1750,3102,1645,2487,1979
85.5062,130,1750,3102,1645,2485,1979
85.5264,125,1750,3102,1645,2482,1979
85.5471,121,1750,3102,1645,2478,1979
85.5674,117,1750,3102,1645,2475,1979
85.5877,116,1750,3102,1645,2472,1979
85.6079,115,1750,3102,1645,2471,1979
85.6283,115,1750,3102,1645,2469,1979
85.6491,115,1750,3102,1645,2468,1979
85.6692,115,1750,3102,1645,2471,1979
85.6897,115,1750,3102,1645,2478,1979
85.7099,115,1750,3102,1645,2488,1979
85.7301,115,1750,3102,1645,2506,1979
85.7504,115,1750,3102,1645,2515,1979
85.7710,117,1750,3102,1645,2505,1979
85.7917,118,1750,3102,1645,2496,1979
85.8121,118,1750,3102,1645,2498,1979
85.8324,118,1750,3102,1645,2498,1979
85.8525,118,1750,3102,1645,2493,1979
85.8732,118,1750,3102,1645,2491,1979
85.8936,118,1750,3102,1645,2492,1979
85.9138,118,1750,3102,1645,2493,1979
85.9343,118,1750,3102,1645,2490,1979
85.9544,118,1750,3102,1645,2484,1980
85.9749,118,1750,3102,1645,2476,1980
85.9951,118,1750,3102,1645,2474,1980
86.0154,118,1750,3102,1645,2474,1980
86.0358,118,1750,3102,1645,2474,1980
86.0562,117,1750,3102,1645,2470,1980
86.0767,116,1750,3102,1645,2460,1980
86.0970,116,1750,3102,1645,2444,1980
86.1175,116,1750,3102,1645,2426,1980
86.1379,116,1750,3102,1645,2410,1980
86.1583,116,1750,3102,1645,2393,1980
86.1784,116,1750,3102,1645,2377,1980
86.1989,116,1750,3102,1645,2360,1980
86.2193,116,1750,3102,1645,2344,1980
86.2395,116,1750,3102,1645,2329,1980
86.2595,116,1750,3102,1645,2317,1980
86.2799,116,1750,3102,1645,2307,1980
86.3004,116,1750,3102,1645,2299,1980
86.3208,116,1750,3102,1645,2291,1980
86.3417,116,1750,3102,1645,2285,1980
86.3620,116,1750,3102,1645,2279,1980
86.3825,116,1750,3102,1645,2275,1980
86.4030,116,1750,3102,1645,2272,1980
86.4235,116,1750,3102,1645,2269,1980
86.4439,116,1750,3102,1645,2267,1980
86.4642,116,1750,3102,1645,2266,1980
86.4844,116,1750,3102,1645,2265,1980
86.5047,113,1750,3102,1645,2265,1980
86.5251,105,1750,3102,1645,2268,1980
86.5463,91,1750,3102,1645,2271,1980
86.5668,75,1750,3102,1645,2273,1980
86.5873,54,1750,3102,1645,2275,1980
86.6073,32,1749,3102,1645,2274,1980
86.6281,9,1749,3102,1645,2267,1980
86.6486,4087,1749,3102,1645,2257,1980
86.6688,4070,1749,3102,1645,2246,1980
86.6889,4058,1749,3102,1645,2237,1980
86.7090,4048,1749,3102,1645,2227,1980
86.7292,4043,1749,3102,1645,2217,1980
86.7495,4041,1749,3102,1645,2208,1980
86.7698,4041,1749,3102,1645,2199,1980
86.7899,4041,1749,3102,1645,2194,1980
86.8109,4041,1749,3102,1645,2192,1980
86.8314,4041,1749,3102,1645,2191,1980
86.8523,4041,1749,3102,1645,2191,1980
86.8725,4041,1749,3102,1645,2191,1980
86.8929,4041,1749,3102,1645,2191,1980
86.9136,4041,1749,3102,1645,2191,1980
86.9341,4041,1749,3102,1645,2191,1980
86.9542,4041,1749,3102,1645,2191,1980
86.9746,4041,1749,3102,1645,2191,1980
86.9946,4043,1749,3102,1645,2190,1980
87.0148,4047,1749,3102,1645,2189,1980
87.0353,4052,1749,3102,1645,2189,1980
87.0556,4056,1749,3102,1645,2189,1980
87.0760,4061,1749,3102,1645,2189,1980
87.0963,4065,1749,3102,1645,2189,1980
87.1168,4072,1749,3102,1645,2189,1980
87.1378,4079,1749,3102,1645,2189,1980
87.1583,4086,1749,3102,1645,2189,1980
87.1789,4091,1749,3102,1645,2190,1980
87.1994,0,1748,3102,1645,2190,1980
87.2196,3,1748,3102,1645,2190,1980
87.2401,7,1748,3102,1645,2190,1980
87.2609,12,1748,3102,1645,2190,1980
87.2813,15,1748,3102,1645,2191,1980
87.3014,17,1748,3102,1645,2191,1980
87.3217,17,1748,3102,1645,2190,1980
87.3421,17,1748,3102,1645,2190,1980
87.3626,17,1748,3102,1645,2190,1980
87.3831,17,1748,3102,1645,2190,1980
87.4038,17,1748,3102,1645,2190,1980
87.4246,17,1748,3102,1645,2190,1980
87.4456,17,1748,3102,1645,2190,1980
87.4661,17,1748,3102,1645,2190,1980
87.4866,17,1748,3102,1645,2190,1980
87.5068,17,1748,3102,1645,2190,1980
87.5276,17,1748,3102,1645,2190,1980
87.5478,17,1748,3102,1645,2190,1980
87.5679,17,1748,3102,1645,2190,1980
87.5884,17,1748,3102,1645,2190,1980
87.6088,17,1748,3102,1645,2190,1980
87.6293,17,1748,3102,1645,2190,1980
87.6498,17,1748,3102,1645,2190,1980
87.6700,17,1748,3102,1645,2190,1980
87.6906,17,1748,3102,1645,2190,1980
87.7107,17,1748,3102,1645,2190,1980
87.7311,17,1748,3102,1645,2190,1980
87.7513,17,1748,3102,1645,2190,1980
87.7714,17,1748,3102,1645,2190,1980
87.7920,17,1748,3102,1645,2190,1980
87.8124,17,1748,3102,1645,2190,1980
87.8331,17,1748,3102,1645,2190,1980
87.8537,17,1748,3102,1645,2190,1980
87.8739,17,1748,3102,1645,2190,1980
87.8941,17,1748,3102,1645,2190,1980
87.9149,17,1748,3102,1645,2190,1980
87.9354,17,1748,3102,1645,2190,1980
87.9558,17,1748,3102,1645,2190,1980
87.9761,17,1748,3102,1645,2190,1980
87.9962,17,1748,3102,1645,2190,1980
88.0163,17,1748,3102,1645,2190,1980
88.0364,17,1748,3102,1645,2190,1980
88.0564,17,1748,3102,1645,2190,1980
88.0769,17,1748,3102,1645,2190,1980
88.0970,17,1748,3102,1645,2190,1980
88.1173,17,1748,3102,1645,2190,1980
88.1376,17,1748,3102,1645,2190,1980
88.1579,17,1748,3102,1645,2190,1980
88.1792,17,1748,3102,1645,2190,1980
88.1997,17,1748,3102,1645,2190,1980
88.2200,17,1748,3102,1645,2190,1980
88.2404,17,1748,3102,1645,2190,1980
88.2609,17,1748,3102,1645,2190,1980
88.2812,17,1748,3102,1645,2190,1980
88.3015,17,1748,3102,1645,2190,1980
88.3217,17,1748,3102,1645,2190,1980
88.3422,17,1748,3102,1645,2190,1980
88.3627,17,1748,3102,1645,2190,1980
88.3832,17,1748,3102,1645,2190,1980
88.4039,17,1748,3102,1645,2190,1980
88.4242,17,1748,3102,1645,2190,1980
88.4446,17,1748,3102,1645,2190,1980
88.4649,17,1748,3102,1645,2190,1980
88.4854,17,1748,3102,1645,2190,1980
88.5062,17,1748,3102,1645,2190,1980
88.5265,17,1748,3102,1645,2190,1980
88.5470,17,1748,3102,1645,2190,1980
88.5677,17,1748,3102,1645,2190,1980
88.5881,17,1748,3102,1645,2190,1980
88.6083,17,1748,3102,1645,2190,1980
88.6288,17,1748,3102,1645,2190,1980
88.6493,17,1748,3102,1645,2190,1980
88.6693,17,1748,3102,1645,2190,1980
88.6894,17,1748,3102,1645,2190,1980
88.7098,17,1748,3102,1645,2190,1980
88.7303,17,1748,3102,1645,2190,1980
88.7509,17,1748,3102,1645,2190,1980
88.7713,17,1748,3102,1645,2190,1980
88.7913,17,1748,3102,1645,2190,1980
88.8117,17,1748,3102,1645,2190,1980
88.8320,17,1748,3102,1645,2190,1980
88.8523,17,1748,3102,1645,2190,1980
88.8727,17,1748,3102,1645,2190,1980
88.8929,17,1748,3102,1645,2190,1980
88.9130,17,1748,3102,1645,2190,1980
88.9335,17,1748,3102,1645,2190,1980
88.9535,17,1748,3102,1645,2190,1980
88.9736,17,1748,3102,1645,2190,1980
88.9940,17,1748,3102,1645,2190,1980
89.0143,17,1748,3102,1645,2190,1980
89.0348,17,1748,3102,1645,2190,1980
89.0552,17,1748,3102,1645,2190,1980
89.0756,17,1748,3102,1645,2190,1980
89.0959,17,1748,3102,1645,2190,1980
89.1160,17,1748,3102,1645,2190,1980
89.1364,17,1748,3102,1645,2190,1980
89.1568,17,1748,3102,1645,2190,1980
89.1769,17,1748,3102,1645,2190,1980
89.1975,17,1748,3102,1645,2190,1980
89.2177,17,1748,3102,1645,2190,1980
89.2381,17,1748,3102,1645,2190,1980
89.2585,17,1748,3102,1645,2190,1980
89.2788,17,1748,3102,1645,2190,1980
89.2992,17,1748,3102,1645,2190,1980
89.3194,17,1748,3102,1645,2190,1980
89.3397,17,1748,3102,1645,2190,1980
89.3599,17,1748,3102,1645,2190,1980
89.3800,17,1748,3102,1645,2190,1980
89.4003,17,1748,3102,1645,2190,1980
89.4208,17,1748,3102,1645,2190,1980
89.4412,17,1748,3102,1645,2190,1980
89.4613,17,1748,3102,1645,2190,1980
89.4818,17,1748,3102,1645,2190,1980
89.5023,17,1748,3102,1645,2190,1980
89.5227,17,1748,3102,1645,2190,1980
89.5431,17,1748,3102,1645,2190,1980
89.5633,17,1748,3102,1645,2190,1980
89.5838,17,1748,3102,1645,2190,1980
89.6042,17,1748,3102,1645,2190,1980
89.6245,17,1748,3102,1645,2190,1980
89.6451,17,1748,3102,1645,2190,1980
89.6655,17,1748,3102,1645,2190,1980
89.6861,17,1748,3102,1645,2190,1980
