timestamp_sec,q1,q2,q3,q4,q5,q6
1.0843,0.06596,0.00000,0.00000,-2.50499,-3.10171,0.08283
1.1074,0.06596,0.00000,0.00000,-2.50499,-3.10171,0.08283
1.1315,0.06596,0.00000,0.00000,-2.50499,-3.10171,0.08283
1.1535,0.06596,0.00000,0.00000,-2.50499,-3.10171,0.08283
1.1749,0.06596,0.00000,0.00000,-2.50499,-3.10171,0.08283
1.1978,0.06596,0.00000,0.00000,-2.50499,-3.10171,0.08283
1.2183,0.06596,0.00000,0.00000,-2.50499,-3.10171,0.08283
1.2391,0.06596,0.00000,0.00000,-2.50499,-3.10171,0.08283
1.2642,0.06596,0.00000,0.00000,-2.50499,-3.10171,0.08283
1.2864,0.06596,0.00000,0.00000,-2.50499,-3.10171,0.08283
1.3093,0.06596,0.00000,0.00000,-2.50499,-3.10171,0.08283
1.3311,0.06596,0.00000,0.00000,-2.50499,-3.10171,0.08283
1.3524,0.06596,0.00000,0.00000,-2.50499,-3.10171,0.08283
1.3731,0.06596,0.00000,0.00000,-2.50499,-3.10171,0.08283
1.3941,0.06596,0.00000,0.00000,-2.50499,-3.10171,0.08283
1.4168,0.06596,0.00000,0.00000,-2.50499,-3.10171,0.08283
1.4384,0.06596,0.00000,0.00000,-2.50499,-3.10171,0.08283
1.4606,0.06596,0.00000,0.00000,-2.50499,-3.10171,0.08283
1.4823,0.06596,0.00000,0.00000,-2.50499,-3.10171,0.08283
1.5046,0.06596,0.00000,0.00000,-2.50499,-3.10171,0.08283
1.5281,0.06596,0.00000,0.00000,-2.50499,-3.10171,0.08283
1.5513,0.06596,0.00000,0.00000,-2.50499,-3.10171,0.08283
1.5771,0.06596,0.00000,0.00000,-2.50499,-3.10018,0.08283
1.6031,0.06596,0.00000,0.00000,-2.50499,-3.08790,0.08283
1.6254,0.06596,0.00000,0.00000,-2.50499,-3.08637,0.08283
1.6489,0.06596,0.00000,0.00000,-2.50499,-3.08330,0.08283
1.6712,0.06596,0.00000,0.00000,-2.50499,-3.09097,0.08283
1.6990,0.06596,0.00000,0.00000,-2.50499,-3.11551,0.08283
1.7224,0.06596,0.00000,0.00000,-2.50499,-3.13085,0.08283
1.7469,0.06596,0.00000,0.00000,-2.50499,-3.14006,0.08283
1.7709,0.06596,0.00000,0.00000,-2.50499,-3.14926,0.08283
1.7991,0.06596,0.00000,0.00000,-2.50499,-3.16153,0.08283
1.8227,0.06596,0.00000,0.00000,-2.50499,-3.16920,0.08283
1.8472,0.06596,0.00000,0.00000,-2.50499,-3.17994,0.08283
1.8714,0.06596,0.00000,0.00000,-2.50499,-3.19068,0.08283
1.8980,0.06596,0.00000,0.00000,-2.50499,-3.20142,0.08283
1.9204,0.06596,0.00000,0.00000,-2.50499,-3.21062,0.08283
1.9432,0.06596,0.00000,0.00000,-2.50499,-3.22903,0.08283
1.9682,0.06596,0.00000,0.00000,-2.50499,-3.25357,0.08283
1.9933,0.06596,0.00000,0.00000,-2.50499,-3.27812,0.08283
2.0184,0.06596,0.00000,0.00000,-2.50499,-3.30266,0.08283
2.0415,0.06596,0.00000,0.00000,-2.50499,-3.31800,0.08283
2.0660,0.06596,0.00000,0.00000,-2.50499,-3.33027,0.08283
2.0883,0.06596,0.00000,0.00000,-2.50499,-3.34101,0.08283
2.1125,0.06596,0.00000,0.00000,-2.50499,-3.35175,0.08283
2.1350,0.06596,0.00000,0.00000,-2.50499,-3.35788,0.08283
2.1575,0.06596,0.00000,0.00000,-2.50499,-3.36249,0.08283
2.1819,0.06596,0.00000,0.00000,-2.50499,-3.36862,0.08283
2.2047,0.06596,0.00000,0.00000,-2.50499,-3.37322,0.08283
2.2296,0.06596,0.00000,0.00000,-2.50499,-3.37476,0.08283
2.2531,0.06596,0.00000,0.00000,-2.50499,-3.37476,0.08283
2.2759,0.06596,0.00000,0.00000,-2.50499,-3.37476,0.08283
2.2998,0.06596,0.00000,0.00000,-2.50499,-3.37476,0.08283
2.3228,0.06596,0.00000,0.00000,-2.50499,-3.37476,0.08283
2.3491,0.06596,0.00000,0.00000,-2.50499,-3.37476,0.08283
2.3720,0.06596,0.00000,0.00000,-2.50499,-3.37322,0.08283
2.3955,0.06596,0.00000,0.00000,-2.50499,-3.37016,0.08283
2.4181,0.06596,0.00000,0.00000,-2.50499,-3.36709,0.08283
2.4414,0.06596,0.00000,0.00000,-2.50499,-3.36709,0.08283
2.4661,0.06596,0.00000,0.00000,-2.50499,-3.36709,0.08283
2.4877,0.06596,0.00000,0.00000,-2.50499,-3.36709,0.08283
2.5128,0.06596,0.00000,0.00000,-2.50499,-3.36555,0.08283
2.5358,0.06596,0.00000,0.00000,-2.50499,-3.36555,0.08283
2.5591,0.06596,0.00000,0.00000,-2.50499,-3.36555,0.08283
2.5849,0.06596,0.00000,0.00000,-2.50499,-3.36555,0.08283
2.6103,0.06596,0.00000,0.00000,-2.50499,-3.36862,0.08283
2.6366,0.06596,0.00000,0.00000,-2.50499,-3.36862,0.08283
2.6616,0.06596,0.00000,0.00000,-2.50499,-3.36709,0.08283
2.6860,0.06596,0.00000,0.00000,-2.50499,-3.36709,0.08283
2.7096,0.06596,0.00000,0.00000,-2.50499,-3.36709,0.08283
2.7349,0.06596,0.00000,0.00000,-2.50499,-3.36555,0.08283
2.7632,0.06596,0.00000,0.00000,-2.50499,-3.35788,0.08283
2.7852,0.06596,0.00000,0.00000,-2.50499,-3.35021,0.08283
2.8122,0.06596,0.00000,0.00000,-2.50499,-3.33641,0.08283
2.8363,0.06596,0.00000,0.00000,-2.50499,-3.32414,0.08283
2.8613,0.06596,0.00000,0.00000,-2.50499,-3.30726,0.08283
2.8845,0.06596,0.00000,0.00000,-2.50499,-3.29039,0.08283
2.9070,0.06596,0.00000,0.00000,-2.50499,-3.27045,0.08283
2.9327,0.06596,0.00000,0.00000,-2.50499,-3.24590,0.08283
2.9555,0.06596,0.00000,0.00000,-2.50499,-3.22289,0.08283
2.9814,0.06596,0.00000,0.00000,-2.50499,-3.19528,0.08283
3.0052,0.06596,0.00000,0.00000,-2.50499,-3.16460,0.08283
3.0303,0.06596,0.00000,0.00000,-2.50499,-3.13239,0.08283
3.0540,0.06596,0.00000,0.00000,-2.50499,-3.10478,0.08283
3.0815,0.06596,0.00000,0.00000,-2.50499,-3.07256,0.08283
3.1063,0.06750,0.00000,0.00000,-2.50499,-3.04495,0.08283
3.1314,0.06750,0.00000,0.00000,-2.50499,-3.02041,0.08283
3.1539,0.06750,0.00000,0.00000,-2.50499,-2.99893,0.08283
3.1789,0.06750,0.00000,0.00000,-2.50499,-2.98052,0.08283
3.2033,0.06750,0.00000,0.00000,-2.50499,-2.96365,0.08283
3.2294,0.06750,0.00000,0.00000,-2.50499,-2.94985,0.08283
3.2522,0.06750,-0.00153,0.00000,-2.50499,-2.93911,0.08283
3.2772,0.06750,-0.00153,0.00000,-2.50499,-2.93451,0.08283
3.3013,0.06750,-0.00153,0.00000,-2.50499,-2.93451,0.08283
3.3240,0.06750,-0.00153,0.00000,-2.50499,-2.94371,0.08283
3.3471,0.06750,-0.00153,0.00000,-2.50499,-2.95751,0.08283
3.3706,0.06750,-0.00153,0.00000,-2.50499,-2.97746,0.08283
3.3969,0.06750,-0.00153,0.00000,-2.50499,-3.00507,0.08283
3.4200,0.06750,-0.00153,0.00000,-2.50499,-3.03268,0.08283
3.4461,0.06750,-0.00153,0.00000,-2.50499,-3.06796,0.08283
3.4689,0.06750,-0.00153,0.00000,-2.50499,-3.10018,0.08283
3.4926,0.06750,-0.00153,0.00000,-2.50499,-3.12932,0.08283
3.5153,0.06750,-0.00153,0.00000,-2.50499,-3.15847,0.08283
3.5374,0.06750,-0.00153,0.00000,-2.50499,-3.18761,0.08283
3.5604,0.06750,-0.00153,0.00000,-2.50499,-3.22136,0.08283
3.5845,0.06750,-0.00153,0.00000,-2.50499,-3.25357,0.08283
3.6079,0.06750,-0.00153,0.00000,-2.50499,-3.28272,0.08283
3.6312,0.06750,-0.00153,0.00000,-2.50499,-3.30880,0.08283
3.6543,0.06750,-0.00153,0.00000,-2.50499,-3.32874,0.08283
3.6808,0.06750,-0.00153,0.00000,-2.50499,-3.35175,0.08283
3.7043,0.06750,-0.00153,0.00000,-2.50499,-3.36862,0.08283
3.7304,0.06750,-0.00153,0.00000,-2.50499,-3.38550,0.08283
3.7534,0.06750,-0.00153,0.00000,-2.50499,-3.39930,0.08283
3.7788,0.06903,-0.00153,0.00000,-2.50499,-3.41311,0.08283
3.8027,0.06903,-0.00153,0.00000,-2.50499,-3.42538,0.08283
3.8266,0.06903,-0.00153,0.00000,-2.50499,-3.43458,0.08283
3.8495,0.07056,-0.00153,0.00000,-2.50499,-3.44379,0.08283
3.8747,0.07056,-0.00153,0.00000,-2.50499,-3.44992,0.08283
3.8994,0.07056,-0.00153,0.00000,-2.50499,-3.45606,0.08283
3.9209,0.07056,-0.00153,0.00000,-2.50499,-3.46373,0.08283
3.9472,0.07056,-0.00153,0.00000,-2.50499,-3.46986,0.08283
3.9690,0.07056,-0.00153,0.00000,-2.50499,-3.47600,0.08283
3.9909,0.07056,-0.00153,0.00000,-2.50499,-3.48367,0.08283
4.0128,0.07056,-0.00153,0.00000,-2.50499,-3.48827,0.08283
4.0381,0.07056,-0.00153,0.00000,-2.50499,-3.48981,0.08283
4.0628,0.07056,-0.00153,0.00000,-2.50499,-3.48981,0.08283
4.0853,0.07056,-0.00153,0.00000,-2.50499,-3.48827,0.08283
4.1106,0.07056,-0.00153,0.00000,-2.50499,-3.48520,0.08283
4.1347,0.07056,-0.00153,0.00000,-2.50499,-3.48214,0.08283
4.1579,0.07056,-0.00153,0.00000,-2.50499,-3.48060,0.08283
4.1803,0.07056,-0.00153,0.00000,-2.50499,-3.48060,0.08283
4.2031,0.07056,-0.00153,0.00000,-2.50499,-3.48367,0.08283
4.2269,0.07056,-0.00153,0.00000,-2.50499,-3.48674,0.08283
4.2499,0.07056,-0.00153,0.00000,-2.50499,-3.48827,0.08283
4.2734,0.07056,-0.00153,0.00000,-2.50499,-3.48827,0.08283
4.2970,0.07056,-0.00153,0.00000,-2.50499,-3.48674,0.08283
4.3200,0.07056,-0.00153,0.00000,-2.50499,-3.48060,0.08283
4.3468,0.07056,-0.00153,0.00000,-2.50499,-3.47293,0.08283
4.3691,0.07056,-0.00153,0.00000,-2.50499,-3.46833,0.08283
4.3922,0.07056,-0.00153,0.00000,-2.50499,-3.46066,0.08283
4.4165,0.07056,-0.00153,0.00000,-2.50499,-3.45452,0.08283
4.4405,0.07056,-0.00153,0.00000,-2.50499,-3.44839,0.08283
4.4636,0.07056,-0.00153,0.00000,-2.50499,-3.44072,0.08283
4.4868,0.07056,-0.00153,0.00000,-2.50499,-3.43305,0.08283
4.5115,0.07056,-0.00153,0.00000,-2.50499,-3.42538,0.08283
4.5379,0.07056,-0.00153,0.00000,-2.50499,-3.41924,0.08283
4.5638,0.07056,-0.00153,0.00000,-2.50499,-3.41311,0.08283
4.5876,0.07056,-0.00153,0.00000,-2.50499,-3.40390,0.08283
4.6130,0.07210,-0.00153,0.00000,-2.50499,-3.39317,0.08283
4.6383,0.07210,-0.00153,0.00000,-2.50499,-3.38396,0.08283
4.6609,0.07363,-0.00153,0.00000,-2.50499,-3.38089,0.08283
4.6905,0.07517,-0.00153,0.00000,-2.50499,-3.38089,0.08283
4.7141,0.07670,-0.00153,0.00000,-2.50499,-3.38396,0.08283
4.7372,0.07823,-0.00153,0.00000,-2.50499,-3.38703,0.08283
4.7644,0.07823,-0.00153,0.00000,-2.50499,-3.39163,0.08283
4.7863,0.07823,-0.00153,0.00000,-2.50499,-3.40237,0.08283
4.8125,0.07823,-0.00153,0.00000,-2.50499,-3.41924,0.08283
4.8357,0.07823,-0.00153,0.00000,-2.50499,-3.42998,0.08283
4.8586,0.07823,-0.00153,0.00000,-2.50499,-3.44379,0.08283
4.8814,0.07823,-0.00153,0.00000,-2.50499,-3.45452,0.08283
4.9038,0.07823,-0.00153,0.00000,-2.50499,-3.46680,0.08283
4.9268,0.07823,-0.00153,0.00000,-2.50499,-3.48214,0.08283
4.9519,0.07823,0.00000,0.00000,-2.50499,-3.49594,0.08283
4.9761,0.07670,0.00000,0.00000,-2.50499,-3.50515,0.08283
4.9993,0.07670,0.00000,0.00000,-2.50499,-3.51435,0.08283
5.0221,0.07670,0.00000,0.00000,-2.50499,-3.52662,0.08283
5.0452,0.07670,0.00000,0.00000,-2.50346,-3.54043,0.08283
5.0682,0.07670,0.00000,0.00000,-2.49732,-3.55117,0.08283
5.0907,0.07517,0.00000,-0.00460,-2.48658,-3.55270,0.08283
5.1155,0.07517,0.00000,-0.01381,-2.47431,-3.55270,0.08283
5.1384,0.07517,0.00000,-0.02301,-2.46051,-3.55117,0.08283
5.1625,0.07517,0.00000,-0.03068,-2.44823,-3.54810,0.08283
5.1891,0.07517,0.00153,-0.04142,-2.43289,-3.54503,0.08283
5.2135,0.07517,0.00153,-0.05062,-2.41909,-3.54350,0.08283
5.2372,0.07517,0.00153,-0.05983,-2.40375,-3.54350,0.08283
5.2622,0.07517,0.00153,-0.07210,-2.38687,-3.54350,0.08283
5.2861,0.07517,0.00153,-0.08283,-2.36693,-3.54810,0.08283
5.3111,0.07517,0.00153,-0.09511,-2.34699,-3.55117,0.08283
5.3354,0.07517,0.00153,-0.10891,-2.32551,-3.55577,0.08283
5.3612,0.07517,0.00153,-0.12272,-2.29944,-3.55730,0.08283
5.3839,0.07517,0.00153,-0.13806,-2.28103,-3.55884,0.08283
5.4062,0.07517,0.00153,-0.15186,-2.26262,-3.56344,0.08283
5.4314,0.07517,0.00153,-0.16414,-2.24421,-3.56651,0.08283
5.4541,0.07517,0.00153,-0.17641,-2.22887,-3.56957,0.08283
5.4764,0.07670,0.00153,-0.18715,-2.21660,-3.57264,0.08283
5.4996,0.07670,0.00153,-0.19788,-2.20126,-3.57724,0.08283
5.5225,0.07823,0.00153,-0.20862,-2.19052,-3.58031,0.08283
5.5460,0.07977,0.00153,-0.21783,-2.17979,-3.58338,0.08283
5.5699,0.07977,0.00153,-0.22703,-2.16751,-3.58645,0.08283
5.5970,0.07977,0.00153,-0.23623,-2.15678,-3.58798,0.08283
5.6201,0.08130,0.00153,-0.24544,-2.14757,-3.58952,0.08283
5.6464,0.08130,0.00153,-0.25617,-2.13684,-3.59105,0.08283
5.6707,0.08130,0.00153,-0.26538,-2.12456,-3.59105,0.08283
5.6965,0.08130,0.00153,-0.27765,-2.10769,-3.58798,0.08283
5.7184,0.08283,0.00153,-0.28839,-2.09235,-3.58645,0.08283
5.7418,0.08590,0.00153,-0.29913,-2.07548,-3.58491,0.08283
5.7643,0.08897,0.00153,-0.31293,-2.05400,-3.58185,0.08283
5.7869,0.09050,0.00153,-0.32827,-2.03406,-3.57878,0.08283
5.8116,0.09664,0.00153,-0.34208,-2.00951,-3.57111,0.08283
5.8345,0.10124,0.00153,-0.35742,-1.98497,-3.56497,0.08283
5.8586,0.10738,0.00153,-0.37276,-1.96350,-3.55884,0.08283
5.8815,0.11505,0.00000,-0.38963,-1.94202,-3.55117,0.08283
5.9038,0.12118,0.00000,-0.40497,-1.91748,-3.54043,0.08283
5.9298,0.12885,0.00000,-0.42184,-1.89140,-3.53429,0.08283
5.9526,0.13346,0.00000,-0.43872,-1.86839,-3.52969,0.08283
5.9743,0.13959,0.00000,-0.45713,-1.84231,-3.52049,0.08283
5.9975,0.14726,0.00000,-0.47553,-1.81777,-3.50821,0.08283
6.0211,0.15800,0.00000,-0.49394,-1.79169,-3.49594,0.08283
6.0470,0.17181,0.00000,-0.52002,-1.76101,-3.48520,0.08283
6.0700,0.18408,0.00000,-0.53996,-1.73647,-3.47600,0.08283
6.0971,0.20095,0.00307,-0.55837,-1.71499,-3.45913,0.08283
6.1207,0.21169,0.00767,-0.57064,-1.69351,-3.45452,0.08283
6.1459,0.22089,0.01534,-0.58598,-1.67971,-3.45299,0.08283
6.1683,0.22550,0.02148,-0.59979,-1.66897,-3.45146,0.08283
6.1920,0.22703,0.03221,-0.61666,-1.66130,-3.44839,0.08283
6.2153,0.22703,0.04449,-0.63507,-1.65670,-3.44532,0.08283
6.2379,0.22703,0.05522,-0.65194,-1.65363,-3.44379,0.08283
6.2621,0.22703,0.06903,-0.67035,-1.65056,-3.44225,0.08283
6.2850,0.22703,0.08437,-0.68876,-1.65056,-3.44225,0.08283
6.3092,0.22703,0.10124,-0.71023,-1.65056,-3.44225,0.08283
6.3328,0.22703,0.11812,-0.73171,-1.64750,-3.44225,0.08283
6.3559,0.22703,0.13806,-0.75472,-1.64596,-3.44225,0.08283
6.3814,0.22703,0.15953,-0.78080,-1.64596,-3.44225,0.08283
6.4036,0.22703,0.17641,-0.80074,-1.64596,-3.44685,0.08283
6.4301,0.22550,0.19788,-0.82835,-1.64289,-3.45452,0.08283
6.4533,0.22243,0.21783,-0.85136,-1.63676,-3.46373,0.08283
6.4798,0.21629,0.23930,-0.87897,-1.63216,-3.47447,0.08283
6.5021,0.21169,0.25771,-0.90658,-1.62602,-3.48367,0.08283
6.5250,0.20709,0.27918,-0.93419,-1.62142,-3.49134,0.08283
6.5465,0.20249,0.30219,-0.95874,-1.61682,-3.49901,0.08283
6.5697,0.19788,0.32520,-0.98788,-1.61375,-3.50515,0.08283
6.5950,0.19175,0.34821,-1.02010,-1.60608,-3.51128,0.08283
6.6197,0.18561,0.36969,-1.04771,-1.59687,-3.51588,0.08283
6.6441,0.18254,0.38963,-1.07532,-1.58920,-3.51895,0.08283
6.6658,0.17948,0.40804,-1.10293,-1.58153,-3.52049,0.08283
6.6906,0.17641,0.42951,-1.12901,-1.57540,-3.52202,0.08283
6.7135,0.17334,0.44792,-1.15662,-1.56619,-3.52509,0.08283
6.7368,0.17181,0.46786,-1.18423,-1.55699,-3.52816,0.08283
6.7610,0.17027,0.48781,-1.21338,-1.54932,-3.52816,0.08283
6.7839,0.16874,0.51235,-1.24252,-1.54472,-3.52969,0.08283
6.8060,0.16874,0.53383,-1.27320,-1.54012,-3.52969,0.08283
6.8304,0.16720,0.55837,-1.30542,-1.53091,-3.53122,0.08283
6.8529,0.16567,0.58291,-1.34223,-1.52478,-3.53122,0.08283
6.8754,0.16567,0.60746,-1.37905,-1.51557,-3.53276,0.08283
6.8987,0.16414,0.63660,-1.42353,-1.50637,-3.53429,0.08283
6.9225,0.16414,0.66575,-1.46495,-1.49410,-3.53583,0.08283
6.9458,0.16414,0.69489,-1.50944,-1.48336,-3.53736,0.08283
6.9703,0.16414,0.72557,-1.55546,-1.47262,-3.53889,0.08283
6.9965,0.16414,0.75779,-1.60608,-1.45728,-3.54196,0.08283
7.0190,0.16414,0.78693,-1.64750,-1.44808,-3.54350,0.08283
7.0453,0.16260,0.81761,-1.69658,-1.43734,-3.54656,0.08283
7.0687,0.16107,0.84369,-1.73493,-1.42507,-3.54810,0.08283
7.0924,0.15953,0.87130,-1.77328,-1.41126,-3.55117,0.08283
7.1161,0.15647,0.89431,-1.81010,-1.40052,-3.55270,0.08283
7.1413,0.15493,0.91885,-1.84691,-1.39132,-3.55423,0.08283
7.1646,0.15186,0.94186,-1.87913,-1.38365,-3.55423,0.08283
7.1875,0.15186,0.96181,-1.90981,-1.37905,-3.55270,0.08283
7.2128,0.15186,0.98635,-1.94049,-1.37445,-3.55117,0.08283
7.2349,0.15186,1.00476,-1.96810,-1.36831,-3.54810,0.08283
7.2563,0.15186,1.02623,-1.99571,-1.36524,-3.54656,0.08283
7.2789,0.15186,1.04771,-2.02946,-1.36064,-3.54503,0.08283
7.3040,0.15186,1.07225,-2.06474,-1.35604,-3.54350,0.08283
7.3290,0.15186,1.09680,-2.09849,-1.35144,-3.54196,0.08283
7.3518,0.15186,1.11981,-2.13070,-1.34377,-3.54043,0.08283
7.3752,0.15186,1.14282,-2.16751,-1.33303,-3.54043,0.08283
7.4000,0.15186,1.16736,-2.20586,-1.32383,-3.54043,0.08283
7.4232,0.15186,1.19344,-2.24575,-1.31309,-3.54043,0.08283
7.4461,0.15186,1.22105,-2.28563,-1.30082,-3.54043,0.08283
7.4687,0.15186,1.24713,-2.33012,-1.28548,-3.54043,0.08283
7.4927,0.15186,1.27627,-2.37614,-1.26707,-3.54043,0.08283
7.5152,0.15186,1.30235,-2.41909,-1.25019,-3.54043,0.08283
7.5373,0.15186,1.32843,-2.46051,-1.23332,-3.54043,0.08283
7.5619,0.15033,1.35604,-2.50652,-1.21491,-3.54043,0.08283
7.5851,0.14880,1.37905,-2.54641,-1.19804,-3.54196,0.08283
7.6061,0.14726,1.39899,-2.57402,-1.18423,-3.54350,0.08283
7.6284,0.14573,1.41740,-2.59856,-1.17350,-3.54503,0.08283
7.6510,0.14573,1.42967,-2.61851,-1.16429,-3.54503,0.08283
7.6738,0.14419,1.44194,-2.63078,-1.15816,-3.54503,0.08283
7.6973,0.14419,1.44961,-2.63998,-1.15816,-3.54503,0.08283
7.7207,0.14419,1.45882,-2.64765,-1.15662,-3.54503,0.08283
7.7489,0.14419,1.46802,-2.65532,-1.15662,-3.54656,0.08283
7.7722,0.14419,1.47722,-2.66606,-1.16122,-3.54656,0.08283
7.7968,0.14419,1.49103,-2.67680,-1.16736,-3.54656,0.08283
7.8209,0.14419,1.50330,-2.68907,-1.17810,-3.54810,0.08283
7.8482,0.14419,1.52017,-2.70287,-1.19037,-3.54810,0.08283
7.8706,0.14419,1.53551,-2.71515,-1.20111,-3.54810,0.08283
7.9004,0.14573,1.55546,-2.72895,-1.21645,-3.54810,0.08283
7.9242,0.14573,1.57080,-2.73816,-1.22718,-3.55117,0.08283
7.9467,0.14419,1.58460,-2.74429,-1.24099,-3.55270,0.08283
7.9695,0.14266,1.59687,-2.74889,-1.25173,-3.55270,0.08283
7.9947,0.14113,1.61068,-2.75503,-1.25940,-3.55423,0.08283
8.0166,0.14113,1.62449,-2.76270,-1.26400,-3.55577,0.08283
8.0416,0.13959,1.63829,-2.77037,-1.26860,-3.55577,0.08283
8.0659,0.13806,1.65363,-2.78111,-1.27320,-3.55577,0.08283
8.0873,0.13806,1.66744,-2.79491,-1.27474,-3.55577,0.08283
8.1095,0.13806,1.68278,-2.80872,-1.27474,-3.55577,0.08283
8.1332,0.13652,1.70272,-2.82559,-1.27474,-3.55577,0.08283
8.1567,0.13652,1.71806,-2.83940,-1.27474,-3.55577,0.08283
8.1802,0.13499,1.73033,-2.85014,-1.27474,-3.55577,0.08283
8.2038,0.13499,1.74260,-2.85934,-1.27474,-3.55730,0.08283
8.2298,0.13346,1.75027,-2.86701,-1.27474,-3.56037,0.08283
8.2520,0.13346,1.75948,-2.87315,-1.27474,-3.56190,0.08283
8.2767,0.13192,1.76868,-2.88082,-1.27474,-3.56344,0.08283
8.2989,0.13192,1.77328,-2.88542,-1.27474,-3.56344,0.08283
8.3221,0.13039,1.77788,-2.88849,-1.27627,-3.56651,0.08283
8.3459,0.13039,1.78249,-2.89309,-1.27627,-3.56804,0.08283
8.3704,0.12885,1.78555,-2.89462,-1.27627,-3.56957,0.08283
8.3956,0.12885,1.78709,-2.89462,-1.27627,-3.56957,0.08283
8.4178,0.12732,1.78862,-2.89462,-1.27627,-3.57111,0.08283
8.4440,0.12732,1.78862,-2.89462,-1.27627,-3.57264,0.08283
8.4676,0.12579,1.78862,-2.89462,-1.27627,-3.57418,0.08283
8.4914,0.12425,1.78862,-2.89462,-1.27627,-3.57724,0.08283
8.5134,0.12272,1.78862,-2.89462,-1.27627,-3.57878,0.08283
8.5364,0.12118,1.78862,-2.89462,-1.27627,-3.58185,0.08283
8.5608,0.11965,1.78862,-2.89462,-1.27627,-3.58491,0.08283
8.5831,0.11505,1.78862,-2.89462,-1.27627,-3.58952,0.08283
8.6056,0.11198,1.78862,-2.89462,-1.27627,-3.59412,0.08283
8.6301,0.10891,1.79016,-2.89462,-1.27627,-3.59718,0.08283
8.6530,0.10584,1.79016,-2.89462,-1.27627,-3.60025,0.08283
8.6788,0.09971,1.79016,-2.89462,-1.27627,-3.60485,0.08283
8.7012,0.09664,1.79016,-2.89462,-1.27627,-3.60792,0.08283
8.7255,0.09357,1.79016,-2.89462,-1.27627,-3.61099,0.08283
8.7475,0.09050,1.79016,-2.89462,-1.27474,-3.61252,0.08283
8.7702,0.08897,1.79016,-2.89462,-1.27320,-3.61559,0.08283
8.7932,0.08590,1.79016,-2.89462,-1.26860,-3.61713,0.08283
8.8160,0.08283,1.78862,-2.89462,-1.26553,-3.62019,0.08283
8.8396,0.07977,1.78862,-2.89462,-1.26400,-3.62173,0.08283
8.8627,0.07670,1.78709,-2.89462,-1.26247,-3.62326,0.08283
8.8862,0.07517,1.78555,-2.89462,-1.26093,-3.62480,0.08283
8.9115,0.07210,1.78555,-2.89462,-1.26093,-3.62633,0.08283
8.9344,0.06903,1.78402,-2.89462,-1.26093,-3.62786,0.08283
8.9591,0.06750,1.78249,-2.89462,-1.25940,-3.62786,0.08283
8.9822,0.06750,1.78249,-2.89462,-1.25940,-3.62786,0.08283
9.0045,0.06596,1.78095,-2.89462,-1.25786,-3.62786,0.08283
9.0292,0.06443,1.77942,-2.89462,-1.25633,-3.62786,0.08283
9.0513,0.06443,1.77635,-2.89462,-1.25173,-3.62786,0.08283
9.0750,0.06443,1.77328,-2.89462,-1.24866,-3.62786,0.08283
9.0991,0.06443,1.77175,-2.89462,-1.24252,-3.62633,0.08283
9.1229,0.06443,1.76715,-2.89462,-1.23639,-3.62633,0.08283
9.1458,0.06443,1.76254,-2.89462,-1.22872,-3.62633,0.08283
9.1702,0.06596,1.75794,-2.89462,-1.22105,-3.62480,0.08283
9.1951,0.06750,1.75181,-2.89462,-1.21338,-3.62480,0.08283
9.2178,0.06750,1.74874,-2.89462,-1.20724,-3.62326,0.08283
9.2389,0.06750,1.74567,-2.89462,-1.20111,-3.62326,0.08283
9.2610,0.06750,1.74260,-2.89462,-1.19804,-3.62173,0.08283
9.2850,0.06750,1.73953,-2.89462,-1.19344,-3.62173,0.08283
9.3095,0.06750,1.73647,-2.89462,-1.19344,-3.62019,0.08283
9.3309,0.06750,1.73647,-2.89462,-1.19190,-3.62019,0.08283
9.3567,0.06443,1.73493,-2.89462,-1.19190,-3.62173,0.08283
9.3799,0.06136,1.73493,-2.89462,-1.19190,-3.62326,0.08283
9.4023,0.05676,1.73493,-2.89462,-1.19190,-3.62633,0.08283
9.4238,0.05216,1.73493,-2.89462,-1.19190,-3.62786,0.08283
9.4483,0.04909,1.73493,-2.89462,-1.19190,-3.62786,0.08283
9.4710,0.04602,1.73493,-2.89462,-1.19344,-3.62786,0.08283
9.4941,0.04295,1.73493,-2.89462,-1.19344,-3.62940,0.08283
9.5182,0.03988,1.73493,-2.89462,-1.19344,-3.63247,0.08283
9.5418,0.03682,1.73493,-2.89462,-1.19344,-3.63707,0.08283
9.5657,0.03221,1.73647,-2.89462,-1.19344,-3.63860,0.08283
9.5871,0.02915,1.73647,-2.89462,-1.19344,-3.64014,0.08283
9.6127,0.02761,1.73647,-2.89462,-1.19344,-3.64320,0.08283
9.6347,0.02608,1.73647,-2.89462,-1.19344,-3.64934,0.08283
9.6577,0.02608,1.73647,-2.89462,-1.19344,-3.65701,0.08283
9.6811,0.02454,1.73647,-2.89462,-1.19190,-3.65394,0.08283
9.7039,0.02608,1.73340,-2.89462,-1.18884,-3.64014,0.08283
9.7284,0.03375,1.72880,-2.89462,-1.18423,-3.61866,0.08283
9.7519,0.04449,1.72573,-2.89462,-1.17810,-3.60179,0.08283
9.7781,0.04909,1.72573,-2.89462,-1.16889,-3.59565,0.08283
9.8012,0.05216,1.72419,-2.89462,-1.16122,-3.59565,0.08283
9.8277,0.05216,1.72266,-2.89462,-1.15662,-3.59718,0.08283
9.8501,0.05369,1.72113,-2.89462,-1.15049,-3.60025,0.08283
9.8722,0.05676,1.71806,-2.89462,-1.14435,-3.60332,0.08283
9.8947,0.05983,1.71346,-2.89462,-1.13361,-3.60485,0.08283
9.9174,0.05983,1.70885,-2.89462,-1.11827,-3.60179,0.08283
9.9447,0.06289,1.70272,-2.89462,-1.09219,-3.59872,0.08283
9.9674,0.06903,1.69351,-2.89462,-1.06612,-3.59565,0.08283
9.9915,0.07517,1.68278,-2.89155,-1.04924,-3.59105,0.08283
10.0143,0.07670,1.67664,-2.88388,-1.04617,-3.58798,0.08283
10.0374,0.07670,1.67204,-2.87928,-1.04617,-3.58798,0.08283
10.0598,0.07670,1.67204,-2.87928,-1.05231,-3.58798,0.08283
10.0841,0.07670,1.67204,-2.87928,-1.06765,-3.58491,0.08283
10.1083,0.07670,1.67511,-2.88082,-1.08299,-3.58338,0.08283
10.1301,0.07977,1.67664,-2.88082,-1.09373,-3.58185,0.08283
10.1545,0.08437,1.67817,-2.88082,-1.10140,-3.58031,0.08283
10.1782,0.08744,1.67817,-2.88235,-1.10140,-3.58031,0.08283
10.2028,0.09050,1.67817,-2.88235,-1.09986,-3.58031,0.08283
10.2267,0.09050,1.67664,-2.88235,-1.09373,-3.58031,0.08283
10.2507,0.09357,1.67357,-2.88235,-1.08452,-3.58185,0.08283
10.2731,0.09664,1.67204,-2.88082,-1.08146,-3.58185,0.08283
10.2955,0.09817,1.67051,-2.87928,-1.08146,-3.57878,0.08283
10.3200,0.09971,1.67051,-2.87928,-1.08146,-3.57571,0.08283
10.3442,0.10584,1.67051,-2.87928,-1.08146,-3.57264,0.08283
10.3665,0.11045,1.67051,-2.87928,-1.08146,-3.56804,0.08283
10.3936,0.11812,1.67204,-2.87775,-1.08146,-3.56344,0.08283
10.4167,0.12425,1.67357,-2.87621,-1.08146,-3.55730,0.08283
10.4402,0.12885,1.67357,-2.87468,-1.08146,-3.55117,0.08283
10.4642,0.13192,1.67511,-2.87468,-1.08146,-3.54350,0.08283
10.4873,0.13806,1.67511,-2.87161,-1.07992,-3.53583,0.08283
10.5108,0.14573,1.67511,-2.87008,-1.07992,-3.52816,0.08283
10.5353,0.15033,1.67511,-2.87008,-1.07992,-3.52049,0.08283
10.5602,0.15033,1.67511,-2.86854,-1.07992,-3.51435,0.08283
10.5824,0.15033,1.67511,-2.86701,-1.07839,-3.50975,0.08283
10.6052,0.15033,1.67511,-2.86548,-1.07839,-3.50515,0.08283
10.6297,0.15033,1.67511,-2.86394,-1.07839,-3.50054,0.08283
10.6519,0.15033,1.67511,-2.86241,-1.07839,-3.49594,0.08283
10.6782,0.14726,1.67511,-2.86087,-1.07839,-3.48981,0.08283
10.7022,0.14266,1.67511,-2.85781,-1.07685,-3.48674,0.08283
10.7266,0.13806,1.67511,-2.85474,-1.07532,-3.48060,0.08283
10.7498,0.13346,1.67664,-2.85167,-1.07532,-3.47753,0.08283
10.7743,0.12732,1.67817,-2.84860,-1.07379,-3.47907,0.08283
10.7967,0.11965,1.67817,-2.84553,-1.07379,-3.48214,0.08283
10.8192,0.11198,1.68278,-2.84400,-1.07379,-3.48060,0.08283
10.8462,0.10891,1.69045,-2.84400,-1.07379,-3.47600,0.08283
10.8694,0.10738,1.69658,-2.84400,-1.07379,-3.47293,0.08283
10.8959,0.10584,1.70272,-2.84553,-1.07379,-3.47140,0.08283
10.9189,0.10278,1.71039,-2.84553,-1.07379,-3.46986,0.08283
10.9456,0.10124,1.71959,-2.85014,-1.07379,-3.46680,0.08283
10.9690,0.09971,1.72573,-2.85474,-1.07379,-3.46219,0.08283
10.9991,0.09971,1.74107,-2.86854,-1.07379,-3.45759,0.08283
11.0244,0.09817,1.75487,-2.88388,-1.07379,-3.45299,0.08283
11.0474,0.09817,1.77175,-2.90076,-1.07379,-3.44839,0.08283
11.0719,0.09971,1.79016,-2.92990,-1.07379,-3.44532,0.08283
11.0954,0.09817,1.81010,-2.95445,-1.07379,-3.44225,0.08283
11.1183,0.09511,1.82851,-2.98052,-1.07379,-3.43918,0.08283
11.1488,0.09050,1.85612,-3.01887,-1.07379,-3.43305,0.08283
11.1801,0.08897,1.88219,-3.05416,-1.07379,-3.42998,0.08283
11.2043,0.08590,1.90214,-3.08330,-1.07225,-3.42845,0.08283
11.2267,0.08283,1.92208,-3.11091,-1.06765,-3.42845,0.08283
11.2513,0.07977,1.94662,-3.14313,-1.06151,-3.42998,0.08283
11.2780,0.07670,1.96963,-3.17841,-1.05538,-3.43152,0.08283
11.3007,0.07363,1.98804,-3.20755,-1.04771,-3.43458,0.08283
11.3246,0.06903,2.00798,-3.23517,-1.04004,-3.43918,0.08283
11.3462,0.06596,2.02485,-3.25971,-1.03237,-3.43918,0.08283
11.3690,0.06596,2.04019,-3.28579,-1.02470,-3.43765,0.08283
11.3969,0.06443,2.05860,-3.31647,-1.01703,-3.43765,0.08283
11.4188,0.06289,2.07394,-3.33948,-1.01089,-3.43918,0.08283
11.4436,0.05983,2.09082,-3.36402,-1.00169,-3.44072,0.08283
11.4673,0.05829,2.10616,-3.38703,-0.99555,-3.44072,0.08283
11.4905,0.05676,2.12150,-3.40697,-0.99095,-3.44225,0.08283
11.5159,0.05676,2.13070,-3.41464,-0.99709,-3.44532,0.08283
11.5380,0.05522,2.13684,-3.41464,-1.00783,-3.44685,0.08283
11.5613,0.05676,2.14297,-3.41464,-1.01550,-3.44839,0.08283
11.5860,0.05983,2.14604,-3.41464,-1.02010,-3.45146,0.08283
11.6127,0.06136,2.15218,-3.41464,-1.02163,-3.45606,0.08283
11.6347,0.06289,2.15678,-3.41464,-1.02317,-3.46066,0.08283
11.6561,0.06443,2.16138,-3.41464,-1.02930,-3.46373,0.08283
11.6784,0.06596,2.16751,-3.41464,-1.03697,-3.46373,0.08283
11.7014,0.06750,2.17212,-3.41618,-1.05231,-3.46373,0.08283
11.7254,0.06903,2.17979,-3.41618,-1.07225,-3.46219,0.08283
11.7491,0.07210,2.18899,-3.41618,-1.09373,-3.45759,0.08283
11.7733,0.07517,2.19819,-3.41618,-1.11827,-3.45452,0.08283
11.7969,0.07670,2.20893,-3.41618,-1.13975,-3.45146,0.08283
11.8193,0.07823,2.21814,-3.41618,-1.15662,-3.45146,0.08283
11.8428,0.07977,2.22887,-3.41618,-1.16889,-3.45146,0.08283
11.8647,0.08130,2.23808,-3.41618,-1.18117,-3.45299,0.08283
11.8878,0.08283,2.24575,-3.41618,-1.18884,-3.45299,0.08283
11.9120,0.08437,2.25649,-3.41618,-1.19497,-3.45452,0.08283
11.9355,0.08590,2.26262,-3.41618,-1.20111,-3.45452,0.08283
11.9569,0.08590,2.27183,-3.41618,-1.20724,-3.45452,0.08283
11.9802,0.08744,2.28103,-3.41618,-1.21338,-3.45606,0.08283
12.0029,0.08744,2.29023,-3.41618,-1.22105,-3.45606,0.08283
12.0292,0.08744,2.30251,-3.41618,-1.23179,-3.45606,0.08283
12.0518,0.08744,2.31171,-3.41618,-1.24406,-3.45606,0.08283
12.0780,0.08744,2.32398,-3.41618,-1.25633,-3.45759,0.08283
12.1027,0.08744,2.33472,-3.41618,-1.26860,-3.45913,0.08283
12.1254,0.08744,2.34699,-3.41618,-1.28241,-3.45913,0.08283
12.1492,0.08590,2.35773,-3.41618,-1.29775,-3.46066,0.08283
12.1720,0.08437,2.37000,-3.41618,-1.31462,-3.46066,0.08283
12.1947,0.08283,2.38074,-3.41618,-1.32996,-3.46066,0.08283
12.2193,0.08130,2.39454,-3.41618,-1.34837,-3.46219,0.08283
12.2432,0.08130,2.40375,-3.41618,-1.36371,-3.46219,0.08283
12.2673,0.07977,2.41602,-3.41618,-1.38212,-3.46373,0.08283
12.2938,0.07823,2.42676,-3.41618,-1.40052,-3.46373,0.08283
12.3172,0.07670,2.43750,-3.41618,-1.41433,-3.46680,0.08283
12.3398,0.07670,2.44670,-3.41618,-1.42507,-3.46833,0.08283
12.3633,0.07517,2.45590,-3.41618,-1.44041,-3.46986,0.08283
12.3872,0.07517,2.46511,-3.41618,-1.45421,-3.47293,0.08283
12.4110,0.07517,2.47431,-3.41618,-1.46955,-3.47447,0.08283
12.4338,0.07517,2.48505,-3.41618,-1.48643,-3.47600,0.08283
12.4586,0.07517,2.49579,-3.41618,-1.50177,-3.47753,0.08283
12.4806,0.07517,2.50499,-3.41618,-1.51711,-3.47907,0.08283
12.5027,0.07517,2.51573,-3.41618,-1.53398,-3.48060,0.08283
12.5293,0.07517,2.52647,-3.41618,-1.55085,-3.48214,0.08283
12.5518,0.07670,2.53720,-3.41618,-1.56313,-3.48367,0.08283
12.5761,0.07823,2.54794,-3.41618,-1.58000,-3.48520,0.08283
12.6003,0.07977,2.56021,-3.41618,-1.59227,-3.48674,0.08283
12.6253,0.08283,2.57249,-3.41618,-1.60761,-3.48827,0.08283
12.6479,0.08437,2.58476,-3.41618,-1.61988,-3.48827,0.08283
12.6716,0.08744,2.59550,-3.41618,-1.63369,-3.48827,0.08283
12.6943,0.08744,2.60930,-3.41618,-1.64750,-3.48674,0.08283
12.7163,0.08897,2.62004,-3.41618,-1.65977,-3.48520,0.08283
12.7414,0.09050,2.63385,-3.41618,-1.67357,-3.48060,0.08283
12.7645,0.09050,2.64612,-3.41618,-1.68431,-3.47907,0.08283
12.7872,0.09050,2.65685,-3.41618,-1.69351,-3.47753,0.08283
12.8122,0.09204,2.66913,-3.41618,-1.70425,-3.47753,0.08283
12.8358,0.09357,2.67986,-3.41618,-1.71499,-3.47753,0.08283
12.8578,0.09357,2.69060,-3.41618,-1.72573,-3.47753,0.08283
12.8819,0.09357,2.70287,-3.41618,-1.73493,-3.47753,0.08283
12.9055,0.09357,2.71515,-3.41618,-1.74720,-3.47753,0.08283
12.9289,0.09357,2.72895,-3.41618,-1.75794,-3.47753,0.08283
12.9514,0.09357,2.73969,-3.41618,-1.76715,-3.47753,0.08283
12.9780,0.09357,2.75350,-3.41618,-1.77788,-3.47753,0.08283
13.0005,0.09204,2.76577,-3.41618,-1.78555,-3.47907,0.08283
13.0257,0.09204,2.77804,-3.41618,-1.79322,-3.48060,0.08283
13.0491,0.09050,2.78878,-3.41618,-1.79783,-3.48367,0.08283
13.0720,0.09050,2.79951,-3.41618,-1.80703,-3.48520,0.08283
13.0950,0.09050,2.81025,-3.41618,-1.81317,-3.48674,0.08283
13.1176,0.08897,2.82099,-3.41618,-1.82084,-3.48674,0.08283
13.1382,0.08897,2.83019,-3.41618,-1.82697,-3.48674,0.08283
13.1620,0.08897,2.84093,-3.41618,-1.83464,-3.48827,0.08283
13.1845,0.08897,2.85167,-3.41618,-1.84231,-3.48981,0.08283
13.2125,0.08897,2.86701,-3.41618,-1.85305,-3.48981,0.08283
13.2348,0.08897,2.87621,-3.41618,-1.86072,-3.48981,0.08283
13.2604,0.08897,2.89002,-3.41618,-1.86839,-3.49134,0.08283
13.2839,0.08897,2.90076,-3.41618,-1.87759,-3.49287,0.08283
13.3065,0.08897,2.91303,-3.41618,-1.88526,-3.49287,0.08283
13.3301,0.08897,2.92223,-3.41618,-1.89447,-3.49441,0.08283
13.3531,0.08897,2.93604,-3.41618,-1.90367,-3.49441,0.08283
13.3778,0.09050,2.94678,-3.41618,-1.91441,-3.49441,0.08283
13.4003,0.09050,2.95751,-3.41618,-1.92208,-3.49441,0.08283
13.4267,0.09204,2.96979,-3.41618,-1.93128,-3.49287,0.08283
13.4496,0.09357,2.98052,-3.41618,-1.94049,-3.49287,0.08283
13.4721,0.09511,2.98973,-3.41618,-1.94816,-3.49134,0.08283
13.4955,0.09511,3.00047,-3.41618,-1.95429,-3.48981,0.08283
13.5184,0.09664,3.00967,-3.41618,-1.96043,-3.48827,0.08283
13.5414,0.09817,3.01887,-3.41618,-1.96656,-3.48674,0.08283
13.5679,0.09817,3.03115,-3.41618,-1.97117,-3.48674,0.08283
13.5935,0.09971,3.04035,-3.41618,-1.97730,-3.48674,0.08283
13.6159,0.09971,3.04955,-3.41618,-1.98190,-3.48674,0.08283
13.6383,0.10124,3.05722,-3.41618,-1.98804,-3.48674,0.08283
13.6625,0.10124,3.06643,-3.41618,-1.99264,-3.48520,0.08283
13.6856,0.10124,3.07563,-3.41618,-1.99878,-3.48520,0.08283
13.7084,0.10124,3.08484,-3.41618,-2.00338,-3.48520,0.08283
13.7326,0.10124,3.09404,-3.41618,-2.01105,-3.48520,0.08283
13.7558,0.10124,3.10324,-3.41618,-2.01565,-3.48520,0.08283
13.7775,0.09971,3.11091,-3.41618,-2.02179,-3.48520,0.08283
13.8020,0.09971,3.12165,-3.41618,-2.02792,-3.48520,0.08283
13.8263,0.09971,3.13239,-3.41618,-2.03559,-3.48520,0.08283
13.8488,0.09971,3.14466,-3.41618,-2.04480,-3.48520,0.08283
13.8758,0.09971,3.15693,-3.41618,-2.05247,-3.48367,0.08283
13.9016,0.09971,3.17227,-3.41618,-2.06167,-3.48060,0.08283
13.9272,0.09971,3.18301,-3.41618,-2.06934,-3.47907,0.08283
13.9503,0.09971,3.19221,-3.41618,-2.07701,-3.47753,0.08283
13.9781,0.09971,3.20142,-3.41618,-2.08315,-3.47753,0.08283
14.0032,0.10124,3.21062,-3.41618,-2.08928,-3.47753,0.08283
14.0262,0.10124,3.21676,-3.41618,-2.09388,-3.47753,0.08283
14.0506,0.10124,3.22596,-3.41618,-2.10155,-3.47600,0.08283
14.0753,0.10278,3.23363,-3.41618,-2.10922,-3.47600,0.08283
14.0968,0.10431,3.24130,-3.41618,-2.11229,-3.47600,0.08283
14.1222,0.10431,3.24897,-3.41618,-2.11843,-3.47447,0.08283
14.1450,0.10584,3.25511,-3.41618,-2.12456,-3.47447,0.08283
14.1683,0.10738,3.26278,-3.41618,-2.12763,-3.47447,0.08283
14.1955,0.10738,3.27045,-3.41618,-2.13377,-3.47293,0.08283
14.2173,0.10891,3.27812,-3.41618,-2.13684,-3.47140,0.08283
14.2417,0.10891,3.28579,-3.41618,-2.14297,-3.46986,0.08283
14.2638,0.10891,3.29039,-3.41618,-2.14604,-3.46986,0.08283
14.2931,0.11045,3.30113,-3.41618,-2.15064,-3.46833,0.08283
14.3168,0.11045,3.30880,-3.41618,-2.15524,-3.46833,0.08283
14.3398,0.11045,3.31493,-3.41618,-2.16138,-3.46526,0.08283
14.3694,0.11045,3.32720,-3.41618,-2.16751,-3.46526,0.08283
14.3930,0.11045,3.33641,-3.41618,-2.17365,-3.46373,0.08283
14.4157,0.11045,3.34408,-3.41618,-2.17979,-3.46373,0.08283
14.4420,0.11045,3.35482,-3.41618,-2.18592,-3.46219,0.08283
14.4658,0.10891,3.36249,-3.41618,-2.19052,-3.46219,0.08283
14.4905,0.10891,3.37169,-3.41618,-2.19513,-3.46219,0.08283
14.5135,0.10891,3.37936,-3.41618,-2.20126,-3.46219,0.08283
14.5375,0.10891,3.38550,-3.41618,-2.20893,-3.46219,0.08283
14.5594,0.10891,3.38703,-3.41618,-2.21353,-3.46373,0.08283
14.5835,0.10738,3.38856,-3.41618,-2.21507,-3.46833,0.08283
14.6105,0.10738,3.38856,-3.41618,-2.21507,-3.47293,0.08283
14.6334,0.10738,3.39010,-3.41618,-2.21507,-3.47447,0.08283
14.6548,0.10738,3.39010,-3.41618,-2.21507,-3.47600,0.08283
14.6765,0.10738,3.39010,-3.41618,-2.21507,-3.47753,0.08283
14.7009,0.10738,3.39010,-3.41618,-2.21507,-3.47753,0.08283
14.7260,0.10738,3.39010,-3.41618,-2.21507,-3.47753,0.08283
14.7485,0.10738,3.39010,-3.41618,-2.21507,-3.47753,0.08283
14.7742,0.10584,3.39010,-3.41618,-2.21507,-3.47753,0.08283
14.7995,0.10431,3.39010,-3.41618,-2.21507,-3.47753,0.08283
14.8228,0.10431,3.39010,-3.41618,-2.21507,-3.47753,0.08283
14.8461,0.10278,3.39010,-3.41618,-2.21507,-3.47753,0.08283
14.8693,0.10278,3.39010,-3.41618,-2.21507,-3.47753,0.08283
14.8922,0.10124,3.39010,-3.41618,-2.21200,-3.47753,0.08283
14.9174,0.10124,3.39010,-3.41618,-2.20740,-3.47753,0.08283
14.9432,0.09971,3.39010,-3.41618,-2.20433,-3.47447,0.08283
14.9651,0.09971,3.38856,-3.41618,-2.20126,-3.47140,0.08283
14.9876,0.09971,3.38550,-3.41618,-2.19973,-3.46833,0.08283
15.0116,0.10124,3.37936,-3.41618,-2.19819,-3.46526,0.08283
15.0344,0.10124,3.37169,-3.41618,-2.19666,-3.46066,0.08283
15.0586,0.10124,3.36249,-3.41618,-2.19206,-3.45759,0.08283
15.0832,0.10278,3.35175,-3.41618,-2.18592,-3.45299,0.08283
15.1079,0.10278,3.33794,-3.41618,-2.17825,-3.44992,0.08283
15.1302,0.10278,3.32720,-3.41618,-2.16751,-3.44839,0.08283
15.1551,0.10278,3.31186,-3.41618,-2.15678,-3.44532,0.08283
15.1778,0.10278,3.29652,-3.41618,-2.14604,-3.44225,0.08283
15.1996,0.10278,3.28272,-3.41618,-2.13530,-3.43918,0.08283
15.2239,0.10278,3.26585,-3.41618,-2.12303,-3.43612,0.08283
15.2480,0.10278,3.25051,-3.41618,-2.11229,-3.43152,0.08283
15.2715,0.10278,3.23517,-3.41618,-2.10002,-3.42845,0.08283
15.2944,0.10278,3.21983,-3.41618,-2.09082,-3.42385,0.08283
15.3176,0.10124,3.20295,-3.41618,-2.08315,-3.41924,0.08283
15.3430,0.09971,3.18608,-3.41618,-2.06934,-3.41618,0.08283
15.3658,0.09971,3.17074,-3.41618,-2.05860,-3.41311,0.08283
15.3903,0.09971,3.15233,-3.41618,-2.04633,-3.41157,0.08283
15.4136,0.09817,3.13699,-3.41618,-2.03406,-3.40697,0.08283
15.4365,0.09817,3.12165,-3.41618,-2.02332,-3.40237,0.08283
15.4609,0.09664,3.10631,-3.41618,-2.01258,-3.39777,0.08283
15.4831,0.09511,3.09251,-3.41618,-2.00184,-3.39317,0.08283
15.5108,0.09357,3.07410,-3.41618,-1.98957,-3.38856,0.08283
15.5334,0.09357,3.06029,-3.41618,-1.98344,-3.38396,0.08283
15.5592,0.09204,3.04342,-3.41618,-1.97423,-3.37936,0.08283
15.5815,0.09050,3.02808,-3.41618,-1.96350,-3.37783,0.08283
15.6036,0.09050,3.01274,-3.41618,-1.95276,-3.37629,0.08283
15.6260,0.09050,2.99893,-3.41618,-1.94355,-3.37629,0.08283
15.6493,0.09050,2.98513,-3.41618,-1.93128,-3.37476,0.08283
15.6778,0.08897,2.96518,-3.41618,-1.91748,-3.37476,0.08283
15.6996,0.08897,2.95138,-3.41157,-1.90981,-3.37476,0.08283
15.7265,0.08897,2.93297,-3.40544,-1.89753,-3.37476,0.08283
15.7490,0.08897,2.91610,-3.39930,-1.88986,-3.37476,0.08283
15.7701,0.08744,2.89769,-3.39010,-1.88219,-3.37476,0.08283
15.7925,0.08744,2.88082,-3.37936,-1.87452,-3.37476,0.08283
15.8150,0.08744,2.86087,-3.36862,-1.86532,-3.37322,0.08283
15.8408,0.08590,2.83633,-3.35175,-1.86072,-3.37322,0.08283
15.8633,0.08590,2.81485,-3.33487,-1.85612,-3.37476,0.08283
15.8853,0.08590,2.79185,-3.31953,-1.85305,-3.37629,0.08283
15.9107,0.08590,2.76577,-3.29959,-1.84845,-3.37629,0.08283
15.9335,0.08590,2.73969,-3.27812,-1.84538,-3.37629,0.08283
15.9587,0.08590,2.71361,-3.25664,-1.84231,-3.37629,0.08283
15.9823,0.08590,2.68753,-3.23823,-1.83618,-3.37629,0.08283
16.0051,0.08590,2.66452,-3.22289,-1.83157,-3.37476,0.08283
16.0310,0.08590,2.63998,-3.20602,-1.82697,-3.37169,0.08283
16.0543,0.08590,2.61697,-3.19375,-1.82237,-3.37016,0.08283
16.0775,0.08590,2.59703,-3.18148,-1.81930,-3.36862,0.08283
16.0999,0.08590,2.57862,-3.16920,-1.81470,-3.36709,0.08283
16.1247,0.08590,2.55868,-3.15693,-1.81317,-3.36555,0.08283
16.1482,0.08590,2.53720,-3.14313,-1.81163,-3.36249,0.08283
16.1724,0.08590,2.51726,-3.12779,-1.81010,-3.36095,0.08283
16.1946,0.08744,2.49579,-3.11245,-1.81010,-3.36095,0.08283
16.2199,0.08744,2.47584,-3.09404,-1.81010,-3.36095,0.08283
16.2434,0.08897,2.45437,-3.07717,-1.81010,-3.36095,0.08283
16.2660,0.08897,2.43443,-3.05876,-1.81010,-3.36095,0.08283
16.2875,0.09050,2.41295,-3.03882,-1.81010,-3.36095,0.08283
16.3093,0.09050,2.38994,-3.01581,-1.81010,-3.36095,0.08283
16.3315,0.09204,2.36540,-2.99280,-1.81010,-3.36095,0.08283
16.3567,0.09357,2.33779,-2.96672,-1.81010,-3.36095,0.08283
16.3803,0.09511,2.31171,-2.94064,-1.81010,-3.35788,0.08283
16.4041,0.09817,2.28563,-2.91610,-1.81010,-3.35635,0.08283
16.4267,0.09817,2.26109,-2.89002,-1.81010,-3.35328,0.08283
16.4499,0.09971,2.23348,-2.86548,-1.81010,-3.35021,0.08283
16.4748,0.10278,2.20893,-2.83940,-1.81010,-3.34715,0.08283
16.4982,0.10584,2.18592,-2.81639,-1.81010,-3.34561,0.08283
16.5212,0.10738,2.16445,-2.79491,-1.81010,-3.34408,0.08283
16.5445,0.10891,2.14297,-2.77190,-1.81010,-3.34254,0.08283
16.5691,0.10891,2.11996,-2.74736,-1.81010,-3.34254,0.08283
16.5932,0.11198,2.09849,-2.72742,-1.81010,-3.34254,0.08283
16.6148,0.11351,2.08008,-2.71054,-1.81010,-3.34101,0.08283
16.6380,0.11505,2.06014,-2.69520,-1.81010,-3.33948,0.08283
16.6608,0.11505,2.04480,-2.67986,-1.81010,-3.33948,0.08283
16.6832,0.11658,2.02639,-2.66452,-1.81010,-3.33948,0.08283
16.7091,0.11812,2.00491,-2.64458,-1.81010,-3.33948,0.08283
16.7311,0.11965,1.98651,-2.63078,-1.81010,-3.33794,0.08283
16.7556,0.12118,1.96503,-2.61237,-1.81010,-3.33641,0.08283
16.7786,0.12272,1.94662,-2.59550,-1.81010,-3.33641,0.08283
16.8001,0.12272,1.92821,-2.58016,-1.81010,-3.33641,0.08283
16.8257,0.12425,1.90827,-2.56328,-1.81010,-3.33487,0.08283
16.8495,0.12579,1.88833,-2.54641,-1.81010,-3.33487,0.08283
16.8705,0.12732,1.86839,-2.52953,-1.81010,-3.33334,0.08283
16.8915,0.12732,1.85151,-2.51419,-1.81010,-3.33334,0.08283
16.9150,0.12885,1.83157,-2.49579,-1.81010,-3.33181,0.08283
16.9418,0.13039,1.80856,-2.47738,-1.81010,-3.33181,0.08283
16.9636,0.13039,1.79169,-2.46357,-1.81010,-3.33181,0.08283
16.9873,0.13039,1.77175,-2.44517,-1.81010,-3.33181,0.08283
17.0119,0.13192,1.74874,-2.42369,-1.81010,-3.33181,0.08283
17.0338,0.13346,1.73033,-2.40221,-1.81010,-3.33181,0.08283
17.0608,0.13652,1.70579,-2.37920,-1.81010,-3.33181,0.08283
17.0839,0.13959,1.68584,-2.35773,-1.81010,-3.33181,0.08283
17.1053,0.14113,1.66437,-2.33472,-1.81010,-3.33181,0.08283
17.1293,0.14419,1.64136,-2.31018,-1.81010,-3.33181,0.08283
17.1524,0.14726,1.61988,-2.28410,-1.81010,-3.33181,0.08283
17.1751,0.15033,1.59534,-2.25802,-1.81010,-3.33027,0.08283
17.1987,0.15340,1.57233,-2.22887,-1.81010,-3.33027,0.08283
17.2238,0.15800,1.54472,-2.19666,-1.81010,-3.32874,0.08283
17.2458,0.16107,1.52017,-2.16751,-1.81010,-3.32720,0.08283
17.2697,0.16567,1.49410,-2.13223,-1.81010,-3.32567,0.08283
17.2934,0.17027,1.46802,-2.09849,-1.81010,-3.32567,0.08283
17.3165,0.17181,1.44501,-2.06474,-1.81010,-3.32260,0.08283
17.3413,0.17794,1.41586,-2.02792,-1.81010,-3.31800,0.08283
17.3649,0.18254,1.39132,-1.99418,-1.81010,-3.31340,0.08283
17.3902,0.18868,1.36371,-1.95889,-1.81010,-3.30726,0.08283
17.4129,0.19328,1.34070,-1.92668,-1.81010,-3.30266,0.08283
17.4361,0.19635,1.31616,-1.89600,-1.81010,-3.29806,0.08283
17.4589,0.20095,1.29775,-1.87146,-1.81010,-3.29499,0.08283
17.4812,0.20249,1.27781,-1.84845,-1.81010,-3.29346,0.08283
17.5028,0.20402,1.25786,-1.82697,-1.81010,-3.29039,0.08283
17.5251,0.20555,1.23792,-1.80703,-1.81010,-3.28732,0.08283
17.5559,0.20709,1.21338,-1.77635,-1.81010,-3.28272,0.08283
17.5809,0.20709,1.19497,-1.75334,-1.81010,-3.27812,0.08283
17.6040,0.20862,1.17656,-1.73493,-1.81010,-3.27505,0.08283
17.6287,0.20862,1.15969,-1.71346,-1.80856,-3.27198,0.08283
17.6514,0.20709,1.14282,-1.69658,-1.80243,-3.26891,0.08283
17.6736,0.20555,1.12748,-1.67817,-1.80089,-3.26738,0.08283
17.6968,0.20249,1.11214,-1.66130,-1.79783,-3.26738,0.08283
17.7204,0.19942,1.09526,-1.64289,-1.79476,-3.26738,0.08283
17.7431,0.19482,1.08146,-1.62602,-1.79016,-3.26738,0.08283
17.7666,0.18868,1.06612,-1.60915,-1.78709,-3.26585,0.08283
17.7935,0.18101,1.04771,-1.59227,-1.78249,-3.26585,0.08283
17.8156,0.17487,1.03237,-1.57693,-1.77482,-3.26891,0.08283
17.8380,0.16720,1.01703,-1.56159,-1.76561,-3.27045,0.08283
17.8608,0.15800,1.00169,-1.54472,-1.75948,-3.27352,0.08283
17.8829,0.15186,0.98328,-1.52784,-1.75334,-3.27352,0.08283
17.9092,0.14726,0.96334,-1.50637,-1.74567,-3.27658,0.08283
17.9326,0.14266,0.94647,-1.48643,-1.73953,-3.27965,0.08283
17.9579,0.13652,0.92499,-1.46342,-1.73033,-3.28272,0.08283
17.9805,0.13192,0.90812,-1.44501,-1.72113,-3.28425,0.08283
18.0054,0.12885,0.88817,-1.42353,-1.71346,-3.28732,0.08283
18.0295,0.12425,0.87130,-1.40513,-1.70732,-3.29192,0.08283
18.0521,0.12118,0.85289,-1.38212,-1.70272,-3.29499,0.08283
18.0746,0.11812,0.83602,-1.36371,-1.69965,-3.29652,0.08283
18.0982,0.11505,0.81761,-1.34223,-1.69658,-3.29959,0.08283
18.1241,0.11198,0.79920,-1.32229,-1.69351,-3.30266,0.08283
18.1472,0.10891,0.78233,-1.30388,-1.68891,-3.30419,0.08283
18.1714,0.10891,0.76699,-1.28548,-1.68584,-3.30419,0.08283
18.1944,0.10891,0.74858,-1.26707,-1.68124,-3.30419,0.08283
18.2172,0.10891,0.73478,-1.24866,-1.67817,-3.30419,0.08283
18.2430,0.10891,0.71790,-1.22872,-1.67357,-3.30419,0.08283
18.2660,0.10891,0.70256,-1.21031,-1.66897,-3.30419,0.08283
18.2889,0.10891,0.68876,-1.19344,-1.66744,-3.30419,0.08283
18.3117,0.10891,0.67495,-1.17503,-1.66590,-3.30266,0.08283
18.3343,0.10891,0.65961,-1.15816,-1.66437,-3.30266,0.08283
18.3585,0.11045,0.64581,-1.13821,-1.66284,-3.30113,0.08283
18.3817,0.11351,0.63200,-1.11981,-1.66130,-3.29806,0.08283
18.4072,0.11812,0.61819,-1.09986,-1.66130,-3.29346,0.08283
18.4295,0.12272,0.60592,-1.08452,-1.66130,-3.29039,0.08283
18.4526,0.12579,0.59365,-1.06612,-1.65977,-3.28579,0.08283
18.4764,0.13039,0.58138,-1.04924,-1.65977,-3.27965,0.08283
18.4988,0.13499,0.57064,-1.03084,-1.65977,-3.27505,0.08283
18.5220,0.14113,0.55837,-1.01089,-1.65977,-3.27045,0.08283
18.5448,0.14573,0.55070,-0.99402,-1.65823,-3.26431,0.08283
18.5683,0.14880,0.54150,-0.97561,-1.65823,-3.25818,0.08283
18.5932,0.15186,0.53383,-0.95720,-1.65823,-3.25357,0.08283
18.6157,0.15340,0.52462,-0.94340,-1.65823,-3.25357,0.08283
18.6419,0.15340,0.51695,-0.92652,-1.65823,-3.25357,0.08283
18.6658,0.15340,0.51235,-0.91118,-1.65823,-3.25511,0.08283
18.6912,0.15186,0.50621,-0.89584,-1.65823,-3.25818,0.08283
18.7147,0.14726,0.50008,-0.87897,-1.65823,-3.25971,0.08283
18.7378,0.14266,0.49394,-0.86363,-1.65823,-3.26738,0.08283
18.7626,0.13806,0.48934,-0.84829,-1.65823,-3.27352,0.08283
18.7862,0.13346,0.48627,-0.83449,-1.65823,-3.27965,0.08283
18.8101,0.13039,0.48167,-0.81915,-1.65823,-3.28272,0.08283
18.8345,0.12579,0.47707,-0.80534,-1.65823,-3.28885,0.08283
18.8593,0.12425,0.47247,-0.79000,-1.65823,-3.29192,0.08283
18.8826,0.12272,0.46786,-0.77619,-1.65977,-3.29192,0.08283
18.9053,0.12272,0.46326,-0.76085,-1.66130,-3.29192,0.08283
18.9289,0.12272,0.45713,-0.74398,-1.66437,-3.29192,0.08283
18.9516,0.12272,0.45252,-0.72864,-1.66590,-3.29192,0.08283
18.9755,0.12272,0.44485,-0.71330,-1.66897,-3.29192,0.08283
18.9989,0.12272,0.44025,-0.69796,-1.67051,-3.29192,0.08283
19.0271,0.12272,0.43258,-0.67802,-1.67511,-3.29346,0.08283
19.0493,0.12272,0.42491,-0.66115,-1.67971,-3.29346,0.08283
19.0756,0.12425,0.41878,-0.63967,-1.68278,-3.29499,0.08283
19.0987,0.12579,0.41264,-0.62126,-1.68584,-3.29499,0.08283
19.1213,0.12732,0.40650,-0.60439,-1.68891,-3.29499,0.08283
19.1442,0.12732,0.40037,-0.58751,-1.69198,-3.29652,0.08283
19.1680,0.12885,0.39423,-0.57064,-1.69505,-3.29806,0.08283
19.1910,0.12885,0.38810,-0.55530,-1.69658,-3.29806,0.08283
19.2140,0.13039,0.38196,-0.53843,-1.70118,-3.29806,0.08283
19.2380,0.13039,0.37583,-0.52462,-1.71039,-3.29806,0.08283
19.2617,0.13039,0.37122,-0.50928,-1.71959,-3.29652,0.08283
19.2853,0.13039,0.36969,-0.49548,-1.72880,-3.29652,0.08283
19.3086,0.13039,0.36509,-0.48320,-1.74107,-3.29652,0.08283
19.3339,0.12885,0.36049,-0.46786,-1.75181,-3.29959,0.08283
19.3582,0.12579,0.35435,-0.45406,-1.75948,-3.30266,0.08283
19.3804,0.12272,0.34821,-0.44179,-1.76561,-3.30726,0.08283
19.4046,0.11965,0.34208,-0.42798,-1.77021,-3.31340,0.08283
19.4284,0.11658,0.33287,-0.41417,-1.77328,-3.31647,0.08283
19.4510,0.11351,0.32520,-0.40037,-1.77635,-3.32107,0.08283
19.4720,0.11198,0.31753,-0.38656,-1.77788,-3.32260,0.08283
19.4961,0.11045,0.30680,-0.37122,-1.77942,-3.32414,0.08283
19.5196,0.11045,0.29606,-0.35742,-1.77942,-3.32567,0.08283
19.5430,0.11045,0.28685,-0.34515,-1.77942,-3.32567,0.08283
19.5671,0.11045,0.27765,-0.33134,-1.77942,-3.32720,0.08283
19.5918,0.11045,0.26691,-0.31753,-1.77942,-3.32720,0.08283
19.6140,0.11198,0.25617,-0.30833,-1.77942,-3.32720,0.08283
19.6395,0.11351,0.24850,-0.29759,-1.77942,-3.32720,0.08283
19.6636,0.11505,0.23777,-0.28685,-1.77942,-3.32720,0.08283
19.6848,0.11658,0.23163,-0.27918,-1.77942,-3.32720,0.08283
19.7064,0.11965,0.22396,-0.26998,-1.77942,-3.32567,0.08283
19.7291,0.12272,0.21629,-0.26231,-1.77942,-3.32414,0.08283
19.7528,0.12272,0.20862,-0.25157,-1.77942,-3.32260,0.08283
19.7762,0.12579,0.20095,-0.24237,-1.77942,-3.32107,0.08283
19.7997,0.12885,0.19175,-0.23163,-1.77942,-3.31953,0.08283
19.8259,0.13192,0.18254,-0.22089,-1.77942,-3.31647,0.08283
19.8486,0.13346,0.17334,-0.21016,-1.77942,-3.31493,0.08283
19.8745,0.13652,0.16107,-0.19942,-1.77942,-3.31340,0.08283
19.8974,0.13652,0.15493,-0.19021,-1.77942,-3.31340,0.08283
19.9200,0.13652,0.14726,-0.18254,-1.78095,-3.31493,0.08283
19.9433,0.13652,0.14266,-0.17487,-1.78249,-3.31493,0.08283
19.9667,0.13652,0.13806,-0.16720,-1.78402,-3.31647,0.08283
19.9914,0.13652,0.13039,-0.15953,-1.78555,-3.31800,0.08283
20.0147,0.13499,0.12425,-0.15186,-1.78555,-3.31953,0.08283
20.0401,0.13346,0.11812,-0.14573,-1.78709,-3.32260,0.08283
20.0624,0.13192,0.11505,-0.13806,-1.78862,-3.32414,0.08283
20.0842,0.13192,0.10891,-0.13039,-1.78862,-3.32567,0.08283
20.1064,0.13192,0.10124,-0.12118,-1.79016,-3.32720,0.08283
20.1295,0.13039,0.09511,-0.11351,-1.79169,-3.32874,0.08283
20.1516,0.12885,0.08744,-0.10431,-1.79322,-3.33027,0.08283
20.1752,0.12732,0.07977,-0.09664,-1.79322,-3.33181,0.08283
20.1989,0.12579,0.07056,-0.08897,-1.79476,-3.33334,0.08283
20.2252,0.12425,0.06289,-0.07977,-1.79476,-3.33487,0.08283
20.2483,0.12425,0.05522,-0.07210,-1.79476,-3.33641,0.08283
20.2756,0.12272,0.04449,-0.06443,-1.79629,-3.33794,0.08283
20.2981,0.12272,0.03835,-0.05676,-1.79629,-3.34101,0.08283
20.3202,0.12118,0.03068,-0.04909,-1.79783,-3.34101,0.08283
20.3435,0.12118,0.02148,-0.04295,-1.79783,-3.34254,0.08283
20.3663,0.12118,0.01381,-0.03528,-1.79783,-3.34254,0.08283
20.3916,0.12118,0.00307,-0.02761,-1.79783,-3.34254,0.08283
20.4147,0.12272,-0.00153,-0.02608,-1.79936,-3.34561,0.08283
20.4392,0.11812,-0.00153,-0.02608,-1.79936,-3.35175,0.08283
20.4620,0.11198,-0.00153,-0.02608,-1.79936,-3.35635,0.08283
20.4871,0.10891,-0.00153,-0.02608,-1.79936,-3.35788,0.08283
20.5094,0.10584,-0.00153,-0.02608,-1.79936,-3.36095,0.08283
20.5321,0.10431,-0.00153,-0.02608,-1.79936,-3.36249,0.08283
20.5551,0.10124,-0.00153,-0.02608,-1.79936,-3.36555,0.08283
20.5783,0.09817,-0.00153,-0.02608,-1.79936,-3.36709,0.08283
20.6017,0.09817,-0.00153,-0.02454,-1.80089,-3.36862,0.08283
20.6247,0.09817,-0.00153,-0.02454,-1.80243,-3.37016,0.08283
20.6549,0.09817,-0.00153,-0.02454,-1.80396,-3.37322,0.08283
20.6811,0.09817,-0.00153,-0.02454,-1.81010,-3.37322,0.08283
20.7052,0.09664,-0.00153,-0.02454,-1.81470,-3.37322,0.08283
20.7297,0.09664,-0.00153,-0.02454,-1.81930,-3.37322,0.08283
20.7547,0.09664,-0.00153,-0.02454,-1.82697,-3.37322,0.08283
20.7784,0.09664,-0.00153,-0.02454,-1.83311,-3.37016,0.08283
20.8035,0.09664,-0.00153,-0.02454,-1.84384,-3.36709,0.08283
20.8333,0.09664,-0.00153,-0.03068,-1.84845,-3.36555,0.08283
20.8586,0.09664,-0.00153,-0.03988,-1.84845,-3.36555,0.08283
20.8815,0.09664,-0.00153,-0.04909,-1.84998,-3.36402,0.08283
20.9076,0.09664,-0.00153,-0.06289,-1.84998,-3.36095,0.08283
20.9295,0.09817,-0.00153,-0.07517,-1.84998,-3.36095,0.08283
20.9528,0.09971,-0.00153,-0.08897,-1.84998,-3.36095,0.08283
20.9770,0.09971,-0.00153,-0.10738,-1.84998,-3.35942,0.08283
20.9996,0.09971,-0.00153,-0.12425,-1.84998,-3.35788,0.08283
21.0255,0.09971,-0.00153,-0.14573,-1.84998,-3.35328,0.08283
21.0487,0.09971,-0.00153,-0.16567,-1.84998,-3.35021,0.08283
21.0718,0.09971,-0.00153,-0.18408,-1.85305,-3.35021,0.08283
21.0944,0.09971,-0.00153,-0.20402,-1.85612,-3.34715,0.08283
21.1170,0.09971,-0.00153,-0.22089,-1.86072,-3.34561,0.08283
21.1418,0.10124,0.00000,-0.23930,-1.87299,-3.34101,0.08283
21.1642,0.10124,0.00000,-0.25617,-1.88373,-3.33794,0.08283
21.1903,0.09971,0.00000,-0.27151,-1.89600,-3.33641,0.08283
21.2129,0.09971,0.00000,-0.28379,-1.90981,-3.33487,0.08283
21.2345,0.09971,0.00000,-0.29452,-1.92361,-3.33181,0.08283
21.2594,0.09971,0.00000,-0.30219,-1.94355,-3.32874,0.08283
21.2828,0.09971,0.00000,-0.30833,-1.95736,-3.32720,0.08283
21.3064,0.09971,0.00000,-0.31447,-1.97117,-3.32567,0.08283
21.3272,0.09971,0.00000,-0.31907,-1.98190,-3.32567,0.08283
21.3503,0.09971,0.00000,-0.32367,-1.99418,-3.32260,0.08283
21.3741,0.10124,0.00000,-0.32827,-2.00338,-3.31800,0.08283
21.3964,0.10124,0.00000,-0.33441,-2.01412,-3.31647,0.08283
21.4195,0.10278,0.00000,-0.34054,-2.02025,-3.31647,0.08283
21.4438,0.10278,0.00000,-0.34975,-2.02639,-3.31340,0.08283
21.4659,0.10278,0.00000,-0.35742,-2.03406,-3.30573,0.08283
21.4906,0.10278,0.00000,-0.36509,-2.04940,-3.29499,0.08283
21.5133,0.10278,0.00000,-0.37429,-2.06627,-3.28885,0.08283
21.5382,0.10278,0.00000,-0.38196,-2.08161,-3.28118,0.08283
21.5615,0.10278,0.00000,-0.38963,-2.09849,-3.27352,0.08283
21.5839,0.10278,0.00000,-0.39730,-2.11689,-3.26738,0.08283
21.6084,0.10278,0.00000,-0.40497,-2.13684,-3.26431,0.08283
21.6322,0.10278,0.00000,-0.41264,-2.15064,-3.26124,0.08283
21.6555,0.10278,0.00000,-0.42184,-2.16138,-3.25818,0.08283
21.6814,0.10278,0.00000,-0.43412,-2.17058,-3.25357,0.08283
21.7063,0.10278,0.00000,-0.44485,-2.17979,-3.25204,0.08283
21.7290,0.10278,0.00153,-0.45559,-2.18285,-3.25051,0.08283
21.7527,0.10278,0.00153,-0.46480,-2.18899,-3.24590,0.08283
21.7751,0.10278,0.00153,-0.47400,-2.19359,-3.24130,0.08283
21.7965,0.10278,0.00153,-0.48167,-2.19819,-3.23823,0.08283
21.8202,0.10278,0.00153,-0.48934,-2.20893,-3.23363,0.08283
21.8428,0.10278,0.00153,-0.49394,-2.21660,-3.23056,0.08283
21.8647,0.10278,0.00153,-0.49854,-2.22581,-3.22750,0.08283
21.8909,0.10278,0.00153,-0.50315,-2.23654,-3.22443,0.08283
21.9129,0.10278,0.00153,-0.51082,-2.24575,-3.22443,0.08283
21.9339,0.10278,0.00153,-0.51695,-2.25188,-3.22289,0.08283
21.9564,0.10278,0.00153,-0.52309,-2.25955,-3.21829,0.08283
21.9814,0.10278,0.00153,-0.53229,-2.27029,-3.21522,0.09971
22.0092,0.10278,0.00153,-0.53843,-2.27950,-3.21216,0.12425
22.0315,0.10278,0.00153,-0.54456,-2.28870,-3.20755,0.14419
22.0575,0.10431,0.00153,-0.54763,-2.30251,-3.20295,0.16567
22.0809,0.10584,0.00153,-0.54917,-2.31478,-3.19682,0.18561
22.1077,0.10584,0.00153,-0.55837,-2.32551,-3.18454,0.16720
22.1309,0.10584,0.00153,-0.57064,-2.33012,-3.17994,0.14880
22.1550,0.10584,0.00153,-0.58445,-2.33165,-3.17687,0.12885
22.1795,0.10738,0.00153,-0.59979,-2.33165,-3.17534,0.10891
22.2040,0.10891,0.00153,-0.61052,-2.33165,-3.17227,0.09204
22.2269,0.11198,0.00153,-0.61513,-2.33472,-3.17074,0.08283
22.2523,0.11198,0.00153,-0.61666,-2.34546,-3.17074,0.08283
22.2760,0.11198,0.00153,-0.61819,-2.35466,-3.16920,0.08283
22.2993,0.11198,0.00153,-0.62280,-2.36386,-3.16614,0.08283
22.3236,0.11198,0.00153,-0.63200,-2.37153,-3.16000,0.08283
22.3464,0.11198,0.00153,-0.64581,-2.38227,-3.14926,0.08283
22.3708,0.11505,0.00153,-0.65654,-2.39608,-3.13699,0.08283
22.3933,0.11812,0.00153,-0.67035,-2.40988,-3.12625,0.08283
22.4165,0.11812,0.00153,-0.68416,-2.42216,-3.11551,0.08283
22.4427,0.11965,0.00153,-0.70103,-2.42983,-3.10785,0.08283
22.4648,0.12118,0.00153,-0.71944,-2.43443,-3.10018,0.08283
22.4910,0.12425,0.00153,-0.73938,-2.44517,-3.08637,0.08283
22.5143,0.13039,0.00153,-0.75318,-2.45437,-3.07717,0.08283
22.5362,0.13192,0.00153,-0.76852,-2.45744,-3.07410,0.08283
22.5586,0.13346,0.00153,-0.78080,-2.45744,-3.06950,0.08283
22.5817,0.13499,0.00153,-0.79460,-2.45744,-3.06183,0.08283
22.6067,0.13499,0.00153,-0.81148,-2.45744,-3.04495,0.08283
22.6306,0.13499,0.00153,-0.82988,-2.45437,-3.03421,0.08283
22.6553,0.13499,0.00153,-0.84829,-2.43596,-3.03421,0.08283
22.6781,0.13499,0.00153,-0.86363,-2.42062,-3.03115,0.08283
22.7010,0.13499,0.00153,-0.88050,-2.41295,-3.03268,0.08283
22.7256,0.13499,0.00153,-0.90045,-2.40221,-3.03575,0.08283
22.7492,0.13652,0.00153,-0.91579,-2.39301,-3.02961,0.08283
22.7725,0.13499,0.00153,-0.92499,-2.39148,-3.02808,0.08283
22.7971,0.13192,0.00153,-0.93573,-2.38381,-3.03268,0.08283
22.8210,0.13039,0.00153,-0.94800,-2.37000,-3.03728,0.08283
22.8434,0.12885,0.00153,-0.96181,-2.35466,-3.04035,0.08283
22.8662,0.12885,0.00153,-0.97715,-2.34392,-3.04802,0.08283
22.8905,0.12885,0.00153,-0.99249,-2.33472,-3.05262,0.08283
22.9124,0.12579,0.00153,-1.00476,-2.33165,-3.05416,0.08283
22.9375,0.12425,0.00153,-1.02010,-2.32858,-3.05876,0.08283
22.9600,0.12425,0.00153,-1.03544,-2.31938,-3.06643,0.08283
22.9827,0.12272,0.00153,-1.04924,-2.31018,-3.07717,0.08283
23.0084,0.12118,0.00153,-1.06305,-2.29484,-3.09404,0.08283
23.0317,0.11965,0.00153,-1.07225,-2.28410,-3.10478,0.08283
23.0571,0.11965,0.00153,-1.08146,-2.28103,-3.10785,0.08283
23.0802,0.11965,0.00153,-1.08913,-2.27796,-3.10938,0.08283
23.1061,0.11965,0.00153,-1.09986,-2.27489,-3.11245,0.08283
23.1285,0.11965,0.00153,-1.10907,-2.27029,-3.11551,0.08283
23.1540,0.11965,0.00153,-1.11981,-2.26262,-3.11858,0.08283
23.1766,0.11965,0.00153,-1.12901,-2.25342,-3.11858,0.08283
23.1990,0.11965,0.00153,-1.13821,-2.24882,-3.11858,0.08283
23.2241,0.11965,0.00153,-1.15202,-2.24115,-3.12165,0.08283
23.2472,0.11965,0.00153,-1.16276,-2.23501,-3.12779,0.08283
23.2708,0.11965,0.00153,-1.17656,-2.23194,-3.13239,0.08283
23.2944,0.11965,0.00153,-1.19037,-2.22734,-3.13852,0.08283
23.3165,0.11965,0.00153,-1.20417,-2.22427,-3.14313,0.08283
23.3431,0.11965,0.00153,-1.22258,-2.22120,-3.14926,0.08283
23.3661,0.11965,0.00153,-1.23946,-2.21507,-3.14926,0.08283
23.3887,0.11965,0.00153,-1.25480,-2.20893,-3.15847,0.08283
23.4136,0.11965,0.00153,-1.27320,-2.19973,-3.16614,0.08283
23.4388,0.11965,0.00153,-1.29008,-2.19052,-3.17381,0.08283
23.4619,0.11965,0.00153,-1.30542,-2.17979,-3.17534,0.08283
23.4858,0.11965,0.00153,-1.32229,-2.17058,-3.17841,0.08283
23.5081,0.11965,0.00153,-1.33763,-2.16445,-3.18454,0.08283
23.5308,0.11965,0.00153,-1.35451,-2.15678,-3.19988,0.08283
23.5577,0.11965,0.00153,-1.37291,-2.14451,-3.21983,0.08283
23.5801,0.11812,0.00153,-1.38672,-2.12610,-3.23670,0.08283
23.6042,0.11812,0.00153,-1.40052,-2.10002,-3.24130,0.08283
23.6279,0.11812,0.00153,-1.41433,-2.06934,-3.23977,0.08283
23.6514,0.11812,0.00153,-1.42814,-2.04480,-3.23823,0.08283
23.6744,0.11812,0.00153,-1.44348,-2.02332,-3.23670,0.08283
23.6975,0.11812,0.00153,-1.45728,-2.00645,-3.23977,0.08283
23.7240,0.11812,0.00153,-1.47722,-1.98957,-3.24284,0.08283
23.7475,0.11812,0.00153,-1.49563,-1.97117,-3.24284,0.08283
23.7690,0.11812,0.00153,-1.51251,-1.95736,-3.24130,0.08283
23.7931,0.11812,0.00153,-1.53398,-1.94049,-3.24284,0.08283
23.8173,0.11658,0.00153,-1.55392,-1.92208,-3.24590,0.08283
23.8419,0.11505,0.00153,-1.57540,-1.90674,-3.24897,0.08283
23.8665,0.11505,0.00153,-1.59841,-1.88986,-3.25204,0.08283
23.8917,0.11505,0.00153,-1.61682,-1.87299,-3.25664,0.08283
23.9178,0.11505,0.00153,-1.63522,-1.85305,-3.26278,0.08283
23.9434,0.11505,0.00153,-1.65517,-1.83464,-3.27045,0.08283
23.9776,0.11505,0.00153,-1.68278,-1.81623,-3.28272,0.08283
24.0021,0.11505,0.00153,-1.70118,-1.80089,-3.28885,0.08283
24.0265,0.11658,0.00153,-1.71806,-1.78402,-3.29499,0.08283
24.0492,0.11658,0.00153,-1.73493,-1.76408,-3.29959,0.08283
24.0737,0.11812,0.00153,-1.75181,-1.74567,-3.30419,0.08283
24.0962,0.11812,0.00153,-1.77021,-1.72880,-3.31186,0.08283
24.1207,0.11812,0.00153,-1.79016,-1.71192,-3.31647,0.08283
24.1449,0.11965,0.00153,-1.80856,-1.69505,-3.32260,0.08283
24.1676,0.11965,0.00153,-1.82390,-1.68124,-3.32567,0.08283
24.1905,0.11965,0.00153,-1.84078,-1.66590,-3.33027,0.08283
24.2145,0.11965,0.00153,-1.85765,-1.65210,-3.33334,0.08283
24.2388,0.11965,0.00153,-1.87606,-1.63676,-3.33641,0.08283
24.2627,0.11965,0.00153,-1.89293,-1.62602,-3.33794,0.08283
24.2884,0.11965,0.00153,-1.91287,-1.61375,-3.34101,0.08283
24.3113,0.11965,0.00153,-1.92975,-1.60148,-3.34254,0.08283
24.3332,0.11812,0.00153,-1.94355,-1.59074,-3.34254,0.08283
24.3590,0.11658,0.00153,-1.96196,-1.58000,-3.34254,0.08283
24.3812,0.11505,0.00153,-1.97884,-1.56619,-3.34254,0.08283
24.4052,0.11351,0.00153,-1.99724,-1.55239,-3.34254,0.08283
24.4295,0.11198,0.00153,-2.01565,-1.53705,-3.34254,0.08283
24.4545,0.11045,0.00153,-2.03866,-1.52017,-3.34254,0.08283
24.4776,0.11045,0.00153,-2.05860,-1.50177,-3.34408,0.08283
24.5021,0.10891,0.00153,-2.08161,-1.48183,-3.34561,0.08283
24.5253,0.10738,0.00153,-2.10462,-1.45575,-3.34715,0.08283
24.5485,0.10738,0.00153,-2.12763,-1.43120,-3.34868,0.08283
24.5753,0.10584,0.00153,-2.15524,-1.40052,-3.34868,0.08283
24.5986,0.10584,0.00153,-2.17979,-1.37445,-3.35021,0.08283
24.6215,0.10584,0.00153,-2.20280,-1.34530,-3.35021,0.08283
24.6456,0.10584,0.00153,-2.22581,-1.31616,-3.35021,0.08283
24.6696,0.10584,0.00153,-2.24882,-1.28701,-3.35175,0.08283
24.6917,0.10584,0.00153,-2.27336,-1.25940,-3.35175,0.08283
24.7165,0.10584,0.00153,-2.30097,-1.23025,-3.35175,0.08283
24.7400,0.10584,0.00153,-2.32398,-1.20571,-3.35328,0.08283
24.7622,0.10584,0.00153,-2.34392,-1.18117,-3.35328,0.08283
24.7879,0.10584,0.00153,-2.36693,-1.15969,-3.35482,0.08283
24.8105,0.10584,0.00153,-2.38534,-1.14435,-3.35482,0.08283
24.8330,0.10584,0.00153,-2.40068,-1.12748,-3.35482,0.08283
24.8558,0.10584,0.00153,-2.42062,-1.11367,-3.35482,0.08283
24.8782,0.10584,0.00153,-2.43596,-1.09833,-3.35482,0.08283
24.9014,0.10431,0.00153,-2.45130,-1.08606,-3.35635,0.08283
24.9245,0.10431,0.00153,-2.46511,-1.07379,-3.35635,0.08283
24.9468,0.10431,0.00153,-2.48045,-1.05845,-3.35635,0.08283
24.9737,0.10278,0.00153,-2.49732,-1.04311,-3.35635,0.08283
24.9964,0.10278,0.00153,-2.51266,-1.02930,-3.35635,0.08283
25.0172,0.10124,0.00153,-2.52800,-1.01550,-3.35635,0.08283
25.0399,0.10124,0.00153,-2.54487,-0.99862,-3.35635,0.08283
25.0634,0.09971,0.00153,-2.56328,-0.98175,-3.35635,0.08283
25.0886,0.09971,0.00153,-2.58322,-0.95874,-3.35635,0.08283
25.1115,0.09971,0.00153,-2.60317,-0.93573,-3.35635,0.08283
25.1355,0.09971,0.00153,-2.62464,-0.91118,-3.35635,0.08283
25.1585,0.09817,0.00153,-2.64458,-0.88664,-3.35635,0.08283
25.1805,0.09817,0.00153,-2.66606,-0.86056,-3.35635,0.08283
25.2063,0.09817,0.00153,-2.69060,-0.82375,-3.35482,0.08283
25.2291,0.09817,0.00153,-2.71515,-0.79153,-3.35175,0.08283
25.2518,0.09817,0.00153,-2.73662,-0.76085,-3.34868,0.08283
25.2742,0.09817,0.00153,-2.76117,-0.72711,-3.34561,0.08283
25.2971,0.09817,0.00153,-2.78571,-0.69489,-3.34101,0.08283
25.3236,0.09817,0.00153,-2.81485,-0.65654,-3.33641,0.08283
25.3464,0.09817,0.00000,-2.83633,-0.62740,-3.33487,0.08283
25.3706,0.09817,0.00000,-2.86087,-0.59518,-3.33027,0.08283
25.3945,0.09817,0.00000,-2.88388,-0.56297,-3.32567,0.08283
25.4178,0.09817,0.00000,-2.90383,-0.53383,-3.32260,0.08283
25.4401,0.09817,0.00000,-2.92530,-0.50928,-3.32107,0.08283
25.4633,0.09817,0.00000,-2.94371,-0.48320,-3.31953,0.08283
25.4884,0.09817,0.00000,-2.96058,-0.45866,-3.31800,0.08283
25.5122,0.09817,0.00000,-2.97746,-0.43565,-3.31800,0.08283
25.5345,0.09817,0.00000,-2.99280,-0.41724,-3.31647,0.08283
25.5570,0.09971,0.00000,-3.00660,-0.39730,-3.31647,0.08283
25.5796,0.09971,0.00000,-3.02348,-0.37736,-3.31647,0.08283
25.6048,0.10124,0.00000,-3.04188,-0.35282,-3.31493,0.08283
25.6282,0.10278,0.00000,-3.05876,-0.32827,-3.31493,0.08283
25.6500,0.10278,0.00000,-3.07410,-0.30680,-3.31186,0.08283
25.6716,0.10431,0.00000,-3.09097,-0.28532,-3.30726,0.08283
25.6932,0.10584,0.00000,-3.10631,-0.26845,-3.30573,0.08283
25.7143,0.10584,0.00000,-3.12165,-0.25004,-3.30419,0.08283
25.7409,0.10738,0.00000,-3.13852,-0.22396,-3.30266,0.08283
25.7624,0.10738,0.00000,-3.15386,-0.20555,-3.30113,0.08283
25.7863,0.10738,-0.00153,-3.16767,-0.18561,-3.29959,0.08283
25.8091,0.10891,-0.00153,-3.17994,-0.16720,-3.29806,0.08283
25.8314,0.10891,-0.00153,-3.19221,-0.15186,-3.29806,0.08283
25.8571,0.10891,-0.00153,-3.20602,-0.13192,-3.29652,0.08283
25.8795,0.10891,-0.00153,-3.21676,-0.11658,-3.29652,0.08283
25.9006,0.10891,-0.00153,-3.22750,-0.09971,-3.29499,0.08283
25.9227,0.11045,-0.00153,-3.23977,-0.08437,-3.29499,0.08283
25.9451,0.11045,-0.00153,-3.25051,-0.06903,-3.29499,0.08283
25.9681,0.11045,-0.00153,-3.26278,-0.05216,-3.29499,0.08283
25.9912,0.11198,-0.00153,-3.27352,-0.03528,-3.29346,0.08283
26.0135,0.11351,-0.00153,-3.28425,-0.01841,-3.29346,0.08283
26.0383,0.11351,-0.00153,-3.29959,0.00153,-3.29346,0.08283
26.0607,0.11505,-0.00153,-3.31186,0.01841,-3.29499,0.08283
26.0830,0.11505,-0.00153,-3.32414,0.03682,-3.29499,0.08283
26.1074,0.11505,-0.00153,-3.33948,0.05522,-3.29806,0.08283
26.1309,0.11505,-0.00153,-3.35175,0.07670,-3.29959,0.08283
26.1539,0.11505,-0.00153,-3.36249,0.09817,-3.30419,0.08283
26.1766,0.11505,-0.00153,-3.37476,0.11505,-3.30726,0.08283
26.1998,0.11505,-0.00153,-3.38856,0.13192,-3.30880,0.08283
26.2238,0.11505,-0.00153,-3.40237,0.14880,-3.31033,0.08283
26.2456,0.11505,-0.00153,-3.41464,0.16414,-3.30573,0.08283
26.2683,0.11658,-0.00153,-3.41618,0.16414,-3.30573,0.08283
26.2944,0.11658,-0.00153,-3.41618,0.14726,-3.30726,0.08283
26.3167,0.11658,-0.00153,-3.41618,0.13499,-3.31186,0.08283
26.3403,0.11658,-0.00153,-3.41618,0.12425,-3.31493,0.08283
26.3628,0.11812,-0.00153,-3.41618,0.11505,-3.31647,0.08283
26.3844,0.11812,-0.00153,-3.41618,0.11198,-3.31647,0.08283
26.4081,0.11812,0.00000,-3.41618,0.11045,-3.31647,0.08283
26.4307,0.11965,0.00000,-3.41618,0.11045,-3.31647,0.08283
26.4549,0.11965,0.00000,-3.41618,0.11045,-3.31647,0.08283
26.4789,0.11965,0.00000,-3.41618,0.11045,-3.31647,0.08283
26.5028,0.11965,0.00000,-3.41618,0.11045,-3.31647,0.08283
26.5250,0.11965,0.00000,-3.41618,0.11045,-3.31647,0.08283
26.5497,0.11965,0.00000,-3.41618,0.11045,-3.31647,0.08283
26.5735,0.11965,0.00000,-3.41618,0.11045,-3.31647,0.08283
26.5952,0.11965,0.00000,-3.41618,0.11045,-3.31647,0.08283
26.6205,0.11965,0.00000,-3.41618,0.11045,-3.31340,0.08283
26.6437,0.11965,0.00000,-3.41618,0.11351,-3.31186,0.08283
26.6649,0.11965,0.00000,-3.41618,0.11658,-3.31033,0.08283
26.6879,0.11965,0.00000,-3.41618,0.12118,-3.31033,0.08283
26.7107,0.11965,0.00000,-3.41618,0.12579,-3.31033,0.08283
26.7333,0.11812,0.00000,-3.41618,0.13192,-3.31033,0.08283
26.7570,0.11812,0.00000,-3.41618,0.13346,-3.31033,0.08283
26.7808,0.11812,0.00000,-3.41618,0.13346,-3.31033,0.08283
26.8075,0.11658,0.00000,-3.41618,0.13346,-3.31033,0.08283
26.8292,0.11658,0.00000,-3.41464,0.13346,-3.30880,0.08283
26.8543,0.11658,0.00000,-3.40697,0.12732,-3.30573,0.08283
26.8778,0.11505,0.00000,-3.39777,0.11812,-3.30573,0.08283
26.9009,0.11505,0.00000,-3.38550,0.10431,-3.30419,0.08283
26.9241,0.11351,0.00000,-3.37169,0.08897,-3.30419,0.08283
26.9475,0.11351,0.00000,-3.35482,0.07517,-3.30419,0.08283
26.9727,0.11198,0.00000,-3.33641,0.05676,-3.30726,0.08283
26.9961,0.11045,0.00000,-3.32107,0.03835,-3.30726,0.08283
27.0231,0.10891,0.00000,-3.30419,0.01687,-3.30726,0.08283
27.0444,0.10891,0.00000,-3.28885,0.00000,-3.30726,0.08283
27.0692,0.10738,0.00000,-3.27352,-0.01841,-3.30726,0.08283
27.0920,0.10584,0.00000,-3.25818,-0.03528,-3.30726,0.08283
27.1140,0.10431,0.00000,-3.24437,-0.05522,-3.30880,0.08283
27.1396,0.10431,0.00000,-3.22596,-0.07670,-3.30880,0.08283
27.1625,0.10278,0.00000,-3.20909,-0.09664,-3.31033,0.08283
27.1854,0.10278,0.00000,-3.19221,-0.11658,-3.31186,0.08283
27.2106,0.10124,0.00000,-3.17227,-0.13959,-3.31186,0.08283
27.2345,0.10124,0.00000,-3.15233,-0.16107,-3.31186,0.08283
27.2578,0.09971,0.00000,-3.13392,-0.18561,-3.31186,0.08283
27.2825,0.09971,0.00000,-3.11551,-0.21169,-3.30880,0.08283
27.3071,0.09971,0.00000,-3.09404,-0.23623,-3.30726,0.08283
27.3292,0.09971,0.00000,-3.07410,-0.26231,-3.30726,0.08283
27.3539,0.09971,0.00000,-3.05109,-0.29299,-3.30726,0.08283
27.3775,0.09971,0.00000,-3.02348,-0.32214,-3.30726,0.08283
27.4041,0.09971,0.00000,-2.99586,-0.35588,-3.31033,0.08283
27.4273,0.09971,0.00000,-2.97132,-0.38503,-3.31186,0.08283
27.4498,0.09971,0.00000,-2.94678,-0.41724,-3.31186,0.08283
27.4749,0.09971,0.00000,-2.91917,-0.45099,-3.31340,0.08283
27.4968,0.09971,0.00000,-2.89309,-0.48320,-3.31493,0.08283
27.5237,0.09971,0.00000,-2.86394,-0.51849,-3.31647,0.08283
27.5457,0.09971,0.00000,-2.83940,-0.54763,-3.31647,0.08283
27.5677,0.09971,0.00000,-2.81792,-0.57524,-3.31800,0.08283
27.5912,0.10124,0.00000,-2.79491,-0.60746,-3.31800,0.08283
27.6154,0.10124,0.00000,-2.77190,-0.63660,-3.31800,0.08283
27.6394,0.10431,0.00000,-2.75196,-0.66575,-3.31800,0.08283
27.6628,0.10584,0.00000,-2.72895,-0.69796,-3.32107,0.08283
27.6876,0.10584,0.00000,-2.70441,-0.73017,-3.32260,0.08283
27.7094,0.10738,0.00000,-2.68293,-0.75779,-3.32414,0.08283
27.7314,0.10891,0.00000,-2.66146,-0.78693,-3.32567,0.08283
27.7570,0.11045,0.00000,-2.63538,-0.82068,-3.32720,0.08283
27.7803,0.11198,0.00000,-2.61237,-0.85136,-3.33027,0.08283
27.8063,0.11351,0.00000,-2.58629,-0.88817,-3.33334,0.08283
27.8292,0.11505,0.00000,-2.56175,-0.92039,-3.33487,0.08283
27.8506,0.11658,0.00000,-2.53567,-0.95414,-3.33641,0.08283
27.8734,0.11812,0.00000,-2.50959,-0.99095,-3.33948,0.08283
27.8957,0.11812,0.00000,-2.48351,-1.02623,-3.34101,0.08283
27.9223,0.11965,0.00000,-2.45130,-1.06918,-3.34408,0.08283
27.9451,0.12118,0.00000,-2.42522,-1.10600,-3.34561,0.08283
27.9705,0.12118,0.00000,-2.39301,-1.14742,-3.34561,0.08283
27.9942,0.12118,0.00000,-2.36693,-1.18423,-3.34715,0.08283
28.0190,0.12118,0.00000,-2.33779,-1.22105,-3.34715,0.08283
28.0431,0.12118,0.00000,-2.31324,-1.25633,-3.34715,0.08283
28.0656,0.12118,0.00000,-2.28870,-1.28701,-3.34868,0.08283
28.0880,0.12118,0.00000,-2.26262,-1.31769,-3.34868,0.08283
28.1110,0.12118,0.00000,-2.23808,-1.35144,-3.34868,0.08283
28.1357,0.11965,0.00000,-2.21200,-1.38365,-3.34868,0.08283
28.1595,0.11965,0.00000,-2.18746,-1.41586,-3.35021,0.08283
28.1837,0.11965,0.00000,-2.16291,-1.44654,-3.35175,0.08283
28.2070,0.11965,0.00000,-2.13684,-1.47722,-3.35328,0.08283
28.2294,0.11965,0.00000,-2.11229,-1.50637,-3.35482,0.08283
28.2535,0.11965,0.00000,-2.08775,-1.53705,-3.35635,0.08283
28.2775,0.12118,0.00000,-2.06167,-1.57080,-3.35942,0.08283
28.3038,0.12272,-0.00153,-2.03406,-1.59994,-3.36095,0.08283
28.3282,0.12272,-0.00153,-2.00645,-1.63216,-3.36249,0.08283
28.3550,0.12579,-0.00153,-1.97884,-1.66437,-3.36555,0.08283
28.3781,0.12732,-0.00153,-1.95429,-1.69198,-3.36709,0.08283
28.4043,0.13039,-0.00153,-1.92821,-1.72266,-3.36862,0.08283
28.4281,0.13192,-0.00153,-1.90520,-1.75027,-3.37169,0.08283
28.4520,0.13346,-0.00153,-1.87913,-1.77788,-3.37322,0.08283
28.4765,0.13652,-0.00153,-1.85458,-1.80243,-3.37476,0.08283
28.4987,0.13806,-0.00153,-1.83311,-1.82390,-3.37476,0.08283
28.5217,0.13959,-0.00153,-1.81163,-1.84691,-3.37783,0.08283
28.5447,0.14113,-0.00153,-1.79169,-1.86839,-3.37936,0.08283
28.5695,0.14266,-0.00153,-1.76561,-1.89293,-3.38243,0.08283
28.5923,0.14266,-0.00153,-1.74567,-1.91134,-3.38550,0.08283
28.6158,0.14419,-0.00153,-1.72419,-1.93128,-3.39010,0.08283
28.6403,0.14419,-0.00153,-1.70272,-1.95122,-3.39317,0.08283
28.6623,0.14419,-0.00153,-1.68738,-1.96810,-3.39470,0.08283
28.6880,0.14419,-0.00153,-1.66744,-1.98804,-3.39777,0.08283
28.7108,0.14573,-0.00153,-1.65210,-2.00798,-3.39930,0.08283
28.7319,0.14573,-0.00153,-1.63522,-2.02332,-3.39930,0.08283
28.7544,0.14726,-0.00153,-1.61835,-2.04173,-3.39930,0.08283
28.7779,0.14880,-0.00153,-1.59994,-2.06014,-3.39930,0.08283
28.8043,0.14880,0.00000,-1.58000,-2.08161,-3.39930,0.08283
28.8262,0.15033,0.00000,-1.56466,-2.10002,-3.39930,0.08283
28.8502,0.15033,0.00000,-1.54625,-2.12303,-3.39930,0.08283
28.8732,0.15033,0.00000,-1.52784,-2.14297,-3.40084,0.08283
28.8957,0.15033,0.00000,-1.50790,-2.16138,-3.40084,0.08283
28.9213,0.15033,0.00000,-1.48796,-2.18285,-3.40084,0.08283
28.9446,0.15033,0.00000,-1.46649,-2.19973,-3.40390,0.08283
28.9689,0.15033,0.00000,-1.44348,-2.22120,-3.40544,0.08283
28.9930,0.15033,0.00000,-1.42047,-2.23808,-3.40851,0.08283
29.0161,0.15033,0.00000,-1.40052,-2.25955,-3.41004,0.08283
29.0404,0.14880,0.00000,-1.38058,-2.27643,-3.41157,0.08283
29.0644,0.15033,0.00000,-1.36217,-2.29330,-3.41311,0.08283
29.0902,0.15340,0.00000,-1.34223,-2.31018,-3.41464,0.08283
29.1119,0.15493,0.00000,-1.32689,-2.32245,-3.41618,0.08283
29.1376,0.15647,0.00000,-1.30695,-2.33779,-3.41924,0.08283
29.1610,0.15647,0.00000,-1.29008,-2.35313,-3.42231,0.08283
29.1843,0.15647,0.00000,-1.27320,-2.36693,-3.42385,0.08283
29.2087,0.15647,0.00000,-1.25326,-2.38227,-3.42538,0.08283
29.2317,0.15647,0.00000,-1.23946,-2.39608,-3.42538,0.08283
29.2541,0.15647,0.00000,-1.22412,-2.41142,-3.42691,0.08283
29.2784,0.15800,0.00000,-1.21031,-2.42369,-3.42691,0.08283
29.3061,0.15800,0.00000,-1.19344,-2.43750,-3.42691,0.08283
29.3301,0.15800,0.00000,-1.18117,-2.44977,-3.42538,0.08283
29.3515,0.15800,0.00000,-1.16889,-2.45897,-3.42385,0.08283
29.3743,0.15953,0.00000,-1.15662,-2.46971,-3.42231,0.08283
29.3976,0.16107,0.00000,-1.14282,-2.48045,-3.41924,0.08283
29.4238,0.16260,0.00000,-1.12594,-2.49118,-3.41618,0.08283
29.4472,0.16260,0.00000,-1.11060,-2.50192,-3.41464,0.08283
29.4707,0.16260,0.00000,-1.09680,-2.50499,-3.41311,0.08283
29.4946,0.16414,0.00000,-1.08299,-2.50499,-3.40697,0.08283
29.5191,0.16567,0.00000,-1.06765,-2.50499,-3.40084,0.08283
29.5417,0.16720,0.00000,-1.05384,-2.50499,-3.39470,0.08283
29.5646,0.16720,0.00000,-1.03850,-2.50499,-3.39163,0.08283
29.5884,0.16874,0.00000,-1.02317,-2.50499,-3.39010,0.08283
29.6116,0.17027,0.00000,-1.00936,-2.50499,-3.39010,0.08283
29.6356,0.17181,0.00000,-0.99402,-2.50499,-3.39163,0.08283
29.6593,0.17181,0.00000,-0.98021,-2.50499,-3.39470,0.08283
29.6824,0.17334,0.00000,-0.96641,-2.50499,-3.39777,0.08283
29.7072,0.17487,0.00000,-0.95414,-2.50499,-3.40084,0.08283
29.7310,0.17794,0.00000,-0.94493,-2.50499,-3.40237,0.08283
29.7527,0.18101,0.00000,-0.93573,-2.50499,-3.40237,0.08283
29.7760,0.18561,0.00000,-0.92499,-2.50499,-3.40237,0.08283
29.7986,0.18868,0.00000,-0.91118,-2.50499,-3.40084,0.08283
29.8219,0.18868,0.00000,-0.90198,-2.50499,-3.39930,0.08283
29.8454,0.18868,0.00000,-0.88971,-2.50499,-3.39930,0.08283
29.8717,0.18868,0.00000,-0.87284,-2.50499,-3.39930,0.08283
29.8935,0.18868,0.00000,-0.86210,-2.50499,-3.39930,0.08283
29.9182,0.18868,0.00000,-0.84983,-2.50499,-3.39930,0.08283
29.9423,0.18868,0.00000,-0.83755,-2.50499,-3.39930,0.08283
29.9663,0.18868,0.00000,-0.82682,-2.50499,-3.39930,0.08283
29.9905,0.18868,0.00000,-0.81761,-2.50499,-3.39930,0.08283
30.0194,0.18868,0.00000,-0.80381,-2.50499,-3.39777,0.08283
30.0460,0.18868,0.00000,-0.79460,-2.50499,-3.39623,0.08283
30.0715,0.18868,0.00000,-0.78540,-2.50499,-3.39317,0.08283
30.0959,0.18868,0.00000,-0.77619,-2.50499,-3.39010,0.08283
30.1206,0.18868,0.00000,-0.76852,-2.50499,-3.38703,0.08283
30.1433,0.18868,0.00000,-0.76239,-2.50499,-3.38396,0.08283
30.1710,0.19021,0.00000,-0.75165,-2.50499,-3.37783,0.08283
30.1982,0.19175,0.00000,-0.74245,-2.50499,-3.37322,0.08283
30.2214,0.19175,0.00000,-0.73478,-2.50499,-3.36862,0.08283
30.2451,0.19328,0.00000,-0.72404,-2.50499,-3.36402,0.08283
30.2710,0.19328,0.00000,-0.71484,-2.50499,-3.35788,0.08283
30.2936,0.19482,0.00000,-0.70563,-2.50499,-3.35482,0.08283
30.3210,0.19482,0.00153,-0.69336,-2.50499,-3.34868,0.08283
30.3445,0.19482,0.00153,-0.68262,-2.50499,-3.34408,0.08283
30.3678,0.19482,0.00153,-0.67188,-2.50499,-3.34408,0.08283
30.3896,0.19482,0.00153,-0.66115,-2.50499,-3.34408,0.08283
30.4144,0.19328,0.00153,-0.64887,-2.50499,-3.34868,0.08283
30.4425,0.19021,0.00153,-0.63200,-2.50499,-3.35175,0.08283
30.4687,0.19021,0.00153,-0.61819,-2.50499,-3.35635,0.08283
30.4917,0.19021,0.00153,-0.60592,-2.50499,-3.36249,0.08283
30.5191,0.18868,0.00153,-0.59212,-2.50499,-3.36709,0.08283
30.5429,0.18868,0.00153,-0.58138,-2.50499,-3.36862,0.08283
30.5668,0.18868,0.00153,-0.56911,-2.50499,-3.37169,0.08283
30.5906,0.18868,0.00153,-0.55684,-2.50499,-3.37476,0.08283
30.6154,0.18868,0.00153,-0.54456,-2.50499,-3.37629,0.08283
30.6395,0.18868,0.00153,-0.53383,-2.50499,-3.37629,0.08283
30.6623,0.18868,0.00153,-0.52309,-2.50499,-3.37629,0.08437
30.6844,0.18868,0.00153,-0.51388,-2.50499,-3.37783,0.08283
30.7066,0.18868,0.00153,-0.50315,-2.50499,-3.37936,0.08283
30.7290,0.18868,0.00153,-0.49241,-2.50499,-3.37936,0.08283
30.7559,0.18868,0.00153,-0.48014,-2.50499,-3.37169,0.08283
30.7784,0.18868,0.00153,-0.46940,-2.50499,-3.36862,0.08283
30.8044,0.18868,0.00153,-0.45866,-2.50499,-3.36709,0.08283
30.8271,0.19021,0.00153,-0.44946,-2.50499,-3.36709,0.08283
30.8504,0.19175,0.00153,-0.44025,-2.50499,-3.36709,0.08283
30.8740,0.19328,0.00153,-0.43565,-2.50499,-3.36555,0.08283
30.8972,0.19328,0.00153,-0.43258,-2.50499,-3.36555,0.08283
30.9196,0.19328,0.00153,-0.43105,-2.50499,-3.36402,0.08283
30.9427,0.19482,0.00153,-0.43105,-2.50499,-3.35788,0.08283
30.9665,0.19482,0.00153,-0.43105,-2.50499,-3.34715,0.08283
30.9912,0.19635,0.00153,-0.43412,-2.50499,-3.34408,0.08283
31.0134,0.19482,0.00153,-0.43872,-2.50499,-3.34408,0.08283
31.0385,0.19482,0.00307,-0.44485,-2.50499,-3.34254,0.08283
31.0610,0.19175,0.00307,-0.45252,-2.50499,-3.33641,0.08283
31.0848,0.18868,0.00307,-0.46173,-2.50499,-3.33181,0.08283
31.1079,0.18715,0.00307,-0.46940,-2.50499,-3.32720,0.08283
31.1298,0.18715,0.00460,-0.47860,-2.50499,-3.32567,0.08283
31.1523,0.18715,0.00460,-0.48627,-2.50499,-3.32414,0.08283
31.1775,0.18561,0.00460,-0.49701,-2.50499,-3.32107,0.08283
31.2005,0.18408,0.00460,-0.50928,-2.50499,-3.31340,0.08283
31.2226,0.18408,0.00460,-0.52002,-2.50499,-3.30573,0.08283
31.2467,0.18408,0.00460,-0.53536,-2.50499,-3.29346,0.08283
31.2701,0.18408,0.00460,-0.54917,-2.50499,-3.27812,0.08283
31.2925,0.18408,0.00460,-0.56450,-2.50499,-3.26431,0.08283
31.3150,0.18408,0.00460,-0.57984,-2.50499,-3.25971,0.08283
31.3370,0.18408,0.00460,-0.59365,-2.50499,-3.25511,0.08283
31.3602,0.18408,0.00460,-0.60899,-2.50499,-3.25511,0.08283
31.3853,0.18408,0.00460,-0.62586,-2.50499,-3.25511,0.08283
31.4083,0.17948,0.00460,-0.64120,-2.50499,-3.25511,0.08283
31.4319,0.17334,0.00460,-0.65654,-2.50499,-3.25357,0.08283
31.4554,0.17181,0.00460,-0.66575,-2.50499,-3.25357,0.08283
31.4798,0.17181,0.00460,-0.67649,-2.50499,-3.25971,0.08283
31.5093,0.17181,0.00460,-0.69029,-2.50499,-3.26891,0.08283
31.5348,0.17027,0.00460,-0.70103,-2.50499,-3.27965,0.08283
31.5577,0.17027,0.00460,-0.71023,-2.50499,-3.28885,0.08283
31.5816,0.17027,0.00460,-0.72250,-2.50499,-3.29806,0.08283
31.6142,0.17027,0.00460,-0.74091,-2.50499,-3.31186,0.08283
31.6425,0.17027,0.00460,-0.75625,-2.50499,-3.32414,0.08283
31.6665,0.17027,0.00460,-0.77313,-2.50499,-3.33181,0.08283
31.6908,0.17027,0.00460,-0.78847,-2.50499,-3.33181,0.08283
31.7153,0.17027,0.00460,-0.80381,-2.50499,-3.33181,0.08283
31.7400,0.17027,0.00460,-0.82068,-2.50499,-3.33181,0.08283
31.7634,0.17027,0.00460,-0.83755,-2.50499,-3.33181,0.08283
31.7862,0.17027,0.00460,-0.85289,-2.50499,-3.33181,0.08283
31.8112,0.17027,0.00460,-0.87130,-2.50499,-3.33181,0.08283
31.8354,0.17027,0.00460,-0.88817,-2.50499,-3.33181,0.08283
31.8582,0.17027,0.00460,-0.90351,-2.50499,-3.33181,0.08283
31.8815,0.17027,0.00460,-0.91885,-2.50499,-3.33027,0.08283
31.9048,0.17027,0.00460,-0.93266,-2.50499,-3.33181,0.08283
31.9272,0.17027,0.00460,-0.94647,-2.50499,-3.33794,0.08283
31.9514,0.16874,0.00460,-0.96027,-2.50499,-3.34561,0.08283
31.9740,0.16720,0.00460,-0.97254,-2.50346,-3.35175,0.08283
31.9967,0.16720,0.00460,-0.98482,-2.49732,-3.35328,0.08283
32.0231,0.17334,0.00460,-0.99862,-2.48965,-3.35328,0.08283
32.0457,0.17794,0.00460,-1.00936,-2.48505,-3.35635,0.08283
32.0696,0.17794,0.00460,-1.02010,-2.48198,-3.36095,0.08283
32.0931,0.17948,0.00460,-1.03084,-2.47738,-3.36709,0.08283
32.1190,0.18254,0.00460,-1.04004,-2.46971,-3.37169,0.08283
32.1418,0.18408,0.00460,-1.04924,-2.46357,-3.37322,0.08283
32.1644,0.18408,0.00460,-1.05691,-2.45744,-3.37322,0.08283
32.1896,0.18408,0.00460,-1.06765,-2.44977,-3.37322,0.08283
32.2108,0.18408,0.00460,-1.07685,-2.44363,-3.37322,0.08283
32.2390,0.18408,0.00460,-1.09066,-2.43443,-3.37476,0.08283
32.2624,0.18408,0.00460,-1.10293,-2.42676,-3.37629,0.08283
32.2864,0.18254,0.00460,-1.11827,-2.41295,-3.37783,0.08283
32.3098,0.17948,0.00460,-1.13515,-2.39608,-3.37783,0.08283
32.3345,0.17334,0.00460,-1.15662,-2.38227,-3.37783,0.08283
32.3570,0.17027,0.00460,-1.17350,-2.36693,-3.37783,0.08283
32.3800,0.17027,0.00460,-1.19037,-2.35313,-3.37783,0.08283
32.4049,0.17181,0.00460,-1.21184,-2.33625,-3.38243,0.08283
32.4274,0.17181,0.00460,-1.23332,-2.32551,-3.39163,0.08283
32.4502,0.17181,0.00307,-1.25480,-2.31631,-3.39777,0.08283
32.4734,0.17181,0.00307,-1.27627,-2.30864,-3.40084,0.08283
32.4958,0.17181,0.00307,-1.29468,-2.30097,-3.40084,0.08283
32.5231,0.17181,0.00307,-1.31309,-2.29330,-3.40390,0.08283
32.5451,0.17181,0.00307,-1.32536,-2.29023,-3.40697,0.08283
32.5714,0.17181,0.00307,-1.33763,-2.29023,-3.41157,0.08283
32.5949,0.17181,0.00307,-1.34530,-2.29023,-3.41464,0.08283
32.6207,0.17181,0.00307,-1.34837,-2.29330,-3.41618,0.08283
32.6432,0.17181,0.00307,-1.34837,-2.29484,-3.41618,0.08283
32.6652,0.17181,0.00307,-1.34837,-2.29790,-3.41618,0.08283
32.6874,0.17181,0.00307,-1.34530,-2.30251,-3.41618,0.08283
32.7103,0.17181,0.00307,-1.34070,-2.31018,-3.41924,0.08283
32.7370,0.17181,0.00307,-1.33456,-2.32091,-3.42385,0.08283
32.7594,0.17181,0.00307,-1.32996,-2.32858,-3.43152,0.08283
32.7839,0.17181,0.00307,-1.32689,-2.33625,-3.43612,0.08283
32.8060,0.17181,0.00307,-1.32536,-2.34085,-3.43918,0.08283
32.8279,0.17181,0.00307,-1.32536,-2.34085,-3.43918,0.08283
32.8549,0.17181,0.00307,-1.32383,-2.34085,-3.43918,0.08283
32.8780,0.17181,0.00307,-1.32383,-2.34085,-3.44225,0.08283
32.8994,0.17181,0.00307,-1.32536,-2.34085,-3.44379,0.08283
32.9215,0.17181,0.00307,-1.32689,-2.34085,-3.44379,0.08283
32.9436,0.17334,0.00307,-1.33150,-2.34085,-3.44379,0.08283
32.9704,0.17334,0.00307,-1.33610,-2.34085,-3.44379,0.08283
32.9921,0.17334,0.00307,-1.33917,-2.34085,-3.44839,0.08283
33.0156,0.17334,0.00307,-1.34377,-2.33625,-3.44992,0.08283
33.0402,0.17334,0.00307,-1.34684,-2.33165,-3.44992,0.08283
33.0622,0.17334,0.00307,-1.34837,-2.32705,-3.44992,0.08283
33.0874,0.17334,0.00307,-1.34837,-2.32091,-3.44992,0.08283
33.1100,0.17334,0.00307,-1.34990,-2.31631,-3.44992,0.08283
33.1341,0.17334,0.00307,-1.34990,-2.30864,-3.44992,0.08283
33.1557,0.17334,0.00307,-1.34990,-2.29790,-3.44685,0.08283
33.1781,0.17334,0.00307,-1.34990,-2.28717,-3.44532,0.08283
33.2036,0.17334,0.00307,-1.34990,-2.27336,-3.44532,0.08283
33.2256,0.17334,0.00307,-1.34990,-2.25955,-3.44685,0.08283
33.2503,0.17334,0.00307,-1.34990,-2.24268,-3.44685,0.08283
33.2743,0.17334,0.00307,-1.34990,-2.22427,-3.44685,0.08283
33.2970,0.17334,0.00307,-1.34990,-2.20740,-3.44685,0.08283
33.3194,0.17334,0.00307,-1.34990,-2.18592,-3.44992,0.08283
33.3427,0.17334,0.00307,-1.34990,-2.16291,-3.44992,0.08283
33.3696,0.17334,0.00307,-1.34990,-2.13223,-3.44992,0.08283
33.3915,0.17334,0.00307,-1.34837,-2.10769,-3.44992,0.08283
33.4136,0.17334,0.00307,-1.34837,-2.08468,-3.44532,0.08283
33.4395,0.17334,0.00307,-1.34377,-2.05707,-3.43612,0.08283
33.4639,0.17334,0.00307,-1.34223,-2.03252,-3.42845,0.08283
33.4890,0.17334,0.00307,-1.33917,-2.00798,-3.42078,0.08283
33.5121,0.17334,0.00307,-1.33763,-1.98344,-3.40697,0.08283
33.5391,0.17334,0.00307,-1.33610,-1.95122,-3.40390,0.08283
33.5624,0.17334,0.00307,-1.33610,-1.92975,-3.42691,0.08283
33.5854,0.17334,0.00307,-1.33917,-1.92208,-3.46066,0.08283
33.6093,0.17334,0.00307,-1.34070,-1.91748,-3.48520,0.08283
33.6337,0.17334,0.00307,-1.34223,-1.91287,-3.50361,0.08283
33.6561,0.17334,0.00307,-1.34223,-1.90981,-3.51282,0.08283
33.6787,0.17181,0.00307,-1.34223,-1.89600,-3.51895,0.08283
33.7033,0.17181,0.00307,-1.34223,-1.87606,-3.52816,0.08283
33.7270,0.17181,0.00307,-1.34223,-1.85765,-3.53736,0.08283
33.7508,0.17181,0.00307,-1.33917,-1.84078,-3.55117,0.08283
33.7733,0.17181,0.00307,-1.33610,-1.82237,-3.55884,0.08283
33.7965,0.17181,0.00307,-1.33150,-1.80243,-3.56037,0.08283
33.8199,0.17181,0.00307,-1.32689,-1.77635,-3.55577,0.08283
33.8440,0.17181,0.00307,-1.32383,-1.75181,-3.55423,0.08283
33.8686,0.17334,0.00307,-1.31616,-1.73033,-3.55577,0.08283
33.8913,0.17487,0.00307,-1.31002,-1.71806,-3.56190,0.08283
33.9163,0.17487,0.00307,-1.30388,-1.71039,-3.56190,0.08283
33.9396,0.17487,0.00307,-1.29621,-1.70272,-3.55423,0.08283
33.9610,0.17487,0.00307,-1.28854,-1.69965,-3.55117,0.08283
33.9854,0.17487,0.00307,-1.28241,-1.69351,-3.55117,0.08283
34.0083,0.17487,0.00307,-1.27627,-1.68431,-3.54963,0.08283
34.0309,0.17641,0.00307,-1.27320,-1.67664,-3.54656,0.08283
34.0536,0.17948,0.00307,-1.26707,-1.67051,-3.53583,0.08283
34.0765,0.18408,0.00307,-1.25940,-1.66897,-3.51588,0.08283
34.1030,0.18868,0.00307,-1.25173,-1.65823,-3.49134,0.08283
34.1251,0.19175,0.00307,-1.24866,-1.63983,-3.47447,0.08283
34.1466,0.19482,0.00307,-1.24559,-1.61682,-3.45606,0.08283
34.1710,0.20095,0.00307,-1.24252,-1.59687,-3.44225,0.08283
34.1944,0.20402,0.00307,-1.23946,-1.57847,-3.44072,0.08283
34.2172,0.20555,0.00307,-1.23792,-1.55392,-3.44379,0.08283
34.2413,0.20709,0.00307,-1.23946,-1.51557,-3.43765,0.08283
34.2701,0.20862,0.00307,-1.24099,-1.46495,-3.43152,0.08283
34.2931,0.21016,0.00307,-1.24252,-1.42967,-3.43612,0.08283
34.3192,0.21016,0.00307,-1.24559,-1.38518,-3.44685,0.08283
34.3429,0.21016,0.00307,-1.24866,-1.34530,-3.46219,0.08283
34.3647,0.21016,0.00307,-1.24866,-1.31309,-3.48674,0.08283
34.3883,0.21169,0.00307,-1.24866,-1.28701,-3.53122,0.08283
34.4105,0.21169,0.00307,-1.24713,-1.26247,-3.56497,0.08283
34.4368,0.21169,0.00307,-1.24559,-1.22718,-3.59412,0.08283
34.4593,0.21169,0.00307,-1.24252,-1.19957,-3.62633,0.08283
34.4862,0.21169,0.00307,-1.23639,-1.17656,-3.64781,0.08283
34.5099,0.21169,0.00307,-1.23179,-1.15509,-3.65087,0.08283
34.5371,0.21169,0.00307,-1.22872,-1.12594,-3.62480,0.08283
34.5602,0.21322,0.00307,-1.22565,-1.10753,-3.58952,0.08283
34.5842,0.21322,0.00307,-1.22105,-1.08606,-3.56651,0.08283
34.6058,0.21322,0.00307,-1.21798,-1.06765,-3.56037,0.08283
34.6283,0.21629,0.00307,-1.21645,-1.05078,-3.55270,0.08283
34.6544,0.21783,0.00307,-1.21645,-1.02163,-3.54350,0.08283
34.6764,0.21783,0.00307,-1.21798,-0.99095,-3.52969,0.08283
34.7029,0.21783,0.00307,-1.21951,-0.96027,-3.52202,0.08283
34.7264,0.21783,0.00307,-1.22105,-0.93266,-3.51895,0.08283
34.7523,0.21783,0.00307,-1.22412,-0.89278,-3.50821,0.08283
34.7756,0.21783,0.00307,-1.22718,-0.85443,-3.48981,0.08283
34.7982,0.21783,0.00307,-1.23025,-0.81915,-3.47753,0.08283
34.8197,0.21783,0.00307,-1.23025,-0.78847,-3.46986,0.08283
34.8425,0.21783,0.00307,-1.23179,-0.75625,-3.46373,0.08283
34.8671,0.21783,0.00307,-1.23179,-0.72097,-3.46219,0.08283
34.8908,0.21783,0.00307,-1.23179,-0.68876,-3.47293,0.08283
34.9139,0.21783,0.00307,-1.23332,-0.64887,-3.48367,0.08283
34.9393,0.21783,0.00307,-1.23485,-0.60285,-3.49441,0.08283
34.9621,0.21783,0.00307,-1.23639,-0.55377,-3.50054,0.08283
34.9880,0.21783,0.00307,-1.23946,-0.50008,-3.50515,0.08283
35.0111,0.21783,0.00307,-1.24252,-0.45406,-3.50668,0.08283
35.0342,0.21783,0.00460,-1.24406,-0.41111,-3.50975,0.08283
35.0585,0.21783,0.00460,-1.24559,-0.36509,-3.51282,0.08283
35.0815,0.21783,0.00460,-1.24713,-0.31600,-3.51282,0.08283
35.1036,0.21783,0.00460,-1.24866,-0.27305,-3.51588,0.08283
35.1288,0.21783,0.00460,-1.24866,-0.22856,-3.51588,0.08283
35.1536,0.21783,0.00460,-1.25019,-0.18868,-3.51742,0.08283
35.1772,0.21629,0.00460,-1.25019,-0.15647,-3.52049,0.08283
35.2015,0.21629,0.00460,-1.25019,-0.12272,-3.52816,0.08283
35.2255,0.21629,0.00460,-1.24713,-0.09511,-3.52969,0.08283
35.2486,0.21629,0.00460,-1.24559,-0.06596,-3.52662,0.08283
35.2721,0.21629,0.00460,-1.24559,-0.03068,-3.52662,0.08283
35.2953,0.21629,0.00460,-1.24866,0.00920,-3.53122,0.08283
35.3182,0.21629,0.00460,-1.25326,0.04449,-3.53276,0.08437
35.3424,0.21629,0.00460,-1.25940,0.08283,-3.53429,0.08897
35.3671,0.21629,0.00460,-1.26707,0.12118,-3.52969,0.09357
35.3904,0.21629,0.00460,-1.27320,0.15493,-3.52816,0.09664
35.4130,0.21629,0.00460,-1.27627,0.18715,-3.53122,0.10124
35.4374,0.21629,0.00460,-1.28087,0.21629,-3.53276,0.10584
35.4600,0.21629,0.00460,-1.28394,0.24083,-3.53276,0.11351
35.4841,0.21476,0.00460,-1.28548,0.26078,-3.52662,0.12118
35.5058,0.21476,0.00460,-1.28854,0.28072,-3.52509,0.12579
35.5283,0.21476,0.00460,-1.29008,0.30373,-3.52969,0.13192
35.5554,0.21476,0.00460,-1.29315,0.33287,-3.53122,0.14113
35.5776,0.21476,0.00460,-1.29621,0.35435,-3.52969,0.14880
35.6024,0.21476,0.00460,-1.30388,0.38656,-3.52662,0.15647
35.6247,0.21476,0.00460,-1.30849,0.41724,-3.52355,0.16567
35.6489,0.21322,0.00460,-1.31462,0.44946,-3.52202,0.17334
35.6705,0.21322,0.00460,-1.31922,0.47860,-3.52202,0.18254
35.6949,0.21169,0.00460,-1.32383,0.51235,-3.52202,0.19328
35.7188,0.21016,0.00460,-1.32689,0.54456,-3.52202,0.20402
35.7423,0.20862,0.00460,-1.32996,0.57371,-3.51895,0.21476
35.7656,0.20709,0.00460,-1.33150,0.60132,-3.51588,0.22703
35.7887,0.20555,0.00460,-1.33303,0.62586,-3.51588,0.23777
35.8110,0.20402,0.00460,-1.33303,0.65041,-3.51435,0.25157
35.8371,0.20249,0.00460,-1.33303,0.67649,-3.51128,0.26845
35.8605,0.19942,0.00460,-1.33303,0.69489,-3.50515,0.28379
35.8829,0.19788,0.00460,-1.33303,0.71637,-3.50361,0.29759
35.9057,0.19788,0.00460,-1.33303,0.73631,-3.50361,0.31447
35.9279,0.19635,0.00307,-1.33150,0.75625,-3.50208,0.32827
35.9531,0.19482,0.00307,-1.33150,0.78386,-3.50054,0.34668
35.9763,0.19328,0.00307,-1.32996,0.80994,-3.49441,0.36049
35.9997,0.19175,0.00307,-1.32996,0.83449,-3.48827,0.37122
36.0223,0.19021,0.00307,-1.32996,0.85750,-3.48367,0.38043
36.0441,0.18868,0.00307,-1.32996,0.87897,-3.47907,0.38963
36.0696,0.18868,0.00307,-1.32843,0.90351,-3.47293,0.40344
36.0929,0.18715,0.00307,-1.32689,0.92346,-3.46986,0.42031
36.1157,0.18715,0.00307,-1.32689,0.94340,-3.46833,0.43872
36.1416,0.18561,0.00307,-1.32689,0.96487,-3.46680,0.46019
36.1669,0.18561,0.00307,-1.32536,0.98482,-3.46526,0.48474
36.1896,0.18408,0.00307,-1.32536,1.00169,-3.46373,0.50468
36.2124,0.18254,0.00307,-1.32536,1.01856,-3.46066,0.52462
36.2380,0.18254,0.00307,-1.32536,1.03850,-3.45606,0.54763
36.2662,0.18254,0.00307,-1.32536,1.05845,-3.44992,0.57064
36.2944,0.18254,0.00307,-1.32536,1.07992,-3.44532,0.59365
36.3218,0.18254,0.00307,-1.32843,1.10140,-3.44072,0.61359
36.3463,0.18254,0.00307,-1.33150,1.11674,-3.43458,0.63047
36.3722,0.18254,0.00307,-1.33303,1.13515,-3.43305,0.65041
36.3971,0.18254,0.00307,-1.33610,1.14742,-3.43305,0.67035
36.4306,0.18254,0.00307,-1.33917,1.16122,-3.43305,0.69796
36.4570,0.18254,0.00307,-1.34070,1.17196,-3.43305,0.71944
36.4813,0.18254,0.00307,-1.34223,1.17810,-3.43458,0.74091
36.5053,0.18254,0.00307,-1.34223,1.18270,-3.43458,0.75472
36.5293,0.18101,0.00307,-1.34223,1.18884,-3.43458,0.77006
36.5527,0.17794,0.00307,-1.34223,1.19344,-3.43458,0.78693
36.5746,0.17641,0.00307,-1.34070,1.19957,-3.43765,0.80381
36.6000,0.17487,0.00307,-1.34070,1.20417,-3.44072,0.82068
36.6229,0.17334,0.00307,-1.33917,1.21031,-3.44072,0.83602
36.6462,0.17181,0.00307,-1.33917,1.21491,-3.44072,0.85289
36.6689,0.17181,0.00307,-1.33917,1.21951,-3.43918,0.86823
36.6940,0.17181,0.00307,-1.33763,1.22412,-3.43765,0.88664
36.7188,0.17181,0.00307,-1.33763,1.22872,-3.43765,0.90351
36.7415,0.17181,0.00307,-1.33763,1.23332,-3.43458,0.91885
36.7668,0.17181,0.00307,-1.33610,1.23639,-3.43305,0.93726
36.7888,0.17181,0.00307,-1.33456,1.23946,-3.43152,0.95260
36.8115,0.17181,0.00307,-1.33303,1.24252,-3.42845,0.96487
36.8378,0.17181,0.00307,-1.33303,1.24713,-3.42385,0.98175
36.8603,0.17181,0.00307,-1.33303,1.25326,-3.42078,0.99555
36.8843,0.17181,0.00307,-1.33150,1.25633,-3.41618,1.01243
36.9092,0.17181,0.00307,-1.32996,1.26093,-3.41311,1.02623
36.9324,0.17181,0.00307,-1.32996,1.26707,-3.41004,1.04157
36.9541,0.17181,0.00307,-1.32689,1.26860,-3.40851,1.05538
36.9760,0.17181,0.00307,-1.32536,1.27167,-3.40851,1.06765
37.0000,0.17181,0.00307,-1.32536,1.27320,-3.40851,1.08146
37.0221,0.17181,0.00307,-1.32383,1.27474,-3.40851,1.09219
37.0443,0.17181,0.00307,-1.32229,1.27627,-3.40697,1.10293
37.0700,0.17181,0.00307,-1.32076,1.27781,-3.40697,1.11520
37.0939,0.17181,0.00307,-1.31922,1.28087,-3.40697,1.12441
37.1185,0.17181,0.00307,-1.31922,1.28241,-3.40697,1.13515
37.1423,0.17181,0.00307,-1.31922,1.28548,-3.40851,1.14435
37.1663,0.17181,0.00307,-1.31922,1.28548,-3.40851,1.15509
37.1905,0.17181,0.00307,-1.31769,1.28701,-3.40851,1.16583
37.2156,0.17181,0.00307,-1.31616,1.28701,-3.40697,1.17656
37.2389,0.17181,0.00307,-1.31462,1.28701,-3.40544,1.18577
37.2628,0.17181,0.00307,-1.31462,1.28548,-3.40390,1.19190
37.2876,0.17181,0.00307,-1.31462,1.28394,-3.40237,1.20264
37.3102,0.17181,0.00307,-1.31462,1.28087,-3.40237,1.21338
37.3324,0.17181,0.00307,-1.31462,1.27627,-3.40084,1.22258
37.3566,0.17181,0.00307,-1.31309,1.26860,-3.40084,1.23332
37.3789,0.17181,0.00307,-1.31155,1.25940,-3.40084,1.24406
37.4023,0.17181,0.00307,-1.30849,1.24713,-3.40084,1.25480
37.4258,0.17181,0.00307,-1.30542,1.23179,-3.40084,1.26707
37.4517,0.17181,0.00307,-1.30082,1.20878,-3.40390,1.27934
37.4734,0.17181,0.00307,-1.29468,1.18577,-3.40697,1.29161
37.4990,0.17334,0.00307,-1.28854,1.15662,-3.41157,1.30388
37.5230,0.17487,0.00307,-1.28241,1.12748,-3.41771,1.31462
37.5473,0.17641,0.00307,-1.27627,1.09833,-3.42385,1.32689
37.5686,0.17641,0.00307,-1.27014,1.07072,-3.42845,1.33456
37.5925,0.17641,0.00307,-1.26247,1.04004,-3.43458,1.34377
37.6170,0.17794,0.00307,-1.25940,1.01243,-3.43918,1.35297
37.6387,0.17794,0.00307,-1.25633,0.98942,-3.44225,1.36217
37.6640,0.17794,0.00307,-1.25480,0.96487,-3.44379,1.37445
37.6868,0.17794,0.00307,-1.25173,0.94340,-3.44685,1.38518
37.7103,0.17794,0.00307,-1.25173,0.92039,-3.44992,1.39746
37.7331,0.17794,0.00307,-1.25173,0.90045,-3.45452,1.40666
37.7567,0.17641,0.00307,-1.25173,0.87744,-3.46066,1.42047
37.7791,0.17641,0.00307,-1.25173,0.85289,-3.46833,1.43274
37.8023,0.17641,0.00307,-1.25173,0.82835,-3.47753,1.44348
37.8265,0.17641,0.00307,-1.25173,0.80227,-3.48827,1.45882
37.8521,0.17641,0.00307,-1.25173,0.77159,-3.49594,1.47262
37.8760,0.17641,0.00307,-1.25173,0.74551,-3.50361,1.48489
37.9008,0.17641,0.00307,-1.25173,0.71023,-3.51282,1.50330
37.9240,0.17641,0.00307,-1.25173,0.67802,-3.52049,1.50944
37.9469,0.17641,0.00307,-1.25019,0.64274,-3.52662,1.50944
37.9701,0.17641,0.00307,-1.24866,0.60899,-3.52969,1.50944
37.9936,0.17641,0.00307,-1.24559,0.57371,-3.53276,1.50944
38.0156,0.17641,0.00307,-1.24099,0.53383,-3.53736,1.50944
38.0381,0.17641,0.00307,-1.23485,0.48781,-3.54196,1.50944
38.0610,0.17641,0.00307,-1.22718,0.44639,-3.54656,1.50944
38.0846,0.17641,0.00307,-1.22105,0.40497,-3.54810,1.50944
38.1079,0.17641,0.00307,-1.21491,0.36049,-3.55270,1.50944
38.1313,0.17641,0.00307,-1.20724,0.31600,-3.56037,1.50944
38.1537,0.17641,0.00307,-1.20111,0.27765,-3.56497,1.50944
38.1769,0.17794,0.00307,-1.19344,0.23777,-3.56497,1.50944
38.2033,0.17794,0.00307,-1.18730,0.19328,-3.56037,1.50944
38.2266,0.17794,0.00307,-1.18270,0.15953,-3.56190,1.50944
38.2532,0.17794,0.00307,-1.17963,0.12579,-3.56344,1.51097
38.2765,0.17794,0.00307,-1.17810,0.09817,-3.56344,1.51097
38.2993,0.17794,0.00307,-1.17656,0.07363,-3.56037,1.51097
38.3255,0.17794,0.00307,-1.17656,0.04449,-3.55730,1.51097
38.3509,0.17794,0.00307,-1.17503,0.01534,-3.55730,1.51097
38.3745,0.17794,0.00307,-1.17350,-0.01227,-3.55577,1.51097
38.3970,0.17794,0.00307,-1.17196,-0.03988,-3.55423,1.51097
38.4218,0.17794,0.00307,-1.17196,-0.06596,-3.55270,1.51097
38.4446,0.17794,0.00307,-1.17043,-0.09357,-3.55270,1.51097
38.4686,0.17794,0.00307,-1.16889,-0.12425,-3.55270,1.51097
38.4914,0.17794,0.00307,-1.16736,-0.15186,-3.54963,1.51097
38.5178,0.17948,0.00307,-1.16583,-0.18408,-3.54503,1.51097
38.5398,0.17948,0.00307,-1.16429,-0.21016,-3.54196,1.51097
38.5634,0.17948,0.00307,-1.16276,-0.24083,-3.53889,1.51097
38.5873,0.17948,0.00307,-1.16276,-0.26691,-3.53736,1.51097
38.6112,0.17948,0.00307,-1.16122,-0.29452,-3.53736,1.51097
38.6325,0.17948,0.00307,-1.15969,-0.31907,-3.53736,1.51097
38.6550,0.17948,0.00307,-1.15969,-0.34515,-3.53583,1.51097
38.6776,0.17948,0.00307,-1.15816,-0.36969,-3.53429,1.51097
38.7024,0.17948,0.00307,-1.15816,-0.39730,-3.53276,1.51097
38.7259,0.17948,0.00307,-1.15816,-0.42184,-3.52969,1.51097
38.7534,0.17948,0.00307,-1.15662,-0.45559,-3.52509,1.51097
38.7765,0.17794,0.00307,-1.15509,-0.48167,-3.51895,1.51097
38.8025,0.17794,0.00307,-1.15509,-0.51082,-3.51128,1.51097
38.8269,0.17794,0.00307,-1.15355,-0.52922,-3.50668,1.51097
38.8517,0.17794,0.00307,-1.15202,-0.54610,-3.50361,1.51097
38.8741,0.17794,0.00307,-1.15202,-0.55530,-3.50054,1.51097
38.8978,0.17794,0.00307,-1.14895,-0.56297,-3.49748,1.51097
38.9201,0.17794,0.00307,-1.14588,-0.56757,-3.49441,1.51097
38.9427,0.17794,0.00307,-1.14435,-0.57371,-3.49134,1.51097
38.9678,0.17794,0.00307,-1.14282,-0.57678,-3.48981,1.51097
38.9914,0.17794,0.00307,-1.14128,-0.57831,-3.48981,1.51097
39.0141,0.17794,0.00307,-1.14128,-0.57984,-3.48981,1.51097
39.0363,0.17794,0.00307,-1.13821,-0.57984,-3.48981,1.51097
39.0598,0.17948,0.00307,-1.13821,-0.57984,-3.48981,1.51097
39.0836,0.17948,0.00307,-1.13821,-0.57984,-3.48981,1.51097
39.1063,0.17948,0.00307,-1.13821,-0.57984,-3.49134,1.51097
39.1285,0.17641,0.00307,-1.13821,-0.57984,-3.49134,1.51097
39.1531,0.17487,0.00307,-1.13515,-0.58138,-3.48827,1.51097
39.1767,0.17334,0.00307,-1.13361,-0.58138,-3.48520,1.51097
39.1986,0.17334,0.00307,-1.13361,-0.58138,-3.48520,1.51097
39.2219,0.17334,0.00307,-1.13361,-0.58138,-3.48674,1.51097
39.2452,0.17334,0.00307,-1.13361,-0.58291,-3.48674,1.51097
39.2695,0.17334,0.00307,-1.13208,-0.58598,-3.48674,1.51097
39.2920,0.17334,0.00307,-1.13054,-0.58751,-3.48674,1.51097
39.3185,0.17334,0.00307,-1.13054,-0.58905,-3.48827,1.51097
39.3411,0.17334,0.00307,-1.13208,-0.58905,-3.48981,1.51097
39.3661,0.17334,0.00307,-1.13515,-0.58905,-3.49287,1.51097
39.3883,0.17334,0.00307,-1.13668,-0.58905,-3.49134,1.51097
39.4110,0.17334,0.00307,-1.13668,-0.58905,-3.48981,1.51097
39.4370,0.17334,0.00307,-1.13668,-0.58905,-3.48981,1.51097
39.4599,0.17334,0.00307,-1.13668,-0.59058,-3.48981,1.51097
39.4860,0.17334,0.00307,-1.13821,-0.59058,-3.48981,1.51097
39.5086,0.17334,0.00307,-1.13821,-0.59058,-3.48981,1.51097
39.5298,0.17334,0.00307,-1.14128,-0.59058,-3.48981,1.51097
39.5543,0.17334,0.00307,-1.14128,-0.59058,-3.49287,1.51097
39.5771,0.17334,0.00307,-1.14282,-0.59058,-3.49594,1.51097
39.6033,0.17334,0.00307,-1.14282,-0.59058,-3.49748,1.51097
39.6259,0.17334,0.00307,-1.14282,-0.59212,-3.50208,1.51097
39.6493,0.17334,0.00307,-1.14282,-0.59212,-3.50975,1.51097
39.6727,0.17334,0.00307,-1.14282,-0.59365,-3.51742,1.51097
39.6961,0.17334,0.00307,-1.14282,-0.59518,-3.52816,1.51097
39.7186,0.17334,0.00307,-1.14282,-0.59672,-3.54350,1.51097
39.7417,0.17334,0.00307,-1.14282,-0.59672,-3.55884,1.51097
39.7667,0.17334,0.00307,-1.14435,-0.59672,-3.58031,1.51097
39.7894,0.17334,0.00307,-1.14435,-0.59979,-3.59565,1.51097
39.8120,0.17334,0.00307,-1.14435,-0.60132,-3.60639,1.51097
39.8362,0.17334,0.00307,-1.14282,-0.60285,-3.62633,1.51097
39.8600,0.17334,0.00307,-1.14282,-0.60899,-3.65241,1.51097
39.8828,0.17181,0.00307,-1.14282,-0.61513,-3.68002,1.51097
39.9069,0.17181,0.00307,-1.14282,-0.61819,-3.71223,1.51097
39.9322,0.17181,0.00307,-1.14282,-0.62126,-3.74445,1.51097
39.9546,0.17181,0.00307,-1.14435,-0.62126,-3.77206,1.51097
39.9764,0.17181,0.00307,-1.14435,-0.62433,-3.80274,1.51097
40.0028,0.17181,0.00307,-1.14742,-0.62586,-3.84569,1.51097
40.0263,0.17181,0.00307,-1.14895,-0.62586,-3.88864,1.51097
40.0524,0.17181,0.00307,-1.14895,-0.62740,-3.93466,1.51097
40.0753,0.17181,0.00307,-1.14895,-0.62893,-3.97761,1.51097
40.0985,0.17181,0.00307,-1.14895,-0.62893,-4.02210,1.51097
40.1226,0.17181,0.00307,-1.14895,-0.63047,-4.06812,1.51097
40.1450,0.17181,0.00307,-1.14895,-0.63200,-4.11567,1.51097
40.1693,0.17181,0.00307,-1.15049,-0.63200,-4.16936,1.51097
40.1929,0.17181,0.00307,-1.15049,-0.63200,-4.22305,1.51097
40.2201,0.17181,0.00307,-1.15049,-0.63200,-4.28441,1.51097
40.2426,0.17181,0.00307,-1.15202,-0.63200,-4.33503,1.51097
40.2680,0.17181,0.00307,-1.15355,-0.63200,-4.39485,1.51097
40.2911,0.17181,0.00307,-1.15355,-0.63200,-4.44854,1.51097
40.3148,0.17181,0.00307,-1.15509,-0.63200,-4.50223,1.51097
40.3378,0.17181,0.00307,-1.15816,-0.63200,-4.54825,1.51097
40.3618,0.17181,0.00307,-1.15969,-0.63200,-4.59581,1.51097
40.3865,0.17181,0.00307,-1.15969,-0.63200,-4.64336,1.51097
40.4083,0.17181,0.00307,-1.15969,-0.63047,-4.68631,1.51097
40.4356,0.17181,0.00307,-1.15816,-0.63047,-4.72466,1.51097
40.4578,0.17181,0.00307,-1.15662,-0.63047,-4.71392,1.51097
40.4814,0.17181,0.00307,-1.15509,-0.63047,-4.71085,1.51097
40.5036,0.17181,0.00307,-1.15355,-0.62893,-4.70779,1.51097
40.5251,0.17181,0.00307,-1.15355,-0.62893,-4.70472,1.51097
40.5513,0.17181,0.00307,-1.15049,-0.62893,-4.70932,1.51097
40.5742,0.17181,0.00307,-1.14895,-0.62893,-4.70932,1.51097
40.6009,0.17181,0.00307,-1.14742,-0.62740,-4.71239,1.51097
40.6238,0.17181,0.00307,-1.14435,-0.62740,-4.70625,1.51097
40.6493,0.17181,0.00307,-1.14282,-0.62740,-4.71239,1.51097
40.6717,0.17181,0.00307,-1.14282,-0.62740,-4.70932,1.51097
40.6949,0.17181,0.00307,-1.14128,-0.62740,-4.71546,1.51097
40.7169,0.17181,0.00307,-1.14128,-0.62740,-4.71852,1.51097
40.7409,0.17181,0.00307,-1.14128,-0.62740,-4.72466,1.51097
40.7670,0.17181,0.00307,-1.14128,-0.62740,-4.72773,1.51097
40.7896,0.17181,0.00307,-1.14128,-0.62740,-4.71852,1.51097
40.8115,0.17181,0.00307,-1.14128,-0.62740,-4.72006,1.51097
40.8366,0.17181,0.00307,-1.14128,-0.62740,-4.72313,1.51097
40.8592,0.17181,0.00307,-1.14128,-0.62740,-4.71699,1.51097
40.8812,0.17181,0.00307,-1.14128,-0.62740,-4.70932,1.51097
40.9041,0.17181,0.00307,-1.14128,-0.62740,-4.71085,1.51097
40.9266,0.17181,0.00307,-1.14128,-0.62893,-4.71239,1.51097
40.9514,0.17181,0.00307,-1.14128,-0.62893,-4.71699,1.51097
40.9752,0.17181,0.00307,-1.13821,-0.62893,-4.71546,1.51097
41.0014,0.17181,0.00307,-1.13821,-0.62893,-4.71699,1.51097
41.0235,0.17181,0.00307,-1.13821,-0.62893,-4.70319,1.51097
41.0476,0.17181,0.00307,-1.13668,-0.62893,-4.70625,1.51097
41.0706,0.17181,0.00307,-1.13515,-0.62893,-4.70779,1.51097
41.0933,0.17181,0.00307,-1.13515,-0.62893,-4.70625,1.51097
41.1163,0.17181,0.00307,-1.13515,-0.62893,-4.70779,1.51097
41.1391,0.17181,0.00307,-1.13515,-0.62893,-4.71085,1.51097
41.1622,0.17181,0.00307,-1.13515,-0.63047,-4.70932,1.51097
41.1857,0.17181,0.00307,-1.13668,-0.63047,-4.70472,1.51097
41.2088,0.17181,0.00307,-1.13821,-0.63047,-4.70472,1.51097
41.2350,0.17181,0.00307,-1.13821,-0.63047,-4.70625,1.51097
41.2564,0.17181,0.00307,-1.14128,-0.63047,-4.69705,1.51097
41.2785,0.17181,0.00307,-1.14128,-0.63047,-4.69091,1.51097
41.3033,0.17181,0.00307,-1.13821,-0.63047,-4.68324,1.51097
41.3266,0.17181,0.00307,-1.13668,-0.63047,-4.67711,1.51097
41.3495,0.17181,0.00307,-1.13668,-0.63047,-4.66790,1.51097
41.3729,0.17334,0.00307,-1.13668,-0.63047,-4.64336,1.51097
41.3951,0.17334,0.00307,-1.13668,-0.63047,-4.60808,1.51097
41.4186,0.17334,0.00307,-1.13668,-0.63047,-4.56359,1.51097
41.4414,0.17334,0.00307,-1.13515,-0.63047,-4.52064,1.51097
41.4647,0.17334,0.00307,-1.13208,-0.63047,-4.47462,1.51097
41.4890,0.17334,0.00307,-1.12901,-0.63047,-4.42860,1.51097
41.5124,0.17334,0.00307,-1.12594,-0.63047,-4.38412,1.51097
41.5344,0.17334,0.00307,-1.12594,-0.63200,-4.34730,1.51097
41.5570,0.17334,0.00307,-1.12594,-0.63353,-4.31662,1.51097
41.5851,0.17181,0.00307,-1.12594,-0.63507,-4.29821,1.51097
41.6081,0.17181,0.00307,-1.12594,-0.63507,-4.29668,1.51097
41.6319,0.17181,0.00307,-1.12441,-0.63507,-4.29361,1.51097
41.6556,0.17181,0.00460,-1.12441,-0.63507,-4.27827,1.51097
41.6788,0.17181,0.00460,-1.12287,-0.63507,-4.25066,1.51097
41.7002,0.17181,0.00460,-1.12134,-0.63507,-4.20924,1.51097
41.7236,0.17181,0.00460,-1.11981,-0.63507,-4.16936,1.51097
41.7476,0.17181,0.00460,-1.11827,-0.63507,-4.12181,1.51097
41.7694,0.17181,0.00460,-1.11674,-0.63507,-4.08192,1.51097
41.7940,0.17181,0.00460,-1.11520,-0.63507,-4.04664,1.51097
41.8177,0.17181,0.00460,-1.11367,-0.63507,-4.00676,1.51097
41.8404,0.17181,0.00460,-1.11214,-0.63507,-3.96227,1.51097
41.8646,0.17181,0.00460,-1.11060,-0.63507,-3.91625,1.51097
41.8880,0.17181,0.00460,-1.11060,-0.63507,-3.87637,1.51097
41.9099,0.17181,0.00460,-1.10907,-0.63507,-3.83342,1.51097
41.9355,0.17334,0.00460,-1.10907,-0.63507,-3.78280,1.51097
41.9578,0.17334,0.00460,-1.10907,-0.63507,-3.73831,1.51097
41.9824,0.17334,0.00460,-1.10907,-0.63507,-3.69076,1.51097
42.0063,0.17334,0.00460,-1.10907,-0.63507,-3.64320,1.51097
42.0299,0.17334,0.00460,-1.10907,-0.63507,-3.57418,1.51097
42.0823,0.17334,0.00460,-1.10907,-0.63507,-3.45299,1.51097
42.1154,0.17334,0.00460,-1.10753,-0.63507,-3.39470,1.51097
42.1384,0.17334,0.00460,-1.10600,-0.63507,-3.33334,1.51097
42.1758,0.17334,0.00460,-1.09986,-0.63507,-3.18454,1.51097
42.2219,0.17334,0.00460,-1.09373,-0.63507,-3.07563,1.51097
42.2588,0.17334,0.00460,-1.09066,-0.63507,-3.01274,1.51097
42.2854,0.17334,0.00460,-1.08759,-0.63507,-2.95445,1.51097
42.3079,0.17334,0.00460,-1.08606,-0.63507,-2.90536,1.51097
42.3327,0.17181,0.00460,-1.08299,-0.63507,-2.85627,1.51097
42.3570,0.17181,0.00460,-1.08146,-0.63660,-2.81792,1.51097
42.3847,0.17181,0.00460,-1.08146,-0.63660,-2.78264,1.51097
42.4069,0.17181,0.00460,-1.08146,-0.63967,-2.75656,1.51097
42.4301,0.17181,0.00460,-1.08146,-0.64274,-2.73509,1.51097
42.4529,0.17181,0.00460,-1.08146,-0.64734,-2.71361,1.51097
42.4762,0.17181,0.00460,-1.08299,-0.65348,-2.69367,1.51097
42.4991,0.17181,0.00460,-1.08452,-0.65961,-2.67986,1.51097
42.5242,0.17181,0.00460,-1.08606,-0.66575,-2.67066,1.51097
42.5500,0.17181,0.00460,-1.08759,-0.67649,-2.65225,1.51097
42.5740,0.17181,0.00460,-1.08759,-0.68262,-2.62618,1.51097
42.5995,0.17181,0.00460,-1.08759,-0.68722,-2.59550,1.51097
42.6222,0.17181,0.00460,-1.08759,-0.68876,-2.56175,1.51097
42.6489,0.17181,0.00460,-1.08606,-0.69029,-2.51113,1.51097
42.6733,0.17181,0.00460,-1.08606,-0.69183,-2.45284,1.51097
42.6979,0.17181,0.00460,-1.08606,-0.69489,-2.38381,1.51097
42.7223,0.17181,0.00460,-1.08759,-0.69643,-2.30711,1.51097
42.7482,0.17181,0.00460,-1.09219,-0.69796,-2.21507,1.51097
42.7714,0.17181,0.00460,-1.09373,-0.69796,-2.12917,1.51097
42.7949,0.17181,0.00460,-1.09680,-0.69950,-2.05553,1.51097
42.8245,0.17181,0.00460,-1.09680,-0.70717,-1.97730,1.51097
42.8500,0.17181,0.00460,-1.09680,-0.71637,-1.92054,1.51097
42.8738,0.17181,0.00460,-1.09526,-0.72404,-1.88373,1.51097
42.8989,0.17181,0.00460,-1.09373,-0.73017,-1.84078,1.51097
42.9209,0.17181,0.00460,-1.09373,-0.73478,-1.80703,1.51097
42.9458,0.17181,0.00460,-1.09066,-0.74245,-1.77942,1.51097
42.9701,0.17181,0.00460,-1.08759,-0.75318,-1.75334,1.51097
42.9940,0.17181,0.00460,-1.08606,-0.75779,-1.71652,1.51097
43.0169,0.17181,0.00460,-1.08299,-0.76085,-1.67664,1.51097
43.0405,0.17181,0.00460,-1.07839,-0.76699,-1.63062,1.51097
43.0675,0.17181,0.00460,-1.07379,-0.78080,-1.59227,1.51097
43.0902,0.17181,0.00460,-1.07225,-0.78847,-1.56313,1.51097
43.1134,0.17181,0.00460,-1.07072,-0.79153,-1.53091,1.51097
43.1358,0.17181,0.00460,-1.07072,-0.79307,-1.50177,1.51097
43.1577,0.17181,0.00460,-1.07072,-0.79460,-1.46955,1.51097
43.1844,0.17181,0.00460,-1.07225,-0.79614,-1.42660,1.51097
43.2074,0.17181,0.00460,-1.07532,-0.79614,-1.39132,1.51097
43.2331,0.17181,0.00460,-1.07839,-0.79614,-1.34684,1.51097
43.2563,0.17181,0.00460,-1.07992,-0.79614,-1.30695,1.51097
43.2811,0.17794,0.00460,-1.08452,-0.79614,-1.25786,1.51097
43.3047,0.18715,0.00460,-1.08759,-0.79614,-1.21798,1.51097
43.3286,0.18868,0.00460,-1.08913,-0.79614,-1.18117,1.51097
43.3515,0.18868,0.00460,-1.09219,-0.79614,-1.15202,1.51097
43.3743,0.18868,0.00460,-1.09219,-0.79614,-1.12134,1.51097
43.3994,0.18868,0.00460,-1.09219,-0.79614,-1.08299,1.51097
43.4231,0.18868,0.00460,-1.09219,-0.79614,-1.04924,1.51097
43.4453,0.18868,0.00460,-1.09219,-0.79614,-1.01703,1.51097
43.4680,0.18868,0.00460,-1.09219,-0.79614,-0.98328,1.51097
43.4898,0.18868,0.00460,-1.09219,-0.79614,-0.94493,1.51097
43.5139,0.18868,0.00460,-1.09373,-0.79614,-0.89891,1.51097
43.5367,0.18868,0.00460,-1.09373,-0.79614,-0.85289,1.51097
43.5591,0.18868,0.00460,-1.09373,-0.79614,-0.82528,1.51097
43.5830,0.18868,0.00460,-1.09373,-0.79614,-0.80841,1.51097
43.6064,0.18868,0.00460,-1.09373,-0.79614,-0.77926,1.51097
43.6300,0.18868,0.00460,-1.09219,-0.79614,-0.74091,1.51097
43.6530,0.18868,0.00460,-1.08913,-0.79614,-0.71330,1.51097
43.6750,0.18868,0.00460,-1.08759,-0.79767,-0.69643,1.51097
43.6996,0.18868,0.00460,-1.08452,-0.79767,-0.68416,1.51097
43.7216,0.18868,0.00460,-1.08299,-0.79767,-0.67188,1.51097
43.7431,0.18868,0.00460,-1.08299,-0.79767,-0.65348,1.51097
43.7689,0.18868,0.00460,-1.08299,-0.79767,-0.63507,1.51097
43.7922,0.19021,0.00460,-1.08146,-0.79767,-0.62586,1.51097
43.8180,0.19021,0.00460,-1.08146,-0.79767,-0.61973,1.51097
43.8397,0.19021,0.00614,-1.08146,-0.79767,-0.61052,1.51097
43.8655,0.19021,0.00614,-1.08452,-0.79767,-0.59365,1.51097
43.8886,0.19021,0.00614,-1.08759,-0.79767,-0.58445,1.51097
43.9118,0.19021,0.00614,-1.09066,-0.79767,-0.57524,1.51097
43.9353,0.19021,0.00614,-1.09066,-0.79767,-0.56757,1.51097
43.9589,0.19021,0.00614,-1.09066,-0.79767,-0.55837,1.51097
43.9842,0.19021,0.00614,-1.09066,-0.79767,-0.54917,1.51097
44.0068,0.19021,0.00614,-1.09066,-0.79767,-0.53996,1.51097
44.0331,0.19021,0.00614,-1.09219,-0.79767,-0.53229,1.51097
44.0562,0.19021,0.00614,-1.09219,-0.79767,-0.52616,1.51097
44.0803,0.19021,0.00614,-1.09219,-0.79767,-0.51849,1.51097
44.1036,0.19021,0.00614,-1.09219,-0.79767,-0.50928,1.51097
44.1269,0.19021,0.00614,-1.09219,-0.79767,-0.50161,1.51097
44.1501,0.19021,0.00614,-1.09219,-0.79767,-0.49701,1.51097
44.1747,0.19021,0.00614,-1.09219,-0.79767,-0.49241,1.51097
44.1992,0.19021,0.00614,-1.09219,-0.79767,-0.49087,1.51097
44.2209,0.19021,0.00614,-1.09219,-0.79767,-0.48627,1.51097
44.2461,0.19021,0.00614,-1.09219,-0.80074,-0.47860,1.51097
44.2700,0.19021,0.00614,-1.09219,-0.80227,-0.47400,1.51097
44.2929,0.19021,0.00614,-1.09373,-0.80534,-0.47400,1.51097
44.3152,0.19021,0.00614,-1.09373,-0.80534,-0.47400,1.51097
44.3381,0.19021,0.00614,-1.09373,-0.80534,-0.47093,1.51097
44.3628,0.19021,0.00614,-1.09373,-0.80534,-0.46940,1.51097
44.3856,0.19021,0.00614,-1.09373,-0.80534,-0.46940,1.51097
44.4079,0.19021,0.00614,-1.09373,-0.80534,-0.46940,1.51097
44.4332,0.19021,0.00614,-1.09219,-0.80534,-0.47247,1.51097
44.4554,0.19021,0.00614,-1.09066,-0.80687,-0.47860,1.51097
44.4774,0.19021,0.00614,-1.08759,-0.80687,-0.48781,1.51097
44.5010,0.19021,0.00614,-1.08606,-0.80687,-0.49394,1.51097
44.5249,0.19021,0.00614,-1.08452,-0.80687,-0.50008,1.51097
44.5510,0.19021,0.00614,-1.08146,-0.80687,-0.51235,1.51097
44.5744,0.19021,0.00614,-1.07839,-0.80841,-0.52462,1.51097
44.6005,0.19021,0.00614,-1.07532,-0.80841,-0.53996,1.51097
44.6244,0.19175,0.00614,-1.07225,-0.80841,-0.55684,1.51097
44.6463,0.19175,0.00614,-1.06918,-0.80994,-0.57831,1.51097
44.6706,0.19175,0.00614,-1.06765,-0.80994,-0.60132,1.51097
44.6934,0.19175,0.00614,-1.06612,-0.80994,-0.62280,1.51097
44.7190,0.19175,0.00614,-1.06458,-0.80994,-0.64581,1.51097
44.7426,0.19175,0.00614,-1.06305,-0.81148,-0.66728,1.51097
44.7689,0.19175,0.00614,-1.06151,-0.81454,-0.69950,1.51097
44.7923,0.19175,0.00614,-1.05998,-0.81608,-0.73171,1.51097
44.8178,0.19175,0.00614,-1.05845,-0.81915,-0.77006,1.51097
44.8407,0.19175,0.00614,-1.05538,-0.82221,-0.80227,1.51097
44.8671,0.19175,0.00614,-1.05384,-0.82528,-0.84983,1.51097
44.8910,0.19175,0.00614,-1.05078,-0.82835,-0.89584,1.51097
44.9129,0.19175,0.00614,-1.04924,-0.82988,-0.94647,1.51097
44.9360,0.19175,0.00614,-1.04771,-0.83142,-1.00169,1.51097
44.9585,0.19175,0.00614,-1.04617,-0.83142,-1.05998,1.51097
44.9858,0.19175,0.00614,-1.04311,-0.83142,-1.14282,1.51097
45.0089,0.19175,0.00614,-1.04004,-0.83142,-1.20724,1.51097
45.0337,0.19175,0.00614,-1.03390,-0.83142,-1.27320,1.51097
45.0565,0.19175,0.00614,-1.03084,-0.83142,-1.34530,1.51097
45.0801,0.19175,0.00614,-1.02777,-0.83142,-1.41126,1.51097
45.1037,0.19328,0.00614,-1.02470,-0.83142,-1.48029,1.51097
45.1272,0.19328,0.00614,-1.02317,-0.83142,-1.54472,1.51097
45.1498,0.19328,0.00614,-1.02317,-0.83142,-1.59381,1.51097
45.1733,0.19328,0.00614,-1.02163,-0.83142,-1.65056,1.51097
45.1973,0.19328,0.00614,-1.02163,-0.83142,-1.70885,1.51097
45.2190,0.19328,0.00614,-1.02163,-0.83142,-1.75334,1.51097
45.2436,0.19328,0.00614,-1.02163,-0.83142,-1.79936,1.51097
45.2665,0.19328,0.00614,-1.02163,-0.83142,-1.83924,1.51097
45.2911,0.19328,0.00614,-1.02163,-0.83142,-1.88373,1.51097
45.3166,0.19328,0.00614,-1.02163,-0.83142,-1.92821,1.51097
45.3394,0.19328,0.00614,-1.02317,-0.83142,-1.95276,1.51097
45.3649,0.19175,0.00614,-1.02317,-0.83142,-1.96656,1.51097
45.3872,0.19175,0.00614,-1.02317,-0.83142,-1.98344,1.51097
45.4086,0.19175,0.00614,-1.02317,-0.83142,-2.00338,1.51097
45.4344,0.19175,0.00614,-1.02317,-0.83142,-2.01565,1.51097
45.4572,0.19175,0.00614,-1.02317,-0.83142,-2.01565,1.51097
45.4848,0.19175,0.00614,-1.02163,-0.83142,-2.02332,1.51097
45.5087,0.19175,0.00614,-1.02163,-0.83142,-2.03866,1.51097
45.5321,0.19175,0.00614,-1.02163,-0.83142,-2.05860,1.51097
45.5564,0.19175,0.00614,-1.02010,-0.83142,-2.07394,1.51097
45.5810,0.19175,0.00614,-1.01856,-0.83142,-2.08928,1.51097
45.6042,0.19328,0.00614,-1.01856,-0.83142,-2.11689,1.51097
45.6269,0.19328,0.00614,-1.01856,-0.83295,-2.14757,1.51097
45.6539,0.19328,0.00614,-1.01856,-0.84062,-2.18132,1.51097
45.6785,0.19328,0.00614,-1.01703,-0.84522,-2.21200,1.51097
45.7015,0.19328,0.00614,-1.01703,-0.85289,-2.25188,1.51097
45.7247,0.19328,0.00614,-1.01396,-0.86210,-2.30864,1.51097
45.7482,0.19482,0.00614,-1.00936,-0.87590,-2.37000,1.51097
45.7733,0.19482,0.00614,-1.00783,-0.88971,-2.43443,1.51097
45.7977,0.19482,0.00614,-1.00476,-0.90658,-2.49732,1.51097
45.8216,0.19482,0.00614,-1.00169,-0.92346,-2.55561,1.51097
45.8473,0.19482,0.00614,-1.00016,-0.94186,-2.60317,1.51097
45.8701,0.19482,0.00614,-1.00016,-0.95567,-2.63691,1.51097
45.8937,0.19482,0.00614,-1.00016,-0.96641,-2.66606,1.51097
45.9184,0.19482,0.00614,-1.00016,-0.97561,-2.67986,1.51097
45.9411,0.19482,0.00614,-1.00016,-0.98175,-2.68447,1.51097
45.9670,0.19482,0.00614,-1.00016,-0.98482,-2.67680,1.51097
45.9904,0.19482,0.00614,-1.00016,-0.98482,-2.66759,1.51097
46.0122,0.19482,0.00614,-1.00016,-0.98482,-2.65685,1.51097
46.0353,0.19328,0.00614,-1.00016,-0.98482,-2.64458,1.51097
46.0588,0.19328,0.00614,-0.99862,-0.98482,-2.63078,1.51097
46.0831,0.19328,0.00614,-0.99709,-0.98482,-2.62004,1.51097
46.1072,0.19328,0.00614,-0.99709,-0.98482,-2.61237,1.51097
46.1331,0.19328,0.00614,-0.99555,-0.98482,-2.60623,1.51097
46.1571,0.19328,0.00614,-0.99402,-0.98482,-2.60317,1.51097
46.1828,0.19328,0.00614,-0.99249,-0.98482,-2.60163,1.51097
46.2058,0.19328,0.00614,-0.99249,-0.98482,-2.59856,1.51097
46.2279,0.19328,0.00614,-0.99249,-0.98482,-2.59396,1.51097
46.2502,0.19328,0.00614,-0.99249,-0.98482,-2.59396,1.51097
46.2734,0.19328,0.00614,-0.99249,-0.98482,-2.59089,1.51097
46.3002,0.19328,0.00614,-0.99249,-0.98482,-2.59089,1.51097
46.3233,0.19328,0.00614,-0.99249,-0.98482,-2.59396,1.51097
46.3488,0.19328,0.00614,-0.99249,-0.98482,-2.59550,1.51097
46.3724,0.19328,0.00614,-0.99249,-0.98482,-2.59550,1.51097
46.3964,0.19328,0.00614,-0.99249,-0.98482,-2.59550,1.51097
46.4198,0.19328,0.00614,-0.99249,-0.98482,-2.59550,1.51097
46.4440,0.19328,0.00614,-0.99095,-0.98482,-2.59243,1.51097
46.4669,0.19328,0.00614,-0.98942,-0.98482,-2.58783,1.51097
46.4891,0.19328,0.00614,-0.98942,-0.98635,-2.57709,1.51097
46.5151,0.19328,0.00614,-0.98942,-0.98635,-2.56328,1.51097
46.5383,0.19328,0.00614,-0.98942,-0.98788,-2.54948,1.51097
46.5620,0.19482,0.00614,-0.98942,-0.98788,-2.53414,1.51097
46.5840,0.19482,0.00614,-0.98942,-0.98788,-2.52186,1.51097
46.6080,0.19482,0.00614,-0.98942,-0.98788,-2.50652,1.51097
46.6326,0.19482,0.00614,-0.99095,-0.98788,-2.48198,1.51097
46.6545,0.19482,0.00614,-0.99249,-0.98788,-2.46051,1.51097
46.6791,0.19482,0.00614,-0.99249,-0.98788,-2.43289,1.51097
46.7029,0.19482,0.00614,-0.99402,-0.98788,-2.40528,1.51097
46.7255,0.19482,0.00614,-0.99402,-0.98788,-2.37460,1.51097
46.7476,0.19482,0.00614,-0.99402,-0.98788,-2.34392,1.51097
46.7694,0.19482,0.00614,-0.99402,-0.98788,-2.31631,1.51097
46.7921,0.19482,0.00614,-0.99555,-0.98788,-2.29330,1.51097
46.8180,0.19482,0.00614,-0.99555,-0.98788,-2.26722,1.51097
46.8417,0.19482,0.00614,-0.99555,-0.98788,-2.23961,1.51097
46.8672,0.19482,0.00614,-0.99555,-0.98788,-2.20740,1.51097
46.8894,0.19482,0.00614,-0.99555,-0.98788,-2.18132,1.51097
46.9166,0.19482,0.00614,-0.99402,-0.98788,-2.16598,1.51097
46.9408,0.19482,0.00614,-0.99249,-0.98788,-2.16138,1.51097
46.9662,0.19482,0.00614,-0.99095,-0.98788,-2.16751,1.51097
46.9904,0.19482,0.00614,-0.99095,-0.98942,-2.17825,1.51097
47.0122,0.19482,0.00614,-0.99095,-0.99095,-2.18439,1.51097
47.0365,0.19482,0.00614,-0.99095,-0.99249,-2.21200,1.51097
47.0595,0.19482,0.00614,-0.99095,-0.99249,-2.24268,1.51097
47.0824,0.19482,0.00614,-0.99095,-0.99555,-2.27643,1.51097
47.1057,0.19482,0.00614,-0.99249,-0.99862,-2.30864,1.51097
47.1306,0.19482,0.00614,-0.99249,-1.00169,-2.33625,1.51097
47.1536,0.19482,0.00614,-0.99095,-1.00322,-2.35619,1.51097
47.1808,0.19482,0.00614,-0.98942,-1.00936,-2.37767,1.51097
47.2039,0.19482,0.00614,-0.98942,-1.01243,-2.39301,1.51097
47.2256,0.19482,0.00614,-0.98788,-1.01550,-2.40375,1.51097
47.2478,0.19482,0.00614,-0.98635,-1.01703,-2.41142,1.51097
47.2721,0.19482,0.00614,-0.98482,-1.01856,-2.42062,1.51097
47.2979,0.19482,0.00614,-0.98482,-1.01856,-2.43289,1.51097
47.3217,0.19482,0.00614,-0.98328,-1.02010,-2.44823,1.51097
47.3465,0.19482,0.00614,-0.98175,-1.02163,-2.46204,1.51097
47.3708,0.19482,0.00614,-0.98021,-1.02163,-2.47431,1.51097
47.3973,0.19482,0.00614,-0.97868,-1.02317,-2.48351,1.51097
47.4199,0.19482,0.00614,-0.97868,-1.02317,-2.48812,1.51097
47.4416,0.19482,0.00614,-0.97715,-1.02317,-2.48812,1.51097
47.4679,0.19482,0.00614,-0.97715,-1.02317,-2.48812,1.51097
47.4905,0.19482,0.00614,-0.97715,-1.02317,-2.48045,1.51097
47.5132,0.19482,0.00614,-0.97561,-1.02317,-2.47278,1.51097
47.5356,0.19482,0.00614,-0.97561,-1.02470,-2.46664,1.51097
47.5589,0.19482,0.00614,-0.97561,-1.02470,-2.46051,1.51097
47.5854,0.19482,0.00614,-0.97561,-1.02777,-2.45590,1.51097
47.6080,0.19482,0.00614,-0.97408,-1.02930,-2.45130,1.51097
47.6336,0.19482,0.00614,-0.97408,-1.02930,-2.44977,1.51097
47.6557,0.19482,0.00614,-0.97408,-1.03084,-2.44977,1.51097
47.6827,0.19482,0.00614,-0.97408,-1.03237,-2.44977,1.51097
47.7059,0.19482,0.00614,-0.97408,-1.03237,-2.45130,1.51097
47.7331,0.19482,0.00614,-0.97408,-1.03544,-2.45130,1.51097
47.7557,0.19482,0.00614,-0.97408,-1.03544,-2.45130,1.51097
47.7800,0.19482,0.00614,-0.97408,-1.03697,-2.45130,1.51097
47.8024,0.19482,0.00614,-0.97408,-1.04157,-2.44977,1.51097
47.8245,0.19482,0.00614,-0.97254,-1.04464,-2.44670,1.51097
47.8471,0.19482,0.00614,-0.97101,-1.04771,-2.44517,1.51097
47.8709,0.19482,0.00614,-0.96948,-1.05078,-2.44363,1.51097
47.8972,0.19482,0.00614,-0.96794,-1.05384,-2.44210,1.51097
47.9195,0.19482,0.00614,-0.96794,-1.05845,-2.44210,1.51097
47.9415,0.19482,0.00614,-0.96794,-1.05998,-2.44210,1.51097
47.9674,0.19482,0.00614,-0.96641,-1.05998,-2.44056,1.51097
47.9897,0.19482,0.00614,-0.96641,-1.06151,-2.43903,1.51097
48.0160,0.19482,0.00614,-0.96641,-1.06151,-2.43750,1.51097
48.0400,0.19482,0.00614,-0.96794,-1.06305,-2.43750,1.51097
48.0648,0.19482,0.00614,-0.96794,-1.06305,-2.43750,1.51097
48.0877,0.19482,0.00614,-0.96794,-1.06305,-2.43750,1.51097
48.1150,0.19482,0.00614,-0.96948,-1.06458,-2.43596,1.51097
48.1394,0.19482,0.00614,-0.96948,-1.06765,-2.43136,1.51097
48.1631,0.19482,0.00614,-0.96948,-1.07379,-2.42522,1.51097
48.1875,0.19328,0.00614,-0.96948,-1.07992,-2.41909,1.51097
48.2124,0.19328,0.00614,-0.96794,-1.08759,-2.41295,1.51097
48.2360,0.19328,0.00614,-0.96487,-1.09986,-2.40682,1.51097
48.2585,0.19328,0.00614,-0.96027,-1.11981,-2.39915,1.51097
48.2854,0.19175,0.00614,-0.95107,-1.14742,-2.38687,1.51097
48.3088,0.19175,0.00614,-0.94186,-1.17656,-2.37767,1.51097
48.3308,0.19175,0.00614,-0.93113,-1.20724,-2.36847,1.51097
48.3555,0.19175,0.00614,-0.91732,-1.24406,-2.36540,1.51097
48.3809,0.19175,0.00614,-0.90045,-1.27781,-2.34852,1.51097
48.4042,0.19175,0.00614,-0.88511,-1.31002,-2.33779,1.51097
48.4277,0.19175,0.00614,-0.87130,-1.34377,-2.33012,1.51097
48.4512,0.19175,0.00614,-0.85903,-1.37291,-2.32398,1.51097
48.4742,0.19175,0.00614,-0.84676,-1.39439,-2.32091,1.51097
48.5006,0.19175,0.00614,-0.83449,-1.42047,-2.31631,1.51097
48.5240,0.19175,0.00614,-0.82221,-1.44654,-2.31171,1.51097
48.5466,0.19175,0.00614,-0.80994,-1.46955,-2.30864,1.51097
48.5690,0.19175,0.00614,-0.79920,-1.48796,-2.30711,1.51097
48.5923,0.19175,0.00614,-0.79000,-1.50330,-2.30251,1.51097
48.6156,0.19175,0.00614,-0.77926,-1.52017,-2.29637,1.51097
48.6388,0.19175,0.00614,-0.76852,-1.53551,-2.29637,1.51097
48.6645,0.19175,0.00614,-0.75625,-1.55239,-2.29637,1.51097
48.6872,0.19175,0.00614,-0.74551,-1.56773,-2.29484,1.51097
48.7098,0.19175,0.00614,-0.73324,-1.58307,-2.29177,1.51097
48.7320,0.19175,0.00614,-0.72097,-1.60148,-2.28870,1.51097
48.7550,0.19175,0.00614,-0.70870,-1.61988,-2.28717,1.51097
48.7782,0.19175,0.00614,-0.69489,-1.63983,-2.28410,1.51097
48.8007,0.19175,0.00614,-0.68109,-1.65670,-2.27950,1.51097
48.8215,0.19175,0.00614,-0.66728,-1.67511,-2.27489,1.51097
48.8468,0.19175,0.00614,-0.65041,-1.69658,-2.26876,1.51097
48.8702,0.19175,0.00614,-0.63507,-1.71959,-2.26262,1.51097
48.8956,0.19175,0.00614,-0.61513,-1.74260,-2.25495,1.51097
48.9214,0.19175,0.00614,-0.59825,-1.76254,-2.24728,1.51097
48.9446,0.19175,0.00614,-0.58138,-1.78249,-2.24115,1.51097
48.9665,0.19175,0.00614,-0.56757,-1.80089,-2.23961,1.51097
48.9894,0.19175,0.00614,-0.55223,-1.82084,-2.23808,1.51097
49.0137,0.19175,0.00614,-0.53689,-1.84078,-2.23348,1.51097
49.0377,0.19175,0.00614,-0.52002,-1.86072,-2.23194,1.51097
49.0633,0.19175,0.00614,-0.50161,-1.88219,-2.23194,1.51097
49.0864,0.19175,0.00614,-0.48781,-1.90060,-2.23041,1.51097
49.1102,0.19175,0.00614,-0.47247,-1.91901,-2.22734,1.51097
49.1334,0.19175,0.00614,-0.45559,-1.94202,-2.22581,1.51097
49.1592,0.19175,0.00614,-0.43718,-1.96196,-2.22427,1.51097
49.1819,0.19175,0.00614,-0.42031,-1.98497,-2.22120,1.51097
49.2068,0.19175,0.00614,-0.40037,-2.01105,-2.21814,1.51097
49.2344,0.19175,0.00614,-0.37889,-2.03713,-2.21200,1.51097
49.2580,0.19175,0.00614,-0.36049,-2.06014,-2.20126,1.51097
49.2841,0.19175,0.00614,-0.34054,-2.08468,-2.19206,1.51097
49.3071,0.19175,0.00614,-0.32367,-2.10462,-2.18746,1.51097
49.3316,0.19175,0.00614,-0.30833,-2.12456,-2.18746,1.51097
49.3555,0.19175,0.00614,-0.29146,-2.14451,-2.18285,1.51097
49.3808,0.19021,0.00614,-0.27765,-2.15831,-2.17672,1.51097
49.4044,0.19021,0.00614,-0.26691,-2.16905,-2.16598,1.51097
49.4275,0.19021,0.00614,-0.25617,-2.17979,-2.15831,1.51097
49.4514,0.19021,0.00614,-0.24237,-2.19052,-2.15831,1.51097
49.4743,0.19021,0.00614,-0.23163,-2.20280,-2.15831,1.51097
49.4971,0.19021,0.00614,-0.21936,-2.21967,-2.15678,1.51097
49.5202,0.19021,0.00614,-0.20402,-2.24115,-2.15678,1.51097
49.5433,0.19021,0.00614,-0.19021,-2.26109,-2.15524,1.51097
49.5693,0.19021,0.00614,-0.17334,-2.28410,-2.15524,1.51097
49.5937,0.19021,0.00614,-0.15953,-2.30404,-2.15678,1.51097
49.6182,0.19021,0.00614,-0.14726,-2.32091,-2.15678,1.51097
49.6437,0.19021,0.00614,-0.13652,-2.33318,-2.15984,1.51097
49.6680,0.19021,0.00614,-0.12579,-2.34392,-2.16138,1.51097
49.6917,0.19021,0.00614,-0.11658,-2.35313,-2.16138,1.51097
49.7153,0.19021,0.00614,-0.10738,-2.36386,-2.16291,1.51097
49.7393,0.19021,0.00614,-0.09664,-2.37460,-2.16291,1.51097
49.7645,0.19021,0.00614,-0.08437,-2.38994,-2.16291,1.51097
49.7880,0.19021,0.00614,-0.07210,-2.40375,-2.16445,1.51097
49.8111,0.19021,0.00614,-0.05829,-2.42216,-2.16598,1.51097
49.8344,0.19021,0.00614,-0.04449,-2.44210,-2.17058,1.51097
49.8574,0.19021,0.00614,-0.03221,-2.45744,-2.17518,1.51097
49.8814,0.19021,0.00614,-0.02148,-2.46818,-2.17518,1.51097
49.9038,0.19021,0.00614,-0.01994,-2.47124,-2.17672,1.51097
49.9279,0.19021,0.00614,-0.01994,-2.47124,-2.17672,1.51097
49.9511,0.19021,0.00460,-0.01994,-2.47124,-2.17672,1.51097
49.9741,0.18868,0.00460,-0.01841,-2.47124,-2.17825,1.51097
49.9955,0.18715,0.00460,-0.01841,-2.47431,-2.17825,1.51097
50.0191,0.18715,0.00460,-0.01687,-2.48198,-2.17672,1.51097
50.0437,0.18715,0.00460,-0.01534,-2.49579,-2.17672,1.51097
50.0658,0.18715,0.00460,-0.01227,-2.50499,-2.17672,1.51097
50.0900,0.18408,0.00460,0.00000,-2.50499,-2.17825,1.51097
50.1145,0.18408,0.00614,0.00000,-2.50499,-2.17979,1.51097
50.1368,0.18408,0.00614,0.00000,-2.50499,-2.18132,1.51097
50.1628,0.18715,0.00460,0.00000,-2.50499,-2.17979,1.51097
50.1855,0.19021,0.00460,0.00000,-2.50499,-2.17825,1.51097
50.2078,0.19021,0.00460,0.00000,-2.50499,-2.17365,1.51097
50.2302,0.19021,0.00460,0.00000,-2.50499,-2.16905,1.51097
50.2541,0.19021,0.00460,0.00000,-2.50499,-2.16598,1.51097
50.2804,0.19021,0.00460,0.00000,-2.50499,-2.16138,1.51097
50.3045,0.19175,0.00307,0.00000,-2.50499,-2.15831,1.51097
50.3309,0.19175,0.00153,0.00000,-2.50499,-2.15371,1.51097
50.3543,0.19635,0.00153,0.00000,-2.50499,-2.15064,1.51097
50.3764,0.19635,0.00153,0.00000,-2.50499,-2.14604,1.51097
50.4014,0.19635,0.00153,0.00000,-2.50499,-2.13990,1.51097
50.4233,0.19482,0.00153,0.00000,-2.50499,-2.13837,1.51097
50.4470,0.19482,0.00153,0.00000,-2.50499,-2.13837,1.51097
50.4709,0.19482,0.00153,0.00000,-2.50499,-2.14144,1.51097
50.4946,0.19482,0.00153,0.00000,-2.50499,-2.14144,1.51097
50.5174,0.19482,0.00153,0.00000,-2.50499,-2.14451,1.51097
50.5399,0.19482,0.00153,0.00000,-2.50499,-2.15064,1.51097
50.5678,0.19482,0.00153,0.00000,-2.50499,-2.15678,1.51097
50.5913,0.19482,0.00153,0.00000,-2.50499,-2.15984,1.51097
50.6140,0.19482,0.00153,0.00000,-2.50499,-2.16138,1.51097
50.6383,0.19482,0.00153,0.00000,-2.50499,-2.16138,1.51097
50.6649,0.19482,0.00153,0.00000,-2.50499,-2.15831,1.51097
50.6879,0.19482,0.00153,0.00000,-2.50499,-2.15678,1.51097
50.7133,0.19482,0.00153,0.00000,-2.50499,-2.15678,1.51557
50.7363,0.19482,0.00153,0.00000,-2.50499,-2.15064,1.52784
50.7584,0.19482,0.00153,0.00000,-2.50499,-2.14757,1.52784
50.7834,0.19482,0.00153,0.00000,-2.50499,-2.14144,1.52784
50.8061,0.19482,0.00153,0.00000,-2.50499,-2.13837,1.52784
50.8293,0.19482,0.00153,0.00000,-2.50499,-2.13684,1.52784
50.8540,0.19482,0.00153,0.00000,-2.50499,-2.13684,1.52784
50.8782,0.19482,0.00153,0.00000,-2.50499,-2.13684,1.52784
50.9008,0.19482,0.00153,0.00000,-2.50499,-2.13684,1.52784
50.9257,0.19482,0.00153,0.00000,-2.50499,-2.13837,1.52784
50.9486,0.19482,0.00153,0.00000,-2.50499,-2.14144,1.52784
50.9711,0.19482,0.00153,0.00000,-2.50499,-2.14451,1.52784
50.9976,0.19482,0.00153,0.00000,-2.50499,-2.14757,1.52324
51.0212,0.19482,0.00153,0.00000,-2.50499,-2.15218,1.52478
51.0468,0.19482,0.00153,0.00000,-2.50499,-2.15371,1.48643
51.0707,0.19482,0.00153,0.00000,-2.50499,-2.15218,1.42660
51.0947,0.19328,0.00153,0.00000,-2.50499,-2.15218,1.36831
51.1177,0.19328,0.00153,0.00000,-2.50499,-2.15064,1.31616
51.1405,0.19328,0.00153,0.00000,-2.50499,-2.14604,1.26247
51.1656,0.19328,0.00153,0.00000,-2.50499,-2.14144,1.19651
51.1890,0.19328,0.00153,0.00000,-2.50499,-2.13837,1.12594
51.2149,0.19328,0.00153,0.00000,-2.50499,-2.13530,1.04617
51.2373,0.19328,0.00153,0.00000,-2.50499,-2.13223,0.97868
51.2640,0.19328,0.00153,0.00000,-2.50499,-2.13070,0.90505
51.2880,0.19328,0.00153,0.00000,-2.50499,-2.13070,0.83449
51.3108,0.19328,0.00153,0.00000,-2.50499,-2.13070,0.76546
51.3342,0.19328,0.00153,0.00000,-2.50499,-2.13070,0.69950
51.3578,0.19328,0.00153,0.00000,-2.50499,-2.13223,0.64427
51.3828,0.19328,0.00153,0.00000,-2.50499,-2.13377,0.57984
51.4055,0.19328,0.00153,0.00000,-2.50499,-2.13377,0.52616
51.4313,0.19328,0.00153,0.00000,-2.50499,-2.13223,0.46326
51.4566,0.19328,0.00153,0.00000,-2.50499,-2.13223,0.42184
51.4809,0.19328,0.00000,0.00000,-2.50499,-2.13070,0.37736
51.5042,0.19328,0.00000,0.00000,-2.50499,-2.12763,0.33594
51.5301,0.19175,0.00000,0.00000,-2.50499,-2.12150,0.29299
51.5524,0.19175,0.00000,0.00000,-2.50499,-2.11843,0.25771
51.5788,0.19175,0.00000,0.00000,-2.50499,-2.11229,0.20555
51.6014,0.19175,0.00000,0.00000,-2.50499,-2.10616,0.15800
51.6236,0.19021,0.00000,0.00000,-2.50499,-2.10309,0.11198
51.6493,0.19021,0.00000,0.00000,-2.50499,-2.10309,0.08283
51.6715,0.19021,0.00000,0.00000,-2.50499,-2.10309,0.08283
51.6939,0.19021,0.00000,0.00000,-2.50499,-2.10309,0.08283
51.7176,0.19021,0.00000,0.00000,-2.50499,-2.10922,0.08283
51.7400,0.19021,0.00000,0.00000,-2.50499,-2.11229,0.08283
51.7658,0.19021,0.00000,0.00000,-2.50499,-2.11383,0.08283
51.7881,0.19021,0.00000,0.00000,-2.50499,-2.11536,0.08283
51.8119,0.19021,0.00000,0.00000,-2.50499,-2.11689,0.08283
51.8357,0.19021,0.00000,0.00000,-2.50499,-2.11843,0.08283
51.8594,0.19021,0.00000,0.00000,-2.50499,-2.11996,0.08283
51.8826,0.19021,0.00000,0.00000,-2.50499,-2.11996,0.08283
51.9060,0.19021,0.00000,0.00000,-2.50499,-2.11996,0.08283
51.9325,0.19021,0.00000,0.00000,-2.50499,-2.12150,0.08283
51.9543,0.19021,0.00000,0.00000,-2.50499,-2.12303,0.08283
51.9800,0.19021,0.00000,0.00000,-2.50499,-2.12456,0.08283
52.0035,0.19021,0.00000,0.00000,-2.50499,-2.12456,0.08437
52.0271,0.19021,0.00000,0.00000,-2.50499,-2.12763,0.10278
52.0505,0.19021,0.00000,0.00000,-2.50499,-2.12917,0.11965
52.0731,0.19021,0.00000,0.00000,-2.50499,-2.13070,0.13499
52.0974,0.19021,0.00000,0.00000,-2.50499,-2.13223,0.15647
52.1206,0.19021,0.00000,0.00000,-2.50499,-2.13223,0.18715
52.1485,0.19021,0.00000,0.00000,-2.50499,-2.13223,0.23010
52.1710,0.19021,0.00000,0.00000,-2.50499,-2.13377,0.26231
52.1950,0.19021,0.00000,0.00000,-2.50499,-2.13377,0.30526
52.2192,0.19021,0.00000,0.00000,-2.50499,-2.13530,0.35895
52.2417,0.19021,0.00000,0.00000,-2.50499,-2.13530,0.42184
52.2666,0.19021,0.00000,0.00000,-2.50499,-2.13684,0.47400
52.2898,0.19021,0.00000,0.00000,-2.50499,-2.13837,0.51849
52.3130,0.19021,0.00000,0.00000,-2.50499,-2.13990,0.58138
52.3386,0.19021,0.00000,0.00000,-2.50499,-2.14144,0.65961
52.3629,0.19021,0.00000,0.00000,-2.50499,-2.14297,0.73938
52.3846,0.19021,0.00000,0.00000,-2.50499,-2.14297,0.79767
52.4067,0.19021,0.00000,0.00000,-2.50499,-2.14297,0.85596
52.4329,0.19021,0.00000,0.00000,-2.50499,-2.14297,0.92346
52.4553,0.19021,0.00000,0.00000,-2.50499,-2.14297,0.99402
52.4799,0.19021,0.00000,0.00000,-2.50499,-2.14451,1.05998
52.5027,0.19021,0.00000,0.00000,-2.50499,-2.14297,1.11367
52.5246,0.19021,0.00000,0.00000,-2.50499,-2.13990,1.16276
52.5503,0.19021,0.00000,0.00000,-2.50499,-2.13530,1.21798
52.5724,0.19021,0.00000,0.00000,-2.50499,-2.13070,1.27167
52.5996,0.19021,0.00000,0.00000,-2.50499,-2.12763,1.34377
52.6227,0.19021,0.00000,0.00000,-2.50499,-2.12610,1.40359
52.6463,0.19021,0.00000,0.00000,-2.50499,-2.12456,1.45728
52.6701,0.19021,0.00000,0.00000,-2.50499,-2.12150,1.50637
52.6947,0.19021,0.00000,0.00000,-2.50499,-2.11996,1.52784
52.7169,0.19021,0.00000,0.00000,-2.50499,-2.11843,1.52784
52.7391,0.19021,0.00000,0.00000,-2.50499,-2.11536,1.52784
52.7659,0.19021,0.00000,0.00000,-2.50499,-2.11229,1.52784
52.7902,0.19021,0.00000,0.00000,-2.50499,-2.10922,1.52784
52.8125,0.18868,0.00000,0.00000,-2.50499,-2.10769,1.52784
52.8359,0.18868,0.00000,0.00000,-2.50499,-2.10616,1.52784
52.8597,0.18868,0.00000,0.00000,-2.50499,-2.10462,1.52784
52.8813,0.18868,0.00000,0.00000,-2.50499,-2.10462,1.52784
52.9034,0.18868,0.00000,0.00000,-2.50499,-2.10616,1.52784
52.9283,0.18868,0.00000,0.00000,-2.50499,-2.10769,1.52784
52.9508,0.18868,0.00000,0.00000,-2.50499,-2.10922,1.52784
52.9743,0.18868,0.00000,0.00000,-2.50499,-2.10922,1.52784
52.9979,0.18868,0.00000,0.00000,-2.50499,-2.11229,1.52784
53.0201,0.18868,0.00000,0.00000,-2.50499,-2.11383,1.52784
53.0458,0.18868,0.00000,0.00000,-2.50499,-2.11689,1.52784
53.0697,0.18868,0.00000,0.00000,-2.50499,-2.11843,1.52784
53.0929,0.18868,0.00000,0.00000,-2.50499,-2.11996,1.52784
53.1143,0.18868,0.00000,0.00000,-2.50499,-2.11996,1.52784
53.1363,0.18868,0.00000,0.00000,-2.50499,-2.11996,1.52784
53.1604,0.18868,0.00000,0.00000,-2.50499,-2.11996,1.51251
53.1825,0.18868,0.00000,0.00000,-2.50499,-2.12150,1.49256
53.2065,0.18868,0.00000,0.00000,-2.50499,-2.12303,1.47109
53.2325,0.18868,0.00000,0.00000,-2.50499,-2.12303,1.43120
53.2551,0.18868,0.00000,0.00000,-2.50499,-2.11996,1.38672
53.2815,0.18868,0.00000,0.00000,-2.50499,-2.11843,1.34223
53.3047,0.18868,0.00000,0.00000,-2.50499,-2.11843,1.30849
53.3282,0.18868,0.00000,0.00000,-2.50499,-2.12150,1.27167
53.3527,0.18868,0.00000,0.00000,-2.50499,-2.12763,1.22872
53.3767,0.18868,0.00000,0.00000,-2.50499,-2.13223,1.18730
53.3993,0.18868,0.00000,0.00000,-2.50499,-2.13530,1.14282
53.4244,0.18868,0.00000,0.00000,-2.50499,-2.13990,1.08759
53.4479,0.18868,0.00000,0.00000,-2.50499,-2.14451,1.04464
53.4712,0.19021,0.00000,0.00000,-2.50499,-2.15218,1.00476
53.4936,0.19021,0.00000,0.00000,-2.50499,-2.15984,0.96181
53.5161,0.19021,0.00000,0.00000,-2.50499,-2.16751,0.91885
53.5392,0.19021,0.00000,0.00000,-2.50499,-2.17365,0.86670
53.5650,0.19021,0.00000,0.00000,-2.50499,-2.17825,0.80534
53.5875,0.19021,0.00000,0.00000,-2.50499,-2.18285,0.76392
53.6151,0.19021,0.00000,0.00000,-2.50499,-2.18746,0.72250
53.6382,0.19021,0.00000,0.00000,-2.50499,-2.19206,0.68876
53.6629,0.19021,0.00000,0.00000,-2.50499,-2.19819,0.63660
53.6867,0.19021,0.00000,0.00000,-2.50499,-2.20280,0.57984
53.7106,0.19021,0.00000,0.00000,-2.50499,-2.20586,0.52922
53.7351,0.19021,0.00000,0.00000,-2.50499,-2.21353,0.47553
53.7606,0.19021,0.00000,0.00000,-2.50499,-2.22120,0.42184
53.7838,0.19021,0.00000,0.00000,-2.50499,-2.23194,0.37276
53.8056,0.19021,0.00000,0.00000,-2.50499,-2.24421,0.33134
53.8315,0.19021,0.00000,0.00000,-2.50499,-2.25955,0.26998
53.8554,0.19021,0.00000,0.00000,-2.50499,-2.27183,0.21169
53.8768,0.19021,0.00000,0.00000,-2.50499,-2.27643,0.15800
53.9006,0.19021,0.00000,0.00000,-2.50499,-2.27489,0.11505
53.9230,0.19021,0.00000,0.00000,-2.50499,-2.26569,0.08744
53.9468,0.19021,0.00000,0.00000,-2.50499,-2.25188,0.08283
53.9711,0.19021,0.00000,0.00000,-2.50499,-2.23501,0.08283
53.9974,0.19021,0.00000,0.00000,-2.50499,-2.21660,0.08283
54.0207,0.19021,0.00000,0.00000,-2.50499,-2.20126,0.08283
54.0462,0.19021,0.00000,0.00000,-2.50499,-2.18746,0.08283
54.0689,0.19021,0.00000,0.00000,-2.50499,-2.17672,0.08283
54.0935,0.19021,0.00000,0.00000,-2.50499,-2.16751,0.08283
54.1169,0.19021,0.00000,0.00000,-2.50499,-2.15984,0.08283
54.1394,0.19021,0.00000,0.00000,-2.50499,-2.15371,0.08283
54.1655,0.19021,0.00000,0.00000,-2.50499,-2.14757,0.08283
54.1892,0.19021,0.00000,0.00000,-2.50499,-2.14297,0.08283
54.2128,0.19021,0.00000,0.00000,-2.50499,-2.14144,0.08283
54.2359,0.19021,0.00000,0.00000,-2.50499,-2.13990,0.08283
54.2600,0.19021,0.00000,0.00000,-2.50499,-2.13837,0.08283
54.2841,0.19021,0.00000,0.00000,-2.50499,-2.13837,0.08283
54.3055,0.19021,0.00000,0.00000,-2.50499,-2.13684,0.08283
54.3317,0.19021,0.00000,0.00000,-2.50499,-2.13684,0.08283
54.3541,0.19021,0.00000,0.00000,-2.50499,-2.13684,0.08283
54.3755,0.19021,0.00000,0.00000,-2.50499,-2.13684,0.08283
54.3991,0.19021,0.00000,0.00000,-2.50499,-2.13530,0.08283
54.4219,0.19021,0.00000,0.00000,-2.50499,-2.13530,0.08283
54.4476,0.19021,0.00000,0.00000,-2.50499,-2.13530,0.08283
54.4701,0.19021,0.00000,0.00000,-2.50499,-2.13377,0.08283
54.4927,0.19021,0.00000,0.00000,-2.50499,-2.13377,0.08283
54.5178,0.19021,0.00000,0.00000,-2.50499,-2.13223,0.08283
54.5420,0.19021,0.00000,0.00000,-2.50499,-2.13070,0.08283
54.5734,0.19021,0.00000,0.00000,-2.50499,-2.12917,0.08283
54.6009,0.19021,0.00000,0.00000,-2.50499,-2.12763,0.08283
54.6269,0.19021,0.00000,0.00000,-2.50499,-2.12150,0.08283
54.6523,0.19942,0.00000,0.00000,-2.50499,-2.11229,0.08283
54.6834,0.21322,0.00000,0.00000,-2.50499,-2.10769,0.08283
54.7154,0.22550,0.00000,0.00000,-2.50499,-2.10616,0.08283
54.7402,0.23470,0.00153,0.00000,-2.50499,-2.10155,0.08283
54.7636,0.24850,0.00153,0.00000,-2.50499,-2.09849,0.08283
54.7868,0.26845,0.00153,0.00000,-2.50499,-2.09082,0.08283
54.8110,0.29146,0.00153,0.00000,-2.50499,-2.08775,0.08283
54.8342,0.31140,0.00153,0.00000,-2.50499,-2.08621,0.08283
54.8579,0.33441,0.00153,0.00000,-2.50499,-2.08621,0.08283
54.8822,0.35588,0.00153,0.00000,-2.50499,-2.08315,0.08283
54.9056,0.37583,0.00153,0.00000,-2.50499,-2.08315,0.08283
54.9319,0.39884,0.00153,0.00000,-2.50499,-2.08315,0.08283
54.9542,0.41571,0.00153,0.00000,-2.50499,-2.08315,0.08283
54.9795,0.43258,0.00153,0.00000,-2.50499,-2.08315,0.08283
55.0030,0.44639,0.00153,0.00000,-2.50499,-2.08315,0.08283
55.0249,0.45713,0.00153,0.00000,-2.50499,-2.08315,0.08283
55.0480,0.46786,0.00153,0.00000,-2.50499,-2.08161,0.08283
55.0704,0.48014,0.00153,0.00000,-2.50499,-2.08161,0.08283
55.0956,0.49087,0.00153,0.00000,-2.50499,-2.08161,0.08283
55.1175,0.50008,0.00153,0.00000,-2.50499,-2.08161,0.08283
55.1397,0.50928,0.00153,0.00000,-2.50499,-2.08161,0.08283
55.1653,0.52002,0.00153,0.00000,-2.50499,-2.08008,0.08283
55.1945,0.53076,0.00153,0.00000,-2.50499,-2.08008,0.08283
55.2180,0.53996,0.00153,0.00000,-2.50499,-2.08008,0.08283
55.2430,0.55223,0.00153,0.00000,-2.50499,-2.07701,0.08283
55.2665,0.56450,0.00307,0.00000,-2.50499,-2.07548,0.08283
55.2918,0.57831,0.00614,0.00000,-2.50499,-2.07548,0.08283
55.3157,0.59058,0.00767,0.00000,-2.50499,-2.07548,0.08283
55.3379,0.60285,0.00767,0.00000,-2.50499,-2.07548,0.08283
55.3653,0.61666,0.00920,0.00000,-2.50499,-2.07548,0.08283
55.3928,0.63047,0.00920,0.00000,-2.50499,-2.07548,0.08283
55.4157,0.64274,0.00920,0.00000,-2.50499,-2.07548,0.08283
55.4382,0.65348,0.00920,0.00000,-2.50499,-2.07548,0.08283
55.4635,0.66575,0.00920,0.00000,-2.50499,-2.07548,0.08283
55.4869,0.67649,0.00767,0.00000,-2.50499,-2.07548,0.08283
55.5095,0.68876,0.00614,0.00000,-2.50499,-2.07394,0.08283
55.5330,0.69950,0.00307,0.00000,-2.50499,-2.07394,0.08283
55.5579,0.71177,0.00153,0.00000,-2.50499,-2.07394,0.08283
55.5834,0.72404,0.00000,0.00000,-2.50499,-2.07394,0.08283
55.6079,0.73324,-0.00153,0.00000,-2.50499,-2.07394,0.08283
55.6303,0.74091,-0.00153,0.00000,-2.50499,-2.07394,0.08283
55.6537,0.74245,-0.00153,0.00000,-2.50499,-2.07394,0.08283
55.6790,0.74398,-0.00153,0.00000,-2.50499,-2.07394,0.08283
55.7017,0.74398,-0.00153,0.00000,-2.50499,-2.07394,0.08283
55.7260,0.74398,-0.00153,0.00000,-2.50499,-2.07394,0.08283
55.7488,0.74245,-0.00153,0.00000,-2.50499,-2.07394,0.08283
55.7717,0.74245,-0.00153,0.00000,-2.50499,-2.07394,0.08283
55.7968,0.74245,-0.00153,0.00000,-2.50499,-2.07394,0.08283
55.8188,0.74245,-0.00153,0.00000,-2.50499,-2.07241,0.08283
55.8430,0.74551,-0.00153,0.00000,-2.50499,-2.07241,0.08283
55.8659,0.75318,-0.00153,0.00000,-2.50499,-2.07087,0.08283
55.8888,0.76085,-0.00153,0.00000,-2.50499,-2.07087,0.08283
55.9114,0.76699,-0.00153,0.00000,-2.50499,-2.07087,0.08283
55.9347,0.77313,-0.00153,0.00000,-2.50499,-2.07087,0.08283
55.9567,0.78080,-0.00307,0.00000,-2.50499,-2.07087,0.08283
55.9822,0.78847,-0.00460,0.00000,-2.50499,-2.07087,0.08283
56.0049,0.79614,-0.00460,0.00000,-2.50499,-2.07087,0.08283
56.0297,0.80534,-0.00460,0.00000,-2.50499,-2.06934,0.08283
56.0534,0.81608,-0.00460,0.00000,-2.50499,-2.06934,0.08283
56.0757,0.82528,-0.00307,0.00000,-2.50499,-2.06934,0.08283
56.0984,0.83755,-0.00153,0.00000,-2.50499,-2.06934,0.08283
56.1209,0.84983,0.00000,0.00000,-2.50499,-2.06934,0.08283
56.1456,0.86363,0.00153,0.00000,-2.50499,-2.06934,0.08283
56.1684,0.87590,0.00307,0.00000,-2.50499,-2.06934,0.08283
56.1899,0.88664,0.00460,0.00000,-2.50499,-2.06934,0.08283
56.2153,0.89738,0.00460,0.00000,-2.50499,-2.06934,0.08283
56.2370,0.90505,0.00767,0.00000,-2.50499,-2.06781,0.08283
56.2630,0.92192,0.00920,0.00000,-2.50499,-2.06627,0.08283
56.2860,0.93573,0.01074,0.00000,-2.50499,-2.06627,0.08283
56.3096,0.94800,0.01227,0.00000,-2.50499,-2.06627,0.08283
56.3317,0.96181,0.01381,0.00000,-2.50499,-2.06627,0.08283
56.3548,0.97561,0.01534,0.00000,-2.50499,-2.06627,0.08283
56.3788,0.98942,0.01687,0.00000,-2.50499,-2.06627,0.08283
56.4010,1.00322,0.01994,0.00000,-2.50499,-2.06474,0.08283
56.4230,1.01703,0.02148,0.00000,-2.50499,-2.06474,0.08283
56.4467,1.02930,0.02148,0.00000,-2.50499,-2.06474,0.08283
56.4685,1.04157,0.02148,0.00000,-2.50499,-2.06474,0.08283
56.4948,1.05538,0.02148,0.00000,-2.50499,-2.06474,0.08283
56.5162,1.06765,0.02148,0.00000,-2.50499,-2.06474,0.08283
56.5386,1.07839,0.02148,0.00000,-2.50499,-2.06474,0.08283
56.5685,1.09833,0.02148,0.00000,-2.50499,-2.06474,0.08283
56.5919,1.11214,0.02148,0.00000,-2.50499,-2.06474,0.08283
56.6167,1.12901,0.01994,0.00000,-2.50499,-2.06474,0.08283
56.6437,1.14588,0.01841,0.00000,-2.50499,-2.06320,0.08283
56.6661,1.15816,0.01687,0.00000,-2.50499,-2.06320,0.08283
56.6885,1.17196,0.01687,0.00000,-2.50499,-2.06320,0.08283
56.7142,1.18884,0.01534,0.00000,-2.50499,-2.06320,0.08283
56.7369,1.19957,0.01534,0.00000,-2.50499,-2.06320,0.08283
56.7603,1.21338,0.01534,0.00000,-2.50499,-2.06320,0.08283
56.7839,1.22872,0.01534,0.00000,-2.50499,-2.06320,0.08283
56.8077,1.24099,0.01534,0.00000,-2.50499,-2.06320,0.08283
56.8298,1.25326,0.01534,0.00000,-2.50499,-2.06167,0.08283
56.8523,1.26553,0.01534,0.00000,-2.50499,-2.06167,0.08283
56.8761,1.27474,0.01534,0.00000,-2.50499,-2.06167,0.08283
56.9004,1.28701,0.01534,0.00000,-2.50499,-2.06167,0.08283
56.9220,1.29775,0.01534,0.00000,-2.50499,-2.06014,0.08283
56.9457,1.31002,0.01534,0.00000,-2.50499,-2.06014,0.08283
56.9680,1.31769,0.01381,0.00000,-2.50499,-2.06014,0.08283
56.9901,1.32689,0.01381,0.00000,-2.50499,-2.06014,0.08283
57.0138,1.33763,0.01227,0.00000,-2.50499,-2.05860,0.08283
57.0373,1.34684,0.00920,0.00000,-2.50499,-2.05860,0.08283
57.0635,1.35297,0.00767,0.00000,-2.50499,-2.05860,0.08283
57.0869,1.35911,0.00614,0.00000,-2.50499,-2.05860,0.08283
57.1132,1.36524,0.00307,0.00000,-2.50499,-2.05860,0.08283
57.1363,1.37291,0.00000,0.00000,-2.50499,-2.05707,0.08283
57.1611,1.37905,-0.00153,0.00000,-2.50499,-2.05553,0.08283
57.1831,1.38518,-0.00153,0.00000,-2.50499,-2.05553,0.08283
57.2055,1.39132,-0.00153,0.00000,-2.50499,-2.05553,0.08283
57.2292,1.39592,-0.00307,0.00000,-2.50499,-2.05400,0.08283
57.2519,1.40359,-0.00307,0.00000,-2.50499,-2.04940,0.08283
57.2771,1.41586,-0.00460,0.00000,-2.50499,-2.04786,0.08283
57.3012,1.42660,-0.00460,0.00000,-2.50499,-2.04633,0.08283
57.3231,1.43427,-0.00460,0.00000,-2.50499,-2.04633,0.08283
57.3446,1.44194,-0.00460,0.00000,-2.50499,-2.04633,0.08283
57.3695,1.44961,-0.00614,0.00000,-2.50499,-2.04633,0.08283
57.3938,1.45728,-0.00767,0.00000,-2.50499,-2.04326,0.08283
57.4172,1.46649,-0.00767,0.00000,-2.50499,-2.04326,0.08283
57.4399,1.47416,-0.00767,0.00000,-2.50499,-2.04173,0.08283
57.4642,1.47876,-0.00767,0.00000,-2.50499,-2.04173,0.08283
57.4885,1.48643,-0.00767,0.00000,-2.50499,-2.04173,0.08283
57.5113,1.49410,-0.00920,0.00000,-2.50499,-2.04019,0.08283
57.5348,1.50177,-0.00920,0.00000,-2.50499,-2.03866,0.08283
57.5599,1.50944,-0.00920,0.00000,-2.50499,-2.03713,0.08283
57.5828,1.51557,-0.00920,0.00000,-2.50499,-2.03713,0.08283
57.6054,1.52171,-0.00920,0.00000,-2.50499,-2.03559,0.08283
57.6314,1.53091,-0.00920,0.00000,-2.50499,-2.03559,0.08283
57.6538,1.53858,-0.01074,0.00000,-2.50499,-2.03559,0.08283
57.6783,1.54625,-0.01074,0.00000,-2.50499,-2.03559,0.08283
57.7006,1.55239,-0.01227,0.00000,-2.50499,-2.03559,0.08283
57.7244,1.55699,-0.01534,0.00000,-2.50499,-2.03559,0.08283
57.7469,1.56159,-0.01534,0.00000,-2.50499,-2.03559,0.08283
57.7714,1.56926,-0.01687,0.00000,-2.50499,-2.03559,0.08283
57.7957,1.57386,-0.01841,0.00000,-2.50499,-2.03559,0.08283
57.8187,1.58000,-0.01841,0.00000,-2.50499,-2.03559,0.08283
57.8427,1.58460,-0.01841,0.00000,-2.50499,-2.03559,0.08283
57.8656,1.58767,-0.01841,0.00000,-2.50499,-2.03406,0.08283
57.8887,1.58920,-0.01841,0.00000,-2.50499,-2.03406,0.08283
57.9119,1.58920,-0.01841,0.00000,-2.50499,-2.03406,0.08283
57.9357,1.59074,-0.01687,0.00000,-2.50499,-2.03406,0.08283
57.9630,1.59074,-0.01687,0.00000,-2.50499,-2.03406,0.08283
57.9868,1.59074,-0.01687,0.00000,-2.50499,-2.03406,0.08283
58.0119,1.59074,-0.01687,0.00000,-2.50499,-2.03406,0.08283
58.0359,1.59074,-0.01687,0.00000,-2.50499,-2.03406,0.08283
58.0580,1.59074,-0.01687,0.00000,-2.50499,-2.03406,0.08283
58.0814,1.59074,-0.01687,0.00000,-2.50499,-2.03406,0.08283
58.1051,1.59074,-0.01841,0.00000,-2.50499,-2.03406,0.08283
58.1267,1.59074,-0.01994,0.00000,-2.50499,-2.03406,0.08283
58.1506,1.59074,-0.02148,0.00000,-2.50499,-2.03252,0.08283
58.1755,1.59227,-0.02301,0.00000,-2.50499,-2.03252,0.08283
58.1969,1.59227,-0.02454,0.00000,-2.50499,-2.03252,0.08283
58.2208,1.59381,-0.02454,0.00000,-2.50499,-2.03252,0.08283
58.2458,1.59381,-0.02454,0.00000,-2.50499,-2.03252,0.08283
58.2692,1.59534,-0.02454,0.00000,-2.50499,-2.03252,0.08283
58.2939,1.59534,-0.02608,0.00000,-2.50499,-2.03252,0.08283
58.3186,1.59534,-0.02608,0.00000,-2.50499,-2.03252,0.08283
58.3430,1.59534,-0.02608,0.00000,-2.50499,-2.03252,0.08283
58.3655,1.59534,-0.02608,0.00000,-2.50499,-2.03252,0.08283
58.3897,1.59534,-0.02454,0.00000,-2.50499,-2.03252,0.08283
58.4126,1.59534,-0.02454,0.00000,-2.50499,-2.03099,0.08283
58.4352,1.59534,-0.02454,0.00000,-2.50499,-2.03099,0.08283
58.4580,1.59534,-0.02301,0.00000,-2.50499,-2.03099,0.08283
58.4811,1.59534,-0.02301,0.00000,-2.50499,-2.03099,0.08283
58.5032,1.59534,-0.02148,0.00000,-2.50499,-2.03099,0.08283
58.5274,1.59687,-0.02148,0.00000,-2.50499,-2.03099,0.08283
58.5490,1.59687,-0.02148,0.00000,-2.50499,-2.03099,0.08283
58.5744,1.59687,-0.02148,0.00000,-2.50499,-2.03099,0.08283
58.5973,1.59687,-0.02148,0.00000,-2.50499,-2.03099,0.08283
58.6206,1.59687,-0.02148,0.00000,-2.50499,-2.03099,0.08283
58.6416,1.59687,-0.02148,0.00000,-2.50499,-2.03099,0.08283
58.6642,1.59687,-0.02148,0.00000,-2.50499,-2.03099,0.08283
58.6876,1.59687,-0.02301,0.00000,-2.50499,-2.03099,0.08283
58.7124,1.59534,-0.02301,0.00000,-2.50499,-2.03099,0.08283
58.7348,1.59381,-0.02301,0.00000,-2.50499,-2.03099,0.08283
58.7600,1.59227,-0.02301,0.00000,-2.50499,-2.03099,0.08283
58.7838,1.59074,-0.02301,0.00000,-2.50499,-2.03099,0.08283
58.8059,1.58920,-0.02301,0.00000,-2.50499,-2.03099,0.08283
58.8313,1.58614,-0.02301,0.00000,-2.50499,-2.03099,0.08283
58.8545,1.58460,-0.02148,0.00000,-2.50499,-2.02946,0.08283
58.8790,1.58460,-0.01994,0.00000,-2.50499,-2.02946,0.08283
58.9027,1.58307,-0.01841,0.00000,-2.50499,-2.02946,0.08283
58.9301,1.58000,-0.01687,0.00000,-2.50499,-2.02946,0.08283
58.9517,1.57847,-0.01687,0.00000,-2.50499,-2.02946,0.08283
58.9770,1.57386,-0.01687,0.00000,-2.50499,-2.02946,0.08283
59.0005,1.56773,-0.01687,0.00000,-2.50499,-2.02946,0.08283
59.0234,1.56006,-0.01687,0.00000,-2.50499,-2.02946,0.08283
59.0458,1.55392,-0.01687,0.00000,-2.50499,-2.02946,0.08283
59.0689,1.54318,-0.01534,0.00000,-2.50499,-2.02946,0.08283
59.0929,1.52938,-0.01534,0.00000,-2.50499,-2.02946,0.08283
59.1153,1.51711,-0.01534,0.00000,-2.50499,-2.02946,0.08283
59.1378,1.50177,-0.01534,0.00000,-2.50499,-2.02946,0.08283
59.1615,1.48336,-0.01534,0.00000,-2.50499,-2.02946,0.08283
59.1844,1.46649,-0.01381,0.00000,-2.50499,-2.02946,0.08283
59.2095,1.44348,-0.01381,0.00000,-2.50499,-2.02946,0.08283
59.2321,1.42200,-0.01381,0.00000,-2.50499,-2.02946,0.08283
59.2543,1.40052,-0.01381,0.00000,-2.50499,-2.02946,0.08283
59.2806,1.37138,-0.01381,0.00000,-2.50499,-2.02946,0.08283
59.3036,1.34530,-0.01381,0.00000,-2.50499,-2.02946,0.08283
59.3273,1.31922,-0.01534,0.00000,-2.50499,-2.02946,0.08283
59.3514,1.29468,-0.01534,0.00000,-2.50499,-2.02946,0.08283
59.3751,1.27167,-0.01687,0.00000,-2.50499,-2.02946,0.08283
59.3975,1.24866,-0.01841,0.00000,-2.50499,-2.02946,0.08283
59.4211,1.22565,-0.01841,0.00000,-2.50499,-2.02946,0.08283
59.4454,1.20111,-0.01994,0.00000,-2.50499,-2.02946,0.08283
59.4679,1.17810,-0.01994,0.00000,-2.50499,-2.02946,0.08283
59.4926,1.15202,-0.02148,0.00000,-2.50499,-2.02946,0.08283
59.5156,1.13054,-0.02301,0.00000,-2.50499,-2.02946,0.08283
59.5389,1.10907,-0.02301,0.00000,-2.50499,-2.02946,0.08283
59.5618,1.08759,-0.02301,0.00000,-2.50499,-2.02946,0.08283
59.5852,1.06765,-0.02301,0.00000,-2.50499,-2.02946,0.08283
59.6112,1.04771,-0.02301,0.00000,-2.50499,-2.02946,0.08283
59.6329,1.02930,-0.02301,0.00000,-2.50499,-2.02946,0.08283
59.6567,1.01243,-0.02301,0.00000,-2.50499,-2.02792,0.08283
59.6803,0.99402,-0.02301,0.00000,-2.50499,-2.02792,0.08283
59.7032,0.97868,-0.02301,0.00000,-2.50499,-2.02792,0.08283
59.7290,0.95720,-0.02301,0.00000,-2.50499,-2.02792,0.08283
59.7525,0.94186,-0.02301,0.00000,-2.50499,-2.02792,0.08283
59.7788,0.92192,-0.02301,0.00000,-2.50499,-2.02792,0.08283
59.7996,0.90658,-0.02301,0.00000,-2.50499,-2.02792,0.08283
59.8228,0.89278,-0.02454,0.00000,-2.50499,-2.02792,0.08283
59.8497,0.87284,-0.02454,0.00000,-2.50499,-2.02792,0.08283
59.8714,0.85750,-0.02454,0.00000,-2.50499,-2.02792,0.08283
59.8941,0.83602,-0.02454,0.00000,-2.50499,-2.02946,0.08283
59.9198,0.81301,-0.02454,0.00000,-2.50499,-2.03099,0.08283
59.9441,0.78540,-0.02454,0.00000,-2.50499,-2.03099,0.08283
59.9656,0.76392,-0.02454,0.00000,-2.50499,-2.03099,0.08283
59.9876,0.73938,-0.02454,0.00000,-2.50499,-2.03099,0.08283
60.0138,0.71790,-0.02148,0.00000,-2.50499,-2.00951,0.08283
60.0378,0.71177,-0.01841,0.00000,-2.50499,-2.00645,0.08283
60.0609,0.70103,-0.01534,0.00000,-2.50499,-2.00491,0.08283
60.0853,0.69183,-0.01227,0.00000,-2.50499,-2.00491,0.08283
60.1098,0.67649,-0.00920,0.00000,-2.50499,-2.00645,0.08283
60.1319,0.66268,-0.00614,0.00000,-2.50499,-2.01105,0.08283
60.1565,0.64427,-0.00460,0.00000,-2.50499,-2.01872,0.08283
60.1795,0.61973,-0.00307,0.00000,-2.50499,-2.02179,0.08283
60.2014,0.59672,-0.00307,0.00000,-2.50499,-2.02179,0.08283
60.2270,0.56911,-0.00153,0.00000,-2.50499,-2.02025,0.08283
60.2499,0.54610,-0.00153,0.00000,-2.50499,-2.01412,0.08283
60.2720,0.52922,-0.00153,0.00000,-2.50499,-2.00951,0.08283
60.2939,0.51082,-0.00153,0.00000,-2.50499,-2.00645,0.08283
60.3184,0.49241,-0.00153,0.00000,-2.50499,-2.00645,0.08283
60.3427,0.47553,0.00000,0.00000,-2.50499,-2.00645,0.08283
60.3649,0.45866,0.00153,0.00000,-2.50499,-2.00645,0.08283
60.3881,0.44179,0.00307,0.00000,-2.50499,-2.00951,0.08283
60.4120,0.41878,0.00767,0.00000,-2.50499,-2.01105,0.08283
60.4352,0.39730,0.01227,0.00000,-2.50499,-2.01105,0.08283
60.4578,0.37583,0.01841,0.00000,-2.50499,-2.01105,0.08283
60.4807,0.35282,0.02454,0.00000,-2.50499,-2.01105,0.08283
60.5042,0.32674,0.03221,0.00000,-2.50499,-2.01105,0.08283
60.5281,0.29913,0.03988,0.00000,-2.50499,-2.01105,0.08283
60.5513,0.27612,0.04449,0.00000,-2.50499,-2.00645,0.08283
60.5780,0.25311,0.04909,0.00000,-2.50499,-2.00031,0.08283
60.6012,0.24083,0.05062,0.00000,-2.50499,-1.99878,0.08283
60.6270,0.22703,0.05062,0.00000,-2.50499,-1.99878,0.08283
60.6499,0.21936,0.05062,0.00000,-2.50499,-1.99878,0.08283
60.6716,0.21169,0.05062,0.00000,-2.50499,-1.99878,0.08283
60.6947,0.20249,0.05062,0.00000,-2.50499,-2.00031,0.08283
60.7176,0.19175,0.05062,0.00000,-2.50499,-2.00184,0.08283
60.7433,0.17794,0.05369,0.00000,-2.50499,-2.00184,0.08283
60.7658,0.16720,0.05522,0.00000,-2.50499,-2.00184,0.08283
60.7882,0.15493,0.05829,0.00000,-2.50499,-2.00338,0.08283
60.8148,0.13652,0.05983,0.00000,-2.50499,-2.00491,0.08283
60.8373,0.12118,0.06136,0.00000,-2.50499,-2.00645,0.08283
60.8596,0.10278,0.06136,0.00000,-2.50499,-2.00798,0.08283
60.8809,0.08590,0.06289,0.00000,-2.50499,-2.00951,0.08283
60.9034,0.06136,0.06596,0.00000,-2.50499,-2.00951,0.08283
60.9298,0.03528,0.06903,0.00000,-2.50499,-2.01105,0.08283
60.9523,0.00767,0.07363,0.00000,-2.50499,-2.01105,0.08283
60.9780,-0.01994,0.07823,0.00000,-2.50499,-2.00951,0.08283
61.0005,-0.04449,0.08283,0.00000,-2.50499,-2.00951,0.08283
61.0235,-0.06903,0.08897,0.00000,-2.50499,-2.00798,0.08283
61.0469,-0.09511,0.09204,0.00000,-2.50499,-2.00645,0.08283
61.0697,-0.11658,0.09664,0.00000,-2.50499,-2.00645,0.08283
61.0930,-0.14419,0.09971,0.00000,-2.50499,-2.00645,0.08283
61.1177,-0.17027,0.10584,0.00000,-2.50499,-2.00645,0.08283
61.1424,-0.19482,0.10891,0.00000,-2.50499,-2.00645,0.08283
61.1656,-0.22089,0.11351,0.00000,-2.50499,-2.00645,0.08283
61.1892,-0.24544,0.11812,0.00000,-2.50499,-2.00645,0.08283
61.2119,-0.27305,0.12425,0.00000,-2.50499,-2.00798,0.08283
61.2333,-0.29759,0.13039,0.00000,-2.50499,-2.00951,0.08283
61.2589,-0.32827,0.13806,0.00000,-2.50499,-2.00951,0.08283
61.2829,-0.35895,0.13959,0.00000,-2.50499,-2.00798,0.08283
61.3049,-0.38350,0.14266,0.00000,-2.50499,-2.00645,0.08283
61.3281,-0.40650,0.14419,0.00000,-2.50499,-2.00338,0.08283
61.3501,-0.42951,0.14419,0.00000,-2.50499,-2.00338,0.08283
61.3744,-0.45406,0.14419,0.00000,-2.50499,-2.00338,0.08283
61.3960,-0.47553,0.14419,0.00000,-2.50499,-2.00338,0.08283
61.4181,-0.49701,0.14419,0.00000,-2.50499,-2.00491,0.08283
61.4417,-0.52155,0.14419,0.00000,-2.50499,-2.00798,0.08283
61.4638,-0.54610,0.14726,0.00000,-2.50499,-2.00951,0.08283
61.4873,-0.57217,0.15186,0.00000,-2.50499,-2.01105,0.08283
61.5110,-0.60285,0.15800,0.00000,-2.50499,-2.01105,0.08283
61.5355,-0.63660,0.16260,0.00000,-2.50499,-2.01258,0.08283
61.5607,-0.67649,0.16414,0.00000,-2.50499,-2.01258,0.08283
61.5827,-0.70870,0.16567,0.00000,-2.50499,-2.01258,0.08283
61.6061,-0.74091,0.16567,0.00000,-2.50499,-2.00951,0.08283
61.6295,-0.77159,0.16567,0.00000,-2.50499,-2.00645,0.08283
61.6522,-0.79920,0.16567,0.00000,-2.50499,-2.00338,0.08283
61.6832,-0.83295,0.16260,0.00000,-2.50499,-2.00184,0.08283
61.7086,-0.85289,0.16107,0.00000,-2.50499,-2.00184,0.08283
61.7317,-0.86670,0.15953,0.00000,-2.50499,-2.00031,0.08283
61.7548,-0.87897,0.15800,0.00000,-2.50499,-2.00031,0.08283
61.7772,-0.88971,0.15800,0.00000,-2.50499,-2.00184,0.08283
61.8014,-0.90198,0.16107,0.00000,-2.50499,-2.00184,0.08283
61.8243,-0.91272,0.16260,0.00000,-2.50499,-2.00184,0.08283
61.8471,-0.92346,0.16567,0.00000,-2.50499,-2.00491,0.08283
61.8693,-0.93419,0.16874,0.00000,-2.50499,-2.00491,0.08283
61.8926,-0.94800,0.17027,0.00000,-2.50499,-2.00645,0.08283
61.9169,-0.96334,0.17027,0.00000,-2.50499,-2.00645,0.08283
61.9399,-0.97715,0.17027,0.00000,-2.50499,-2.00951,0.08283
61.9627,-0.99249,0.17027,0.00000,-2.50499,-2.00951,0.08283
61.9896,-1.01243,0.17027,0.00000,-2.50499,-2.01105,0.08283
62.0132,-1.03390,0.17027,0.00000,-2.50499,-2.01105,0.08283
62.0347,-1.05078,0.17181,0.00000,-2.50499,-2.01105,0.08283
62.0606,-1.07225,0.17334,0.00000,-2.50499,-2.01105,0.08283
62.0830,-1.09066,0.17487,0.00000,-2.50499,-2.01105,0.08283
62.1062,-1.10907,0.17794,0.00000,-2.50499,-2.01105,0.08283
62.1282,-1.13054,0.17948,0.00000,-2.50499,-2.01105,0.08283
62.1508,-1.14742,0.18254,0.00000,-2.50499,-2.00951,0.08283
62.1759,-1.16736,0.18408,0.00000,-2.50499,-2.00951,0.08283
62.1990,-1.18423,0.18561,0.00000,-2.50499,-2.00951,0.08283
62.2213,-1.20417,0.18715,0.00000,-2.50499,-2.00951,0.08283
62.2446,-1.22258,0.18868,0.00000,-2.50499,-2.00951,0.08283
62.2667,-1.23946,0.19021,0.00000,-2.50499,-2.00951,0.08283
62.2930,-1.25633,0.19021,0.00000,-2.50499,-2.00951,0.08283
62.3160,-1.27320,0.19021,0.00000,-2.50499,-2.00798,0.08283
62.3388,-1.28548,0.18868,0.00000,-2.50499,-2.00645,0.08283
62.3621,-1.29468,0.18868,0.00000,-2.50499,-2.00031,0.08283
62.3856,-1.29468,0.18561,0.00000,-2.50499,-2.00031,0.08283
62.4093,-1.29468,0.18408,0.00000,-2.50499,-2.00031,0.08283
62.4308,-1.29468,0.18254,0.00000,-2.50499,-2.00031,0.08283
62.4530,-1.29468,0.18254,0.00000,-2.50499,-2.00031,0.08283
62.4775,-1.29468,0.18254,0.00000,-2.50499,-2.00338,0.08283
62.5002,-1.29468,0.18254,0.00000,-2.50499,-2.00491,0.08283
62.5269,-1.29468,0.18254,0.00000,-2.50499,-2.00645,0.08283
62.5504,-1.29468,0.18254,0.00000,-2.50499,-2.00645,0.08283
62.5748,-1.29468,0.18254,0.00000,-2.50499,-2.00645,0.08283
62.6003,-1.29468,0.18254,0.00000,-2.50499,-2.00645,0.08283
62.6248,-1.29468,0.18254,0.00000,-2.50499,-2.00645,0.08283
62.6470,-1.29468,0.18254,0.00000,-2.50499,-2.00645,0.08283
62.6700,-1.29468,0.18101,0.00000,-2.50499,-2.00645,0.08283
62.6938,-1.29468,0.18101,0.00000,-2.50499,-2.00645,0.08283
62.7184,-1.29468,0.18101,0.00000,-2.50499,-2.00645,0.08283
62.7410,-1.29468,0.18101,0.00000,-2.50499,-2.00645,0.08283
62.7642,-1.29468,0.18101,0.00000,-2.50499,-2.00645,0.08283
62.7877,-1.29468,0.18101,0.00000,-2.50499,-2.00645,0.08283
62.8103,-1.29468,0.18101,0.00000,-2.50499,-2.00645,0.08283
62.8334,-1.29468,0.18101,0.00000,-2.50499,-2.00645,0.08283
62.8563,-1.29468,0.18101,0.00000,-2.50499,-2.00645,0.08283
62.8791,-1.29468,0.18101,0.00000,-2.50499,-2.00645,0.08283
62.9025,-1.29468,0.18101,0.00000,-2.50499,-2.00645,0.08283
62.9277,-1.29468,0.18254,0.00000,-2.50499,-2.00645,0.08283
62.9498,-1.29468,0.18254,0.00000,-2.50499,-2.00645,0.08283
62.9721,-1.29468,0.18254,0.00000,-2.50499,-2.00645,0.08283
62.9944,-1.29468,0.18254,0.00000,-2.50499,-2.00645,0.08283
63.0173,-1.29315,0.18254,0.00000,-2.50499,-2.00645,0.08283
63.0424,-1.29315,0.18254,0.00000,-2.50499,-2.00645,0.08283
63.0649,-1.29161,0.18254,0.00000,-2.50499,-2.00645,0.08283
63.0874,-1.29008,0.18101,0.00000,-2.50499,-2.00798,0.08283
63.1112,-1.29008,0.18101,0.00000,-2.50499,-2.00798,0.08283
63.1333,-1.28854,0.18101,0.00000,-2.50499,-2.00798,0.08283
63.1543,-1.28854,0.18101,0.00000,-2.50499,-2.00798,0.08283
63.1763,-1.28548,0.18101,0.00000,-2.50499,-2.00645,0.08283
63.2000,-1.28087,0.18101,0.00000,-2.50499,-2.00491,0.08283
63.2239,-1.27320,0.18254,0.00000,-2.50499,-2.00338,0.08283
63.2462,-1.26400,0.18561,0.00000,-2.50499,-2.00184,0.08283
63.2726,-1.24866,0.18715,0.00000,-2.50499,-2.00184,0.08283
63.2955,-1.23025,0.19021,0.00000,-2.50499,-2.00031,0.08283
63.3183,-1.21031,0.19635,0.00000,-2.50499,-2.00031,0.08283
63.3445,-1.18270,0.20249,0.00000,-2.50499,-2.00031,0.08283
63.3670,-1.15816,0.20862,0.00000,-2.50499,-2.00031,0.08283
63.3906,-1.12901,0.21322,0.00000,-2.50499,-2.00031,0.08283
63.4126,-1.09680,0.21783,0.00000,-2.50499,-2.00031,0.08283
63.4353,-1.06305,0.22396,0.00000,-2.50499,-2.00184,0.08283
63.4594,-1.02777,0.22856,0.00000,-2.50499,-2.00184,0.08283
63.4824,-0.99249,0.23317,0.00000,-2.50499,-2.00338,0.08283
63.5056,-0.95874,0.23777,0.00000,-2.50499,-2.00491,0.08283
63.5285,-0.92346,0.24237,0.00000,-2.50499,-2.00645,0.08283
63.5514,-0.88817,0.24697,0.00000,-2.50499,-2.00645,0.08283
63.5765,-0.84676,0.25157,0.00000,-2.50499,-2.00798,0.08283
63.6002,-0.81148,0.25617,0.00000,-2.50499,-2.00798,0.08283
63.6242,-0.77619,0.25924,0.00000,-2.50499,-2.00798,0.08283
63.6474,-0.73784,0.26231,0.00000,-2.50499,-2.00798,0.08283
63.6713,-0.70103,0.26691,0.00000,-2.50499,-2.00951,0.08283
63.6948,-0.66575,0.26998,0.00000,-2.50499,-2.00951,0.08283
63.7184,-0.62893,0.27612,0.00000,-2.50499,-2.00951,0.08283
63.7450,-0.58751,0.28072,0.00000,-2.50499,-2.00951,0.08283
63.7679,-0.55223,0.28685,0.00000,-2.50499,-2.00951,0.08283
63.7926,-0.51542,0.29299,0.00000,-2.50499,-2.01105,0.08283
63.8148,-0.48320,0.30066,0.00000,-2.50499,-2.01105,0.08283
63.8365,-0.45252,0.30373,0.00000,-2.50499,-2.01105,0.08283
63.8626,-0.41724,0.30986,0.00000,-2.50499,-2.01105,0.08283
63.8857,-0.38810,0.31447,0.00000,-2.50499,-2.01105,0.08283
63.9101,-0.35742,0.31753,0.00000,-2.50499,-2.01105,0.08283
63.9326,-0.32981,0.31907,0.00000,-2.50499,-2.01105,0.08283
63.9577,-0.30373,0.31907,0.00000,-2.50499,-2.01258,0.08283
63.9818,-0.27765,0.31447,0.00000,-2.50499,-2.01258,0.08283
64.0046,-0.25771,0.30986,0.00000,-2.50499,-2.01258,0.08283
64.0271,-0.23777,0.30219,0.00000,-2.50499,-2.01258,0.08283
64.0503,-0.22089,0.29759,0.00000,-2.50499,-2.01258,0.08283
64.0753,-0.20249,0.28992,0.00000,-2.50499,-2.01258,0.08283
64.0979,-0.18868,0.28532,0.00000,-2.50499,-2.01258,0.08283
64.1219,-0.17334,0.27918,0.00000,-2.50499,-2.01258,0.08283
64.1462,-0.16107,0.27458,0.00000,-2.50499,-2.01258,0.08283
64.1682,-0.15186,0.26998,0.00000,-2.50499,-2.01258,0.08283
64.1940,-0.13806,0.26691,0.00000,-2.50499,-2.01258,0.08283
64.2172,-0.12425,0.26231,0.00000,-2.50499,-2.01258,0.08283
64.2408,-0.11351,0.25924,0.00000,-2.50499,-2.01258,0.08283
64.2630,-0.10431,0.25617,0.00000,-2.50499,-2.01258,0.08283
64.2866,-0.09511,0.25311,0.00000,-2.50499,-2.01258,0.08283
64.3108,-0.08437,0.25004,0.00000,-2.50499,-2.01258,0.08283
64.3325,-0.07517,0.24697,0.00000,-2.50499,-2.01258,0.08283
64.3580,-0.06443,0.24544,0.00000,-2.50499,-2.01105,0.08283
64.3820,-0.05369,0.24237,0.00000,-2.50499,-2.01105,0.08283
64.4044,-0.04449,0.23930,0.00000,-2.50499,-2.01258,0.08283
64.4265,-0.03682,0.23317,0.00000,-2.50499,-2.01412,0.08283
64.4504,-0.03221,0.22703,0.00000,-2.50499,-2.01412,0.08283
64.4754,-0.03221,0.21629,0.00000,-2.50499,-2.01412,0.08283
64.4975,-0.03221,0.20862,0.00000,-2.50499,-2.01412,0.08283
64.5203,-0.03221,0.19942,0.00000,-2.50499,-2.01412,0.08283
64.5435,-0.03528,0.19021,0.00000,-2.50499,-2.01412,0.08283
64.5654,-0.03988,0.18408,0.00000,-2.50499,-2.01412,0.08283
64.5868,-0.04449,0.17641,0.00000,-2.50499,-2.01412,0.08283
64.6113,-0.04909,0.16720,0.00000,-2.50499,-2.01258,0.08283
64.6351,-0.05369,0.16107,0.00000,-2.50499,-2.01258,0.08283
64.6599,-0.05829,0.15186,0.00000,-2.50499,-2.01258,0.08283
64.6827,-0.06443,0.14266,0.00000,-2.50499,-2.01258,0.08283
64.7065,-0.07056,0.13346,0.00000,-2.50499,-2.01258,0.08283
64.7287,-0.07517,0.12272,0.00000,-2.50499,-2.01258,0.08283
64.7523,-0.08130,0.11198,0.00000,-2.50499,-2.01258,0.08283
64.7762,-0.08590,0.09817,0.00000,-2.50499,-2.01105,0.08283
64.7989,-0.08897,0.08590,0.00000,-2.50499,-2.01105,0.08283
64.8221,-0.09204,0.07210,0.00000,-2.50499,-2.01105,0.08283
64.8462,-0.09511,0.06136,0.00000,-2.50499,-2.01105,0.08283
64.8690,-0.09664,0.05062,0.00000,-2.50499,-2.01105,0.08283
64.8945,-0.09971,0.03682,0.00000,-2.50499,-2.00951,0.08283
64.9173,-0.10124,0.02608,0.00000,-2.50499,-2.00951,0.08283
64.9394,-0.10124,0.01687,0.00000,-2.50499,-2.00951,0.08283
64.9613,-0.10124,0.00767,0.00000,-2.50499,-2.00951,0.08283
64.9859,-0.10124,0.00307,0.00000,-2.50499,-2.00491,0.08283
65.0106,-0.09204,0.00307,0.00000,-2.50499,-1.99878,0.08283
65.0337,-0.07823,0.00153,0.00000,-2.50499,-1.99724,0.08283
65.0559,-0.06750,0.00153,0.00000,-2.50499,-1.99878,0.08283
65.0798,-0.05676,0.00153,0.00000,-2.50499,-2.00031,0.08283
65.1024,-0.04755,0.00153,0.00000,-2.50499,-2.00184,0.08283
65.1251,-0.03988,0.00153,0.00000,-2.50499,-2.00491,0.08283
65.1485,-0.03221,0.00153,0.00000,-2.50499,-2.00645,0.08283
65.1732,-0.02761,0.00153,0.00000,-2.50499,-2.00798,0.08283
65.1953,-0.02454,0.00153,0.00000,-2.50499,-2.00951,0.08283
65.2167,-0.02301,0.00153,0.00000,-2.50499,-2.00951,0.08283
65.2422,-0.01994,0.00153,0.00000,-2.50499,-2.00951,0.08283
65.2670,-0.01994,0.00153,0.00000,-2.50499,-2.00951,0.08283
65.2925,-0.01994,0.00153,0.00000,-2.50499,-2.00951,0.08283
65.3149,-0.01994,0.00153,0.00000,-2.50499,-2.00951,0.08283
65.3367,-0.01994,0.00153,0.00000,-2.50499,-2.00951,0.08283
65.3596,-0.02148,0.00153,0.00000,-2.50499,-2.00798,0.08283
65.3828,-0.02148,0.00153,0.00000,-2.50499,-2.00645,0.08283
65.4068,-0.02148,0.00153,0.00000,-2.50499,-2.00645,0.08283
65.4298,-0.02148,0.00153,0.00000,-2.50499,-2.00645,0.08283
65.4529,-0.02148,0.00153,0.00000,-2.50499,-2.00645,0.08283
65.4761,-0.02148,0.00153,0.00000,-2.50499,-2.00645,0.08283
65.4990,-0.02148,0.00153,0.00000,-2.50499,-2.00645,0.08283
65.5261,-0.02148,0.00153,0.00000,-2.50499,-2.00645,0.08283
65.5487,-0.02148,0.00153,0.00000,-2.50499,-2.00645,0.08283
65.5715,-0.02148,0.00153,0.00000,-2.50499,-2.00645,0.08283
65.5936,-0.02148,0.00153,0.00000,-2.50499,-2.00645,0.08283
65.6172,-0.02148,0.00153,0.00000,-2.50499,-2.00645,0.08283
65.6422,-0.02148,0.00153,0.00000,-2.50499,-2.00645,0.08283
65.6652,-0.02148,0.00153,0.00000,-2.50499,-2.00645,0.08283
65.6884,-0.02148,0.00153,0.00000,-2.50499,-2.00645,0.08283
65.7110,-0.02148,0.00153,0.00000,-2.50499,-2.00645,0.08283
65.7338,-0.02148,0.00153,0.00000,-2.50499,-2.00645,0.08283
65.7581,-0.02148,0.00153,0.00000,-2.50499,-2.00645,0.08283
65.7817,-0.02148,0.00153,0.00000,-2.50499,-2.00645,0.08283
65.8036,-0.02148,0.00153,0.00000,-2.50499,-2.00645,0.08283
65.8274,-0.02148,0.00153,0.00000,-2.50499,-2.00645,0.08283
65.8506,-0.02148,0.00153,0.00000,-2.50499,-2.00645,0.08283
65.8721,-0.02148,0.00153,0.00000,-2.50499,-2.00645,0.08283
65.8947,-0.02148,0.00153,0.00000,-2.50499,-2.00645,0.08283
65.9176,-0.02148,0.00153,0.00000,-2.50499,-2.00645,0.08283
65.9452,-0.02148,0.00153,0.00000,-2.50499,-2.00645,0.08283
65.9679,-0.02148,0.00153,0.00000,-2.50499,-2.00645,0.08283
65.9943,-0.02148,0.00153,0.00000,-2.50499,-2.00645,0.08283
66.0175,-0.02148,0.00153,0.00000,-2.50499,-2.00645,0.08283
66.0409,-0.02148,0.00153,0.00000,-2.50499,-2.00645,0.08283
66.0641,-0.02148,0.00153,0.00000,-2.50499,-2.00645,0.08283
66.0897,-0.02148,0.00153,0.00000,-2.50499,-2.00645,0.08283
66.1122,-0.02148,0.00153,0.00000,-2.50499,-2.00645,0.08283
66.1352,-0.02148,0.00153,0.00000,-2.50499,-2.00645,0.08283
66.1601,-0.02148,0.00153,0.00000,-2.50499,-2.00645,0.08283
66.1828,-0.02148,0.00153,0.00000,-2.50499,-2.00645,0.08283
66.2084,-0.02148,0.00153,0.00000,-2.50499,-2.00645,0.08283
66.2305,-0.02148,0.00153,0.00000,-2.50499,-2.00645,0.08283
66.2552,-0.02148,0.00153,0.00000,-2.50499,-2.00645,0.08283
66.2788,-0.02148,0.00153,0.00000,-2.50499,-2.00645,0.08283
66.3028,-0.02148,0.00153,0.00000,-2.50499,-2.00645,0.08283
66.3275,-0.02148,0.00153,0.00000,-2.50499,-2.00645,0.08283
66.3500,-0.02148,0.00153,0.00000,-2.50499,-2.00645,0.08283
66.3765,-0.02148,0.00153,0.00000,-2.50499,-2.00645,0.08283
66.3988,-0.02148,0.00153,0.00000,-2.50499,-2.00645,0.08283
66.4209,-0.02148,0.00153,0.00000,-2.50499,-2.00645,0.08283
66.4434,-0.02148,0.00153,0.00000,-2.50499,-2.00645,0.08283
66.4662,-0.02148,0.00153,0.00000,-2.50499,-2.00645,0.08283
66.4933,-0.02148,0.00153,0.00000,-2.50499,-2.00645,0.08283
66.5164,-0.02148,0.00153,0.00000,-2.50499,-2.00645,0.08283
66.5397,-0.02148,0.00153,0.00000,-2.50499,-2.00645,0.08283
66.5643,-0.02148,0.00153,0.00000,-2.50499,-2.00645,0.08283
66.5871,-0.02148,0.00153,0.00000,-2.50499,-2.00645,0.08283
66.6101,-0.02148,0.00153,0.00000,-2.50499,-2.00645,0.08283
66.6343,-0.02148,0.00153,0.00000,-2.50499,-2.00645,0.08283
66.6608,-0.02148,0.00153,0.00000,-2.50499,-2.00645,0.08283
66.6844,-0.02148,0.00153,0.00000,-2.50499,-2.00645,0.08283
66.7102,-0.02148,0.00153,0.00000,-2.50499,-2.00645,0.08283
66.7331,-0.02148,0.00153,0.00000,-2.50499,-2.00645,0.08283
66.7577,-0.02148,0.00153,0.00000,-2.50499,-2.00645,0.08283
66.7825,-0.02148,0.00153,0.00000,-2.50499,-2.00645,0.08283
66.8067,-0.02148,0.00153,0.00000,-2.50499,-2.00645,0.08283
66.8296,-0.02148,0.00153,0.00000,-2.50499,-2.00645,0.08283
66.8539,-0.02148,0.00153,0.00000,-2.50499,-2.00645,0.08283
66.8769,-0.02148,0.00153,0.00000,-2.50499,-2.00645,0.08283
66.8995,-0.02148,0.00153,0.00000,-2.50499,-2.00645,0.08283
66.9247,-0.02148,0.00153,0.00000,-2.50499,-2.00645,0.08283
66.9472,-0.02148,0.00153,0.00000,-2.50499,-2.00645,0.08283
66.9691,-0.02148,0.00153,0.00000,-2.50499,-2.00645,0.08283
66.9947,-0.02148,0.00153,0.00000,-2.50499,-2.00645,0.08283
67.0175,-0.02148,0.00153,0.00000,-2.50499,-2.00645,0.08283
67.0414,-0.02148,0.00153,0.00000,-2.50499,-2.00645,0.08283
67.0651,-0.02148,0.00153,0.00000,-2.50499,-2.00645,0.08283
67.0904,-0.02148,0.00153,0.00000,-2.50499,-2.00645,0.08283
67.1134,-0.02148,0.00153,0.00000,-2.50499,-2.00645,0.08283
67.1361,-0.02148,0.00153,0.00000,-2.50499,-2.00645,0.08283
67.1600,-0.02148,0.00153,0.00000,-2.50499,-2.00645,0.08283
67.1845,-0.02148,0.00153,0.00000,-2.50499,-2.00645,0.08283
67.2064,-0.02148,0.00153,0.00000,-2.50499,-2.00645,0.08283
67.2301,-0.02148,0.00153,0.00000,-2.50499,-2.00645,0.08283
67.2520,-0.02148,0.00153,0.00000,-2.50499,-2.00645,0.08283
67.2766,-0.02148,0.00153,0.00000,-2.50499,-2.00645,0.08283
67.2999,-0.02148,0.00153,0.00000,-2.50499,-2.00645,0.08283
67.3255,-0.02148,0.00153,0.00000,-2.50499,-2.00645,0.08283
67.3484,-0.02148,0.00153,0.00000,-2.50499,-2.00645,0.08283
67.3740,-0.02148,0.00153,0.00000,-2.50499,-2.00645,0.08283
67.3964,-0.02148,0.00153,0.00000,-2.50499,-2.00645,0.08283
67.4210,-0.02148,0.00153,0.00000,-2.50499,-2.00645,0.08283
67.4434,-0.02148,0.00153,0.00000,-2.50499,-2.00645,0.08283
67.4658,-0.02148,0.00153,0.00000,-2.50499,-2.00645,0.08283
67.4929,-0.02148,0.00153,0.00000,-2.50499,-2.00645,0.08283
67.5159,-0.02148,0.00153,0.00000,-2.50499,-2.00645,0.08283
67.5394,-0.02148,0.00153,0.00000,-2.50499,-2.00645,0.08283
67.5630,-0.02148,0.00153,0.00000,-2.50499,-2.00645,0.08283
67.5854,-0.02148,0.00153,0.00000,-2.50499,-2.00645,0.08283
67.6102,-0.02148,0.00153,0.00000,-2.50499,-2.00645,0.08283
67.6330,-0.02148,0.00153,0.00000,-2.50499,-2.00645,0.08283
67.6594,-0.02148,0.00153,0.00000,-2.50499,-2.00645,0.08283
67.6812,-0.02148,0.00153,0.00000,-2.50499,-2.00645,0.08283
67.7060,-0.02148,0.00153,0.00000,-2.50499,-2.00645,0.08283
67.7287,-0.02148,0.00153,0.00000,-2.50499,-2.00645,0.08283
67.7527,-0.02148,0.00153,0.00000,-2.50499,-2.00645,0.08283
67.7745,-0.02148,0.00153,0.00000,-2.50499,-2.00645,0.08283
67.7982,-0.02148,0.00153,0.00000,-2.50499,-2.00645,0.08283
67.8227,-0.02148,0.00153,0.00000,-2.50499,-2.00645,0.08283
67.8450,-0.02148,0.00153,0.00000,-2.50499,-2.00645,0.08283
67.8682,-0.02148,0.00153,0.00000,-2.50499,-2.00645,0.08283
67.8921,-0.02148,0.00153,0.00000,-2.50499,-2.00645,0.08283
67.9141,-0.02148,0.00153,0.00000,-2.50499,-2.00645,0.08283
67.9406,-0.02148,0.00153,0.00000,-2.50499,-2.00645,0.08283
67.9644,-0.02148,0.00153,0.00000,-2.50499,-2.00645,0.08283
67.9916,-0.02148,0.00153,0.00000,-2.50499,-2.00645,0.08283
68.0154,-0.02148,0.00153,0.00000,-2.50499,-2.00645,0.08283
68.0406,-0.02148,0.00153,0.00000,-2.50499,-2.00645,0.08283
68.0626,-0.02148,0.00153,0.00000,-2.50499,-2.00645,0.08283
68.0920,-0.02148,0.00153,0.00000,-2.50499,-2.00645,0.08283
68.1151,-0.02148,0.00153,0.00000,-2.50499,-2.00645,0.08283
68.1427,-0.02148,0.00153,0.00000,-2.50499,-2.00645,0.08283
68.1665,-0.02148,0.00153,0.00000,-2.50499,-2.00645,0.08283
68.1889,-0.02148,0.00153,0.00000,-2.50499,-2.00645,0.08283
68.2121,-0.02148,0.00153,0.00000,-2.50499,-2.00645,0.08283
68.2343,-0.02148,0.00153,0.00000,-2.50499,-2.00645,0.08283
68.2581,-0.02148,0.00153,0.00000,-2.50499,-2.00645,0.08283
68.2822,-0.02148,0.00153,0.00000,-2.50499,-2.00645,0.08283
68.3062,-0.02148,0.00153,0.00000,-2.50499,-2.00645,0.08283
68.3283,-0.02148,0.00153,0.00000,-2.50499,-2.00645,0.08283
68.3518,-0.02148,0.00153,0.00000,-2.50499,-2.00645,0.08283
68.3735,-0.02148,0.00153,0.00000,-2.50499,-2.00645,0.08283
68.3963,-0.02148,0.00153,0.00000,-2.50499,-2.00645,0.08283
68.4193,-0.02148,0.00153,0.00000,-2.50499,-2.00645,0.08283
68.4425,-0.02148,0.00153,0.00000,-2.50499,-2.00645,0.08283
68.4649,-0.02148,0.00153,0.00000,-2.50499,-2.00645,0.08283
68.4876,-0.02148,0.00153,0.00000,-2.50499,-2.00645,0.08283
68.5104,-0.02148,0.00153,0.00000,-2.50499,-2.00645,0.08283
68.5325,-0.02148,0.00153,0.00000,-2.50499,-2.00645,0.08283
68.5598,-0.02148,0.00153,0.00000,-2.50499,-2.00645,0.08283
68.5842,-0.02148,0.00153,0.00000,-2.50499,-2.00645,0.08283
68.6076,-0.02148,0.00153,0.00000,-2.50499,-2.00645,0.08283
68.6318,-0.02148,0.00153,0.00000,-2.50499,-2.00645,0.08283
68.6548,-0.02148,0.00153,0.00000,-2.50499,-2.00645,0.08283
68.6772,-0.02148,0.00153,0.00000,-2.50499,-2.00645,0.08283
68.7024,-0.02148,0.00153,0.00000,-2.50499,-2.00645,0.08283
68.7260,-0.02148,0.00153,0.00000,-2.50499,-2.00645,0.08283
68.7492,-0.02148,0.00153,0.00000,-2.50499,-2.00645,0.08283
68.7764,-0.02148,0.00153,0.00000,-2.50499,-2.00645,0.08283
68.7988,-0.02148,0.00153,0.00000,-2.50499,-2.00645,0.08283
68.8231,-0.02148,0.00153,0.00000,-2.50499,-2.00645,0.08283
68.8460,-0.02148,0.00153,0.00000,-2.50499,-2.00645,0.08283
68.8711,-0.02148,0.00153,0.00000,-2.50499,-2.00645,0.08283
68.8953,-0.02148,0.00153,0.00000,-2.50499,-2.00645,0.08283
68.9177,-0.02148,0.00153,0.00000,-2.50499,-2.00645,0.08283
68.9400,-0.02148,0.00153,0.00000,-2.50499,-2.00645,0.08283
68.9636,-0.02148,0.00153,0.00000,-2.50499,-2.00645,0.08283
68.9879,-0.02148,0.00153,0.00000,-2.50499,-2.00645,0.08283
69.0100,-0.02148,0.00153,0.00000,-2.50499,-2.00645,0.08283
69.0341,-0.02148,0.00153,0.00000,-2.50499,-2.00645,0.08283
69.0593,-0.02148,0.00153,0.00000,-2.50499,-2.00645,0.08283
69.0827,-0.02148,0.00153,0.00000,-2.50499,-2.00645,0.08283
69.1091,-0.02148,0.00153,0.00000,-2.50499,-2.00645,0.08283
69.1323,-0.02148,0.00153,0.00000,-2.50499,-2.00645,0.08283
69.1592,-0.02148,0.00153,0.00000,-2.50499,-2.00645,0.08283
69.1823,-0.02148,0.00153,0.00000,-2.50499,-2.00645,0.08283
69.2059,-0.02148,0.00153,0.00000,-2.50499,-2.00645,0.08283
69.2297,-0.02148,0.00153,0.00000,-2.50499,-2.00645,0.08283
69.2556,-0.02148,0.00153,0.00000,-2.50499,-2.00645,0.08283
69.2781,-0.02148,0.00153,0.00000,-2.50499,-2.00645,0.08283
69.3010,-0.02148,0.00153,0.00000,-2.50499,-2.00645,0.08283
69.3251,-0.02148,0.00153,0.00000,-2.50499,-2.00645,0.08283
69.3482,-0.02148,0.00153,0.00000,-2.50499,-2.00645,0.08283
69.3707,-0.02148,0.00153,0.00000,-2.50499,-2.00645,0.08283
69.3938,-0.02148,0.00153,0.00000,-2.50499,-2.00645,0.08283
69.4167,-0.02148,0.00153,0.00000,-2.50499,-2.00645,0.08283
69.4420,-0.02148,0.00153,0.00000,-2.50499,-2.00645,0.08283
69.4658,-0.02148,0.00153,0.00000,-2.50499,-2.00645,0.08283
69.4890,-0.02148,0.00153,0.00000,-2.50499,-2.00645,0.08283
69.5114,-0.02148,0.00153,0.00000,-2.50499,-2.00645,0.08283
69.5354,-0.02148,0.00153,0.00000,-2.50499,-2.00645,0.08283
69.5584,-0.02148,0.00153,0.00000,-2.50499,-2.00645,0.08283
69.5812,-0.02148,0.00153,0.00000,-2.50499,-2.00645,0.08283
69.6034,-0.02148,0.00153,0.00000,-2.50499,-2.00645,0.08283
69.6277,-0.02148,0.00153,0.00000,-2.50499,-2.00645,0.08283
69.6503,-0.02148,0.00153,0.00000,-2.50499,-2.00645,0.08283
69.6728,-0.02148,0.00153,0.00000,-2.50499,-2.00645,0.08283
69.6964,-0.02148,0.00153,0.00000,-2.50499,-2.00645,0.08283
69.7199,-0.02148,0.00153,0.00000,-2.50499,-2.00645,0.08283
69.7429,-0.02148,0.00153,0.00000,-2.50499,-2.00645,0.08283
69.7669,-0.02148,0.00153,0.00000,-2.50499,-2.00645,0.08283
69.7926,-0.02148,0.00153,0.00000,-2.50499,-2.00645,0.08283
69.8145,-0.02148,0.00153,0.00000,-2.50499,-2.00645,0.08283
69.8392,-0.02148,0.00153,0.00000,-2.50499,-2.00645,0.08283
69.8623,-0.02148,0.00153,0.00000,-2.50499,-2.00645,0.08283
69.8856,-0.02148,0.00153,0.00000,-2.50499,-2.00491,0.08283
69.9107,-0.02148,0.00153,0.00000,-2.50499,-2.00491,0.08283
69.9331,-0.02148,0.00153,0.00000,-2.50499,-2.00491,0.08283
69.9558,-0.02148,0.00153,0.00000,-2.50499,-2.00491,0.08283
69.9795,-0.02148,0.00153,0.00000,-2.50499,-2.00491,0.08283
70.0072,-0.02148,0.00153,0.00000,-2.50499,-2.00491,0.08283
70.0324,-0.02148,0.00153,0.00000,-2.50499,-2.00491,0.08283
70.0576,-0.02148,0.00153,0.00000,-2.50499,-2.00491,0.08283
70.0805,-0.02148,0.00153,0.00000,-2.50499,-2.00491,0.08283
70.1057,-0.02148,0.00153,0.00000,-2.50499,-2.00491,0.08283
70.1286,-0.02148,0.00153,0.00000,-2.50499,-2.00491,0.08283
70.1503,-0.02148,0.00153,0.00000,-2.50499,-2.00491,0.08283
70.1724,-0.02148,0.00153,0.00000,-2.50499,-2.00491,0.08283
70.1946,-0.02148,0.00153,0.00000,-2.50499,-2.00491,0.08283
70.2179,-0.02148,0.00153,0.00000,-2.50499,-2.00491,0.08283
70.2450,-0.02148,0.00153,0.00000,-2.50499,-2.00491,0.08283
70.2681,-0.02148,0.00153,0.00000,-2.50499,-2.00491,0.08283
70.2913,-0.02148,0.00153,0.00000,-2.50499,-2.00491,0.08283
70.3127,-0.02148,0.00153,0.00000,-2.50499,-2.00491,0.08283
70.3375,-0.02148,0.00153,0.00000,-2.50499,-2.00491,0.08283
70.3594,-0.02148,0.00153,0.00000,-2.50499,-2.00491,0.08283
70.3823,-0.02148,0.00153,0.00000,-2.50499,-2.00491,0.08283
70.4059,-0.02148,0.00153,0.00000,-2.50499,-2.00491,0.08283
70.4277,-0.02148,0.00153,0.00000,-2.50499,-2.00491,0.08283
70.4504,-0.02148,0.00153,0.00000,-2.50499,-2.00491,0.08283
70.4771,-0.02148,0.00153,0.00000,-2.50499,-2.00491,0.08283
70.4989,-0.02148,0.00153,0.00000,-2.50499,-2.00491,0.08283
70.5214,-0.02148,0.00153,0.00000,-2.50499,-2.00491,0.08283
70.5457,-0.02148,0.00153,0.00000,-2.50499,-2.00491,0.08283
70.5689,-0.02148,0.00153,0.00000,-2.50499,-2.00491,0.08283
70.5952,-0.02148,0.00153,0.00000,-2.50499,-2.00491,0.08283
70.6177,-0.02148,0.00153,0.00000,-2.50499,-2.00491,0.08283
70.6430,-0.02148,0.00153,0.00000,-2.50499,-2.00491,0.08283
70.6655,-0.02148,0.00153,0.00000,-2.50499,-2.00491,0.08283
70.6898,-0.02148,0.00153,0.00000,-2.50499,-2.00491,0.08283
70.7149,-0.02148,0.00153,0.00000,-2.50499,-2.00491,0.08283
70.7415,-0.02148,0.00153,0.00000,-2.50499,-2.00491,0.08283
70.7634,-0.02148,0.00153,0.00000,-2.50499,-2.00491,0.08283
70.7858,-0.02148,0.00153,0.00000,-2.50499,-2.00491,0.08283
70.8120,-0.02148,0.00153,0.00000,-2.50499,-2.00491,0.08283
70.8350,-0.02148,0.00153,0.00000,-2.50499,-2.00491,0.08283
70.8578,-0.02148,0.00153,0.00000,-2.50499,-2.00491,0.08283
70.8824,-0.02148,0.00153,0.00000,-2.50499,-2.00491,0.08283
70.9072,-0.02148,0.00153,0.00000,-2.50499,-2.00491,0.08283
70.9290,-0.02148,0.00153,0.00000,-2.50499,-2.00491,0.08283
70.9544,-0.02148,0.00153,0.00000,-2.50499,-2.00491,0.08283
70.9777,-0.02148,0.00153,0.00000,-2.50499,-2.00491,0.08283
71.0005,-0.02148,0.00153,0.00000,-2.50499,-2.00491,0.08283
71.0228,-0.02148,0.00153,0.00000,-2.50499,-2.00491,0.08283
71.0466,-0.02148,0.00153,0.00000,-2.50499,-2.00491,0.08283
71.0701,-0.02148,0.00153,0.00000,-2.50499,-2.00491,0.08283
71.0936,-0.02148,0.00153,0.00000,-2.50499,-2.00491,0.08283
71.1160,-0.02148,0.00153,0.00000,-2.50499,-2.00491,0.08283
71.1432,-0.02148,0.00153,0.00000,-2.50499,-2.00491,0.08283
71.2248,-0.02148,0.00153,0.00000,-2.50499,-2.00491,0.08283
